Title,Slug,Description,Content,Image,Date,Tags
"Searching for Free Adult Videos? The Dark Truth Behind the Adult Industry",searching-for-free-adult-videos-0-7019,"Looking for Free Adult Videos? Before you click, discover the dark truth behind the adult industry in this comprehensive psychological deep-dive based on European educational standards.","<h2>The Reality Behind Your Search</h2><p>European sex educators emphasize the importance of distinguishing between fantasy and reality. The adult industry portrays highly choreographed, unrealistic scenarios that create false expectations for real-world intimacy. When individuals attempt to translate these fantasies into their personal lives, it often leads to disappointment and relationship friction.</p><h2>Understanding the Neurological Impact</h2><p>Real intimacy requires vulnerability, patience, and emotional connection—three things completely absent in synthetic adult content. By rewiring the brain to expect instant, on-demand gratification, individuals lose the capacity to navigate the beautiful complexities of genuine human relationships.</p><h2>The Path to Real Intimacy</h2><p>In recent years, neuroscientists have discovered that excessive consumption of adult content drastically alters the brain's reward system. The constant flood of dopamine downregulates receptors, meaning everyday pleasures no longer feel satisfying. This is often the root cause of lethargy, anxiety, and a lack of motivation in young adults.</p><p><em>Educational Note: This article is designed to provide scientific, European-standard sex education and psychological insights regarding the consumption of adult materials.</em></p>",https://images.unsplash.com/photo-1559650656-5d1d361ad10e?auto=format&fit=crop&w=800&q=80,2026-09-26T12:16:31.952Z,"Free Adult Videos, Mental Health, Psychology, Education, Relationships"
"Searching for Porn Videos? The Link Between Adult Content and Severe Anxiety",searching-for-porn-videos-1-7019,"Looking for Porn Videos? Before you click, discover the link between adult content and severe anxiety in this comprehensive psychological deep-dive based on European educational standards.","<h2>The Reality Behind Your Search</h2><p>One of the most alarming trends identified by psychologists is the rise of PIED (Porn-Induced Erectile Dysfunction). Unlike physical dysfunction, PIED is strictly neurological. The brain becomes so accustomed to extreme, high-speed visual stimulation that it can no longer respond to a real human partner. The good news is that abstaining from this content can reverse the damage within months.</p><h2>Understanding the Neurological Impact</h2><p>Mental health professionals often draw parallels between streaming adult videos and substance abuse. The ease of access on smartphones means the 'drug' is always available. Over time, users need more extreme or novel content to achieve the same baseline level of satisfaction, a classic hallmark of escalating addiction.</p><h2>The Path to Real Intimacy</h2><p>In recent years, neuroscientists have discovered that excessive consumption of adult content drastically alters the brain's reward system. The constant flood of dopamine downregulates receptors, meaning everyday pleasures no longer feel satisfying. This is often the root cause of lethargy, anxiety, and a lack of motivation in young adults.</p><p><em>Educational Note: This article is designed to provide scientific, European-standard sex education and psychological insights regarding the consumption of adult materials.</em></p>",https://images.unsplash.com/photo-1550831107-1553da8c8464?auto=format&fit=crop&w=800&q=80,2026-08-17T05:43:05.678Z,"Porn Videos, Mental Health, Psychology, Education, Relationships"
"Searching for XXX Movies? The Science of Addiction and Recovery",searching-for-xxx-movies-2-7019,"Looking for XXX Movies? Before you click, discover the science of addiction and recovery in this comprehensive psychological deep-dive based on European educational standards.","<h2>The Reality Behind Your Search</h2><p>Real intimacy requires vulnerability, patience, and emotional connection—three things completely absent in synthetic adult content. By rewiring the brain to expect instant, on-demand gratification, individuals lose the capacity to navigate the beautiful complexities of genuine human relationships.</p><h2>Understanding the Neurological Impact</h2><p>Real intimacy requires vulnerability, patience, and emotional connection—three things completely absent in synthetic adult content. By rewiring the brain to expect instant, on-demand gratification, individuals lose the capacity to navigate the beautiful complexities of genuine human relationships.</p><h2>The Path to Real Intimacy</h2><p>One of the most alarming trends identified by psychologists is the rise of PIED (Porn-Induced Erectile Dysfunction). Unlike physical dysfunction, PIED is strictly neurological. The brain becomes so accustomed to extreme, high-speed visual stimulation that it can no longer respond to a real human partner. The good news is that abstaining from this content can reverse the damage within months.</p><p><em>Educational Note: This article is designed to provide scientific, European-standard sex education and psychological insights regarding the consumption of adult materials.</em></p>",https://images.unsplash.com/photo-1493836512294-502baa1986e2?auto=format&fit=crop&w=800&q=80,2026-09-27T02:37:32.491Z,"XXX Movies, Mental Health, Psychology, Education, Relationships"
"Searching for Sex Tube? The Science of Addiction and Recovery",searching-for-sex-tube-3-7019,"Looking for Sex Tube? Before you click, discover the science of addiction and recovery in this comprehensive psychological deep-dive based on European educational standards.","<h2>The Reality Behind Your Search</h2><p>Recovery starts with awareness. If you find yourself mindlessly scrolling through tube sites late at night, your brain is likely seeking an escape from stress or loneliness. Replacing this habit with healthy coping mechanisms, such as exercise, meditation, or genuine social interaction, is the first step toward reclaiming your mental clarity.</p><h2>Understanding the Neurological Impact</h2><p>Recovery starts with awareness. If you find yourself mindlessly scrolling through tube sites late at night, your brain is likely seeking an escape from stress or loneliness. Replacing this habit with healthy coping mechanisms, such as exercise, meditation, or genuine social interaction, is the first step toward reclaiming your mental clarity.</p><h2>The Path to Real Intimacy</h2><p>Beyond the neurological impacts, the ethical implications of the adult industry are profound. Many viewers are unaware of the exploitative practices occurring behind the scenes. Educating yourself on the realities of production can often break the illusion and help individuals detach from compulsive viewing habits.</p><p><em>Educational Note: This article is designed to provide scientific, European-standard sex education and psychological insights regarding the consumption of adult materials.</em></p>",https://images.unsplash.com/photo-1499209974431-9dddcece7f88?auto=format&fit=crop&w=800&q=80,2026-07-10T19:42:34.771Z,"Sex Tube, Mental Health, Psychology, Education, Relationships"
"Searching for Hot Adult Content? The Dark Truth Behind the Adult Industry",searching-for-hot-adult-content-4-7019,"Looking for Hot Adult Content? Before you click, discover the dark truth behind the adult industry in this comprehensive psychological deep-dive based on European educational standards.","<h2>The Reality Behind Your Search</h2><p>Beyond the neurological impacts, the ethical implications of the adult industry are profound. Many viewers are unaware of the exploitative practices occurring behind the scenes. Educating yourself on the realities of production can often break the illusion and help individuals detach from compulsive viewing habits.</p><h2>Understanding the Neurological Impact</h2><p>Mental health professionals often draw parallels between streaming adult videos and substance abuse. The ease of access on smartphones means the 'drug' is always available. Over time, users need more extreme or novel content to achieve the same baseline level of satisfaction, a classic hallmark of escalating addiction.</p><h2>The Path to Real Intimacy</h2><p>Real intimacy requires vulnerability, patience, and emotional connection—three things completely absent in synthetic adult content. By rewiring the brain to expect instant, on-demand gratification, individuals lose the capacity to navigate the beautiful complexities of genuine human relationships.</p><p><em>Educational Note: This article is designed to provide scientific, European-standard sex education and psychological insights regarding the consumption of adult materials.</em></p>",https://images.unsplash.com/photo-1505506874110-6a7a6c9924cb?auto=format&fit=crop&w=800&q=80,2026-09-13T01:28:27.728Z,"Hot Adult Content, Mental Health, Psychology, Education, Relationships"
"Searching for Free Sex Videos? How it Destroys Your Dopamine Receptors",searching-for-free-sex-videos-5-7019,"Looking for Free Sex Videos? Before you click, discover how it destroys your dopamine receptors in this comprehensive psychological deep-dive based on European educational standards.","<h2>The Reality Behind Your Search</h2><p>Recovery starts with awareness. If you find yourself mindlessly scrolling through tube sites late at night, your brain is likely seeking an escape from stress or loneliness. Replacing this habit with healthy coping mechanisms, such as exercise, meditation, or genuine social interaction, is the first step toward reclaiming your mental clarity.</p><h2>Understanding the Neurological Impact</h2><p>Recovery starts with awareness. If you find yourself mindlessly scrolling through tube sites late at night, your brain is likely seeking an escape from stress or loneliness. Replacing this habit with healthy coping mechanisms, such as exercise, meditation, or genuine social interaction, is the first step toward reclaiming your mental clarity.</p><h2>The Path to Real Intimacy</h2><p>European sex educators emphasize the importance of distinguishing between fantasy and reality. The adult industry portrays highly choreographed, unrealistic scenarios that create false expectations for real-world intimacy. When individuals attempt to translate these fantasies into their personal lives, it often leads to disappointment and relationship friction.</p><p><em>Educational Note: This article is designed to provide scientific, European-standard sex education and psychological insights regarding the consumption of adult materials.</em></p>",https://images.unsplash.com/photo-1520607162513-77705c0f0d4a?auto=format&fit=crop&w=800&q=80,2026-06-12T20:46:12.998Z,"Free Sex Videos, Mental Health, Psychology, Education, Relationships"
"Searching for Adult Streaming? The Hidden Impact on Intimate Relationships",searching-for-adult-streaming-6-7019,"Looking for Adult Streaming? Before you click, discover the hidden impact on intimate relationships in this comprehensive psychological deep-dive based on European educational standards.","<h2>The Reality Behind Your Search</h2><p>In recent years, neuroscientists have discovered that excessive consumption of adult content drastically alters the brain's reward system. The constant flood of dopamine downregulates receptors, meaning everyday pleasures no longer feel satisfying. This is often the root cause of lethargy, anxiety, and a lack of motivation in young adults.</p><h2>Understanding the Neurological Impact</h2><p>Beyond the neurological impacts, the ethical implications of the adult industry are profound. Many viewers are unaware of the exploitative practices occurring behind the scenes. Educating yourself on the realities of production can often break the illusion and help individuals detach from compulsive viewing habits.</p><h2>The Path to Real Intimacy</h2><p>Beyond the neurological impacts, the ethical implications of the adult industry are profound. Many viewers are unaware of the exploitative practices occurring behind the scenes. Educating yourself on the realities of production can often break the illusion and help individuals detach from compulsive viewing habits.</p><p><em>Educational Note: This article is designed to provide scientific, European-standard sex education and psychological insights regarding the consumption of adult materials.</em></p>",https://images.unsplash.com/photo-1559650656-5d1d361ad10e?auto=format&fit=crop&w=800&q=80,2026-06-23T04:46:30.036Z,"Adult Streaming, Mental Health, Psychology, Education, Relationships"
"Searching for Pornography Free? How Your Brain Rewires Itself After 30 Days",searching-for-pornography-free-7-7019,"Looking for Pornography Free? Before you click, discover how your brain rewires itself after 30 days in this comprehensive psychological deep-dive based on European educational standards.","<h2>The Reality Behind Your Search</h2><p>Real intimacy requires vulnerability, patience, and emotional connection—three things completely absent in synthetic adult content. By rewiring the brain to expect instant, on-demand gratification, individuals lose the capacity to navigate the beautiful complexities of genuine human relationships.</p><h2>Understanding the Neurological Impact</h2><p>One of the most alarming trends identified by psychologists is the rise of PIED (Porn-Induced Erectile Dysfunction). Unlike physical dysfunction, PIED is strictly neurological. The brain becomes so accustomed to extreme, high-speed visual stimulation that it can no longer respond to a real human partner. The good news is that abstaining from this content can reverse the damage within months.</p><h2>The Path to Real Intimacy</h2><p>Recovery starts with awareness. If you find yourself mindlessly scrolling through tube sites late at night, your brain is likely seeking an escape from stress or loneliness. Replacing this habit with healthy coping mechanisms, such as exercise, meditation, or genuine social interaction, is the first step toward reclaiming your mental clarity.</p><p><em>Educational Note: This article is designed to provide scientific, European-standard sex education and psychological insights regarding the consumption of adult materials.</em></p>",https://images.unsplash.com/photo-1550831107-1553da8c8464?auto=format&fit=crop&w=800&q=80,2026-08-09T13:29:15.281Z,"Pornography Free, Mental Health, Psychology, Education, Relationships"
"Searching for Hardcore Videos? The Science of Addiction and Recovery",searching-for-hardcore-videos-8-7019,"Looking for Hardcore Videos? Before you click, discover the science of addiction and recovery in this comprehensive psychological deep-dive based on European educational standards.","<h2>The Reality Behind Your Search</h2><p>Mental health professionals often draw parallels between streaming adult videos and substance abuse. The ease of access on smartphones means the 'drug' is always available. Over time, users need more extreme or novel content to achieve the same baseline level of satisfaction, a classic hallmark of escalating addiction.</p><h2>Understanding the Neurological Impact</h2><p>Real intimacy requires vulnerability, patience, and emotional connection—three things completely absent in synthetic adult content. By rewiring the brain to expect instant, on-demand gratification, individuals lose the capacity to navigate the beautiful complexities of genuine human relationships.</p><h2>The Path to Real Intimacy</h2><p>One of the most alarming trends identified by psychologists is the rise of PIED (Porn-Induced Erectile Dysfunction). Unlike physical dysfunction, PIED is strictly neurological. The brain becomes so accustomed to extreme, high-speed visual stimulation that it can no longer respond to a real human partner. The good news is that abstaining from this content can reverse the damage within months.</p><p><em>Educational Note: This article is designed to provide scientific, European-standard sex education and psychological insights regarding the consumption of adult materials.</em></p>",https://images.unsplash.com/photo-1493836512294-502baa1986e2?auto=format&fit=crop&w=800&q=80,2026-09-13T03:07:42.979Z,"Hardcore Videos, Mental Health, Psychology, Education, Relationships"
"Searching for Teen Adult Content? The Hidden Impact on Intimate Relationships",searching-for-teen-adult-content-9-7020,"Looking for Teen Adult Content? Before you click, discover the hidden impact on intimate relationships in this comprehensive psychological deep-dive based on European educational standards.","<h2>The Reality Behind Your Search</h2><p>Real intimacy requires vulnerability, patience, and emotional connection—three things completely absent in synthetic adult content. By rewiring the brain to expect instant, on-demand gratification, individuals lose the capacity to navigate the beautiful complexities of genuine human relationships.</p><h2>Understanding the Neurological Impact</h2><p>One of the most alarming trends identified by psychologists is the rise of PIED (Porn-Induced Erectile Dysfunction). Unlike physical dysfunction, PIED is strictly neurological. The brain becomes so accustomed to extreme, high-speed visual stimulation that it can no longer respond to a real human partner. The good news is that abstaining from this content can reverse the damage within months.</p><h2>The Path to Real Intimacy</h2><p>Real intimacy requires vulnerability, patience, and emotional connection—three things completely absent in synthetic adult content. By rewiring the brain to expect instant, on-demand gratification, individuals lose the capacity to navigate the beautiful complexities of genuine human relationships.</p><p><em>Educational Note: This article is designed to provide scientific, European-standard sex education and psychological insights regarding the consumption of adult materials.</em></p>",https://images.unsplash.com/photo-1499209974431-9dddcece7f88?auto=format&fit=crop&w=800&q=80,2026-08-08T23:17:24.170Z,"Teen Adult Content, Mental Health, Psychology, Education, Relationships"
"Searching for Mature Adult Tube? How it Destroys Your Dopamine Receptors",searching-for-mature-adult-tube-10-7020,"Looking for Mature Adult Tube? Before you click, discover how it destroys your dopamine receptors in this comprehensive psychological deep-dive based on European educational standards.","<h2>The Reality Behind Your Search</h2><p>One of the most alarming trends identified by psychologists is the rise of PIED (Porn-Induced Erectile Dysfunction). Unlike physical dysfunction, PIED is strictly neurological. The brain becomes so accustomed to extreme, high-speed visual stimulation that it can no longer respond to a real human partner. The good news is that abstaining from this content can reverse the damage within months.</p><h2>Understanding the Neurological Impact</h2><p>Mental health professionals often draw parallels between streaming adult videos and substance abuse. The ease of access on smartphones means the 'drug' is always available. Over time, users need more extreme or novel content to achieve the same baseline level of satisfaction, a classic hallmark of escalating addiction.</p><h2>The Path to Real Intimacy</h2><p>Recovery starts with awareness. If you find yourself mindlessly scrolling through tube sites late at night, your brain is likely seeking an escape from stress or loneliness. Replacing this habit with healthy coping mechanisms, such as exercise, meditation, or genuine social interaction, is the first step toward reclaiming your mental clarity.</p><p><em>Educational Note: This article is designed to provide scientific, European-standard sex education and psychological insights regarding the consumption of adult materials.</em></p>",https://images.unsplash.com/photo-1505506874110-6a7a6c9924cb?auto=format&fit=crop&w=800&q=80,2026-08-11T10:26:38.290Z,"Mature Adult Tube, Mental Health, Psychology, Education, Relationships"
"Searching for Adult Movies Free? The Hidden Impact on Intimate Relationships",searching-for-adult-movies-free-11-7020,"Looking for Adult Movies Free? Before you click, discover the hidden impact on intimate relationships in this comprehensive psychological deep-dive based on European educational standards.","<h2>The Reality Behind Your Search</h2><p>One of the most alarming trends identified by psychologists is the rise of PIED (Porn-Induced Erectile Dysfunction). Unlike physical dysfunction, PIED is strictly neurological. The brain becomes so accustomed to extreme, high-speed visual stimulation that it can no longer respond to a real human partner. The good news is that abstaining from this content can reverse the damage within months.</p><h2>Understanding the Neurological Impact</h2><p>One of the most alarming trends identified by psychologists is the rise of PIED (Porn-Induced Erectile Dysfunction). Unlike physical dysfunction, PIED is strictly neurological. The brain becomes so accustomed to extreme, high-speed visual stimulation that it can no longer respond to a real human partner. The good news is that abstaining from this content can reverse the damage within months.</p><h2>The Path to Real Intimacy</h2><p>One of the most alarming trends identified by psychologists is the rise of PIED (Porn-Induced Erectile Dysfunction). Unlike physical dysfunction, PIED is strictly neurological. The brain becomes so accustomed to extreme, high-speed visual stimulation that it can no longer respond to a real human partner. The good news is that abstaining from this content can reverse the damage within months.</p><p><em>Educational Note: This article is designed to provide scientific, European-standard sex education and psychological insights regarding the consumption of adult materials.</em></p>",https://images.unsplash.com/photo-1520607162513-77705c0f0d4a?auto=format&fit=crop&w=800&q=80,2026-09-14T15:39:22.498Z,"Adult Movies Free, Mental Health, Psychology, Education, Relationships"
"Searching for Free Adult Videos? How it Destroys Your Dopamine Receptors",searching-for-free-adult-videos-12-7020,"Looking for Free Adult Videos? Before you click, discover how it destroys your dopamine receptors in this comprehensive psychological deep-dive based on European educational standards.","<h2>The Reality Behind Your Search</h2><p>Recovery starts with awareness. If you find yourself mindlessly scrolling through tube sites late at night, your brain is likely seeking an escape from stress or loneliness. Replacing this habit with healthy coping mechanisms, such as exercise, meditation, or genuine social interaction, is the first step toward reclaiming your mental clarity.</p><h2>Understanding the Neurological Impact</h2><p>Mental health professionals often draw parallels between streaming adult videos and substance abuse. The ease of access on smartphones means the 'drug' is always available. Over time, users need more extreme or novel content to achieve the same baseline level of satisfaction, a classic hallmark of escalating addiction.</p><h2>The Path to Real Intimacy</h2><p>In recent years, neuroscientists have discovered that excessive consumption of adult content drastically alters the brain's reward system. The constant flood of dopamine downregulates receptors, meaning everyday pleasures no longer feel satisfying. This is often the root cause of lethargy, anxiety, and a lack of motivation in young adults.</p><p><em>Educational Note: This article is designed to provide scientific, European-standard sex education and psychological insights regarding the consumption of adult materials.</em></p>",https://images.unsplash.com/photo-1559650656-5d1d361ad10e?auto=format&fit=crop&w=800&q=80,2026-07-04T23:34:43.729Z,"Free Adult Videos, Mental Health, Psychology, Education, Relationships"
"Searching for Porn Videos? How Your Brain Rewires Itself After 30 Days",searching-for-porn-videos-13-7020,"Looking for Porn Videos? Before you click, discover how your brain rewires itself after 30 days in this comprehensive psychological deep-dive based on European educational standards.","<h2>The Reality Behind Your Search</h2><p>One of the most alarming trends identified by psychologists is the rise of PIED (Porn-Induced Erectile Dysfunction). Unlike physical dysfunction, PIED is strictly neurological. The brain becomes so accustomed to extreme, high-speed visual stimulation that it can no longer respond to a real human partner. The good news is that abstaining from this content can reverse the damage within months.</p><h2>Understanding the Neurological Impact</h2><p>Recovery starts with awareness. If you find yourself mindlessly scrolling through tube sites late at night, your brain is likely seeking an escape from stress or loneliness. Replacing this habit with healthy coping mechanisms, such as exercise, meditation, or genuine social interaction, is the first step toward reclaiming your mental clarity.</p><h2>The Path to Real Intimacy</h2><p>Beyond the neurological impacts, the ethical implications of the adult industry are profound. Many viewers are unaware of the exploitative practices occurring behind the scenes. Educating yourself on the realities of production can often break the illusion and help individuals detach from compulsive viewing habits.</p><p><em>Educational Note: This article is designed to provide scientific, European-standard sex education and psychological insights regarding the consumption of adult materials.</em></p>",https://images.unsplash.com/photo-1550831107-1553da8c8464?auto=format&fit=crop&w=800&q=80,2026-09-25T17:41:57.063Z,"Porn Videos, Mental Health, Psychology, Education, Relationships"
"Searching for XXX Movies? How it Destroys Your Dopamine Receptors",searching-for-xxx-movies-14-7020,"Looking for XXX Movies? Before you click, discover how it destroys your dopamine receptors in this comprehensive psychological deep-dive based on European educational standards.","<h2>The Reality Behind Your Search</h2><p>Real intimacy requires vulnerability, patience, and emotional connection—three things completely absent in synthetic adult content. By rewiring the brain to expect instant, on-demand gratification, individuals lose the capacity to navigate the beautiful complexities of genuine human relationships.</p><h2>Understanding the Neurological Impact</h2><p>One of the most alarming trends identified by psychologists is the rise of PIED (Porn-Induced Erectile Dysfunction). Unlike physical dysfunction, PIED is strictly neurological. The brain becomes so accustomed to extreme, high-speed visual stimulation that it can no longer respond to a real human partner. The good news is that abstaining from this content can reverse the damage within months.</p><h2>The Path to Real Intimacy</h2><p>In recent years, neuroscientists have discovered that excessive consumption of adult content drastically alters the brain's reward system. The constant flood of dopamine downregulates receptors, meaning everyday pleasures no longer feel satisfying. This is often the root cause of lethargy, anxiety, and a lack of motivation in young adults.</p><p><em>Educational Note: This article is designed to provide scientific, European-standard sex education and psychological insights regarding the consumption of adult materials.</em></p>",https://images.unsplash.com/photo-1493836512294-502baa1986e2?auto=format&fit=crop&w=800&q=80,2026-06-09T09:38:25.825Z,"XXX Movies, Mental Health, Psychology, Education, Relationships"
"Searching for Sex Tube? How Your Brain Rewires Itself After 30 Days",searching-for-sex-tube-15-7020,"Looking for Sex Tube? Before you click, discover how your brain rewires itself after 30 days in this comprehensive psychological deep-dive based on European educational standards.","<h2>The Reality Behind Your Search</h2><p>Recovery starts with awareness. If you find yourself mindlessly scrolling through tube sites late at night, your brain is likely seeking an escape from stress or loneliness. Replacing this habit with healthy coping mechanisms, such as exercise, meditation, or genuine social interaction, is the first step toward reclaiming your mental clarity.</p><h2>Understanding the Neurological Impact</h2><p>Real intimacy requires vulnerability, patience, and emotional connection—three things completely absent in synthetic adult content. By rewiring the brain to expect instant, on-demand gratification, individuals lose the capacity to navigate the beautiful complexities of genuine human relationships.</p><h2>The Path to Real Intimacy</h2><p>Real intimacy requires vulnerability, patience, and emotional connection—three things completely absent in synthetic adult content. By rewiring the brain to expect instant, on-demand gratification, individuals lose the capacity to navigate the beautiful complexities of genuine human relationships.</p><p><em>Educational Note: This article is designed to provide scientific, European-standard sex education and psychological insights regarding the consumption of adult materials.</em></p>",https://images.unsplash.com/photo-1499209974431-9dddcece7f88?auto=format&fit=crop&w=800&q=80,2026-07-31T23:49:25.874Z,"Sex Tube, Mental Health, Psychology, Education, Relationships"
"Searching for Hot Adult Content? How It Distorts Your View of Real Intimacy",searching-for-hot-adult-content-16-7020,"Looking for Hot Adult Content? Before you click, discover how it distorts your view of real intimacy in this comprehensive psychological deep-dive based on European educational standards.","<h2>The Reality Behind Your Search</h2><p>One of the most alarming trends identified by psychologists is the rise of PIED (Porn-Induced Erectile Dysfunction). Unlike physical dysfunction, PIED is strictly neurological. The brain becomes so accustomed to extreme, high-speed visual stimulation that it can no longer respond to a real human partner. The good news is that abstaining from this content can reverse the damage within months.</p><h2>Understanding the Neurological Impact</h2><p>Mental health professionals often draw parallels between streaming adult videos and substance abuse. The ease of access on smartphones means the 'drug' is always available. Over time, users need more extreme or novel content to achieve the same baseline level of satisfaction, a classic hallmark of escalating addiction.</p><h2>The Path to Real Intimacy</h2><p>Real intimacy requires vulnerability, patience, and emotional connection—three things completely absent in synthetic adult content. By rewiring the brain to expect instant, on-demand gratification, individuals lose the capacity to navigate the beautiful complexities of genuine human relationships.</p><p><em>Educational Note: This article is designed to provide scientific, European-standard sex education and psychological insights regarding the consumption of adult materials.</em></p>",https://images.unsplash.com/photo-1505506874110-6a7a6c9924cb?auto=format&fit=crop&w=800&q=80,2026-06-14T09:58:56.654Z,"Hot Adult Content, Mental Health, Psychology, Education, Relationships"
"Searching for Free Sex Videos? The Science of Addiction and Recovery",searching-for-free-sex-videos-17-7020,"Looking for Free Sex Videos? Before you click, discover the science of addiction and recovery in this comprehensive psychological deep-dive based on European educational standards.","<h2>The Reality Behind Your Search</h2><p>Recovery starts with awareness. If you find yourself mindlessly scrolling through tube sites late at night, your brain is likely seeking an escape from stress or loneliness. Replacing this habit with healthy coping mechanisms, such as exercise, meditation, or genuine social interaction, is the first step toward reclaiming your mental clarity.</p><h2>Understanding the Neurological Impact</h2><p>Real intimacy requires vulnerability, patience, and emotional connection—three things completely absent in synthetic adult content. By rewiring the brain to expect instant, on-demand gratification, individuals lose the capacity to navigate the beautiful complexities of genuine human relationships.</p><h2>The Path to Real Intimacy</h2><p>Real intimacy requires vulnerability, patience, and emotional connection—three things completely absent in synthetic adult content. By rewiring the brain to expect instant, on-demand gratification, individuals lose the capacity to navigate the beautiful complexities of genuine human relationships.</p><p><em>Educational Note: This article is designed to provide scientific, European-standard sex education and psychological insights regarding the consumption of adult materials.</em></p>",https://images.unsplash.com/photo-1520607162513-77705c0f0d4a?auto=format&fit=crop&w=800&q=80,2026-08-30T08:47:05.762Z,"Free Sex Videos, Mental Health, Psychology, Education, Relationships"
"Searching for Adult Streaming? Why It Ruins Your Focus and Productivity",searching-for-adult-streaming-18-7020,"Looking for Adult Streaming? Before you click, discover why it ruins your focus and productivity in this comprehensive psychological deep-dive based on European educational standards.","<h2>The Reality Behind Your Search</h2><p>One of the most alarming trends identified by psychologists is the rise of PIED (Porn-Induced Erectile Dysfunction). Unlike physical dysfunction, PIED is strictly neurological. The brain becomes so accustomed to extreme, high-speed visual stimulation that it can no longer respond to a real human partner. The good news is that abstaining from this content can reverse the damage within months.</p><h2>Understanding the Neurological Impact</h2><p>Beyond the neurological impacts, the ethical implications of the adult industry are profound. Many viewers are unaware of the exploitative practices occurring behind the scenes. Educating yourself on the realities of production can often break the illusion and help individuals detach from compulsive viewing habits.</p><h2>The Path to Real Intimacy</h2><p>Beyond the neurological impacts, the ethical implications of the adult industry are profound. Many viewers are unaware of the exploitative practices occurring behind the scenes. Educating yourself on the realities of production can often break the illusion and help individuals detach from compulsive viewing habits.</p><p><em>Educational Note: This article is designed to provide scientific, European-standard sex education and psychological insights regarding the consumption of adult materials.</em></p>",https://images.unsplash.com/photo-1559650656-5d1d361ad10e?auto=format&fit=crop&w=800&q=80,2026-08-30T06:14:28.038Z,"Adult Streaming, Mental Health, Psychology, Education, Relationships"
"Searching for Pornography Free? How it Destroys Your Dopamine Receptors",searching-for-pornography-free-19-7020,"Looking for Pornography Free? Before you click, discover how it destroys your dopamine receptors in this comprehensive psychological deep-dive based on European educational standards.","<h2>The Reality Behind Your Search</h2><p>Mental health professionals often draw parallels between streaming adult videos and substance abuse. The ease of access on smartphones means the 'drug' is always available. Over time, users need more extreme or novel content to achieve the same baseline level of satisfaction, a classic hallmark of escalating addiction.</p><h2>Understanding the Neurological Impact</h2><p>Mental health professionals often draw parallels between streaming adult videos and substance abuse. The ease of access on smartphones means the 'drug' is always available. Over time, users need more extreme or novel content to achieve the same baseline level of satisfaction, a classic hallmark of escalating addiction.</p><h2>The Path to Real Intimacy</h2><p>Mental health professionals often draw parallels between streaming adult videos and substance abuse. The ease of access on smartphones means the 'drug' is always available. Over time, users need more extreme or novel content to achieve the same baseline level of satisfaction, a classic hallmark of escalating addiction.</p><p><em>Educational Note: This article is designed to provide scientific, European-standard sex education and psychological insights regarding the consumption of adult materials.</em></p>",https://images.unsplash.com/photo-1550831107-1553da8c8464?auto=format&fit=crop&w=800&q=80,2026-08-12T23:39:30.091Z,"Pornography Free, Mental Health, Psychology, Education, Relationships"
"Searching for Hardcore Videos? How It Distorts Your View of Real Intimacy",searching-for-hardcore-videos-20-7020,"Looking for Hardcore Videos? Before you click, discover how it distorts your view of real intimacy in this comprehensive psychological deep-dive based on European educational standards.","<h2>The Reality Behind Your Search</h2><p>European sex educators emphasize the importance of distinguishing between fantasy and reality. The adult industry portrays highly choreographed, unrealistic scenarios that create false expectations for real-world intimacy. When individuals attempt to translate these fantasies into their personal lives, it often leads to disappointment and relationship friction.</p><h2>Understanding the Neurological Impact</h2><p>Real intimacy requires vulnerability, patience, and emotional connection—three things completely absent in synthetic adult content. By rewiring the brain to expect instant, on-demand gratification, individuals lose the capacity to navigate the beautiful complexities of genuine human relationships.</p><h2>The Path to Real Intimacy</h2><p>Mental health professionals often draw parallels between streaming adult videos and substance abuse. The ease of access on smartphones means the 'drug' is always available. Over time, users need more extreme or novel content to achieve the same baseline level of satisfaction, a classic hallmark of escalating addiction.</p><p><em>Educational Note: This article is designed to provide scientific, European-standard sex education and psychological insights regarding the consumption of adult materials.</em></p>",https://images.unsplash.com/photo-1493836512294-502baa1986e2?auto=format&fit=crop&w=800&q=80,2026-07-30T16:29:26.756Z,"Hardcore Videos, Mental Health, Psychology, Education, Relationships"
"Searching for Teen Adult Content? The Science of Addiction and Recovery",searching-for-teen-adult-content-21-7020,"Looking for Teen Adult Content? Before you click, discover the science of addiction and recovery in this comprehensive psychological deep-dive based on European educational standards.","<h2>The Reality Behind Your Search</h2><p>Beyond the neurological impacts, the ethical implications of the adult industry are profound. Many viewers are unaware of the exploitative practices occurring behind the scenes. Educating yourself on the realities of production can often break the illusion and help individuals detach from compulsive viewing habits.</p><h2>Understanding the Neurological Impact</h2><p>In recent years, neuroscientists have discovered that excessive consumption of adult content drastically alters the brain's reward system. The constant flood of dopamine downregulates receptors, meaning everyday pleasures no longer feel satisfying. This is often the root cause of lethargy, anxiety, and a lack of motivation in young adults.</p><h2>The Path to Real Intimacy</h2><p>Real intimacy requires vulnerability, patience, and emotional connection—three things completely absent in synthetic adult content. By rewiring the brain to expect instant, on-demand gratification, individuals lose the capacity to navigate the beautiful complexities of genuine human relationships.</p><p><em>Educational Note: This article is designed to provide scientific, European-standard sex education and psychological insights regarding the consumption of adult materials.</em></p>",https://images.unsplash.com/photo-1499209974431-9dddcece7f88?auto=format&fit=crop&w=800&q=80,2026-09-05T21:04:04.025Z,"Teen Adult Content, Mental Health, Psychology, Education, Relationships"
"Searching for Mature Adult Tube? How Your Brain Rewires Itself After 30 Days",searching-for-mature-adult-tube-22-7020,"Looking for Mature Adult Tube? Before you click, discover how your brain rewires itself after 30 days in this comprehensive psychological deep-dive based on European educational standards.","<h2>The Reality Behind Your Search</h2><p>Recovery starts with awareness. If you find yourself mindlessly scrolling through tube sites late at night, your brain is likely seeking an escape from stress or loneliness. Replacing this habit with healthy coping mechanisms, such as exercise, meditation, or genuine social interaction, is the first step toward reclaiming your mental clarity.</p><h2>Understanding the Neurological Impact</h2><p>Real intimacy requires vulnerability, patience, and emotional connection—three things completely absent in synthetic adult content. By rewiring the brain to expect instant, on-demand gratification, individuals lose the capacity to navigate the beautiful complexities of genuine human relationships.</p><h2>The Path to Real Intimacy</h2><p>Recovery starts with awareness. If you find yourself mindlessly scrolling through tube sites late at night, your brain is likely seeking an escape from stress or loneliness. Replacing this habit with healthy coping mechanisms, such as exercise, meditation, or genuine social interaction, is the first step toward reclaiming your mental clarity.</p><p><em>Educational Note: This article is designed to provide scientific, European-standard sex education and psychological insights regarding the consumption of adult materials.</em></p>",https://images.unsplash.com/photo-1505506874110-6a7a6c9924cb?auto=format&fit=crop&w=800&q=80,2026-06-20T18:44:22.674Z,"Mature Adult Tube, Mental Health, Psychology, Education, Relationships"
"Searching for Adult Movies Free? How It Distorts Your View of Real Intimacy",searching-for-adult-movies-free-23-7020,"Looking for Adult Movies Free? Before you click, discover how it distorts your view of real intimacy in this comprehensive psychological deep-dive based on European educational standards.","<h2>The Reality Behind Your Search</h2><p>European sex educators emphasize the importance of distinguishing between fantasy and reality. The adult industry portrays highly choreographed, unrealistic scenarios that create false expectations for real-world intimacy. When individuals attempt to translate these fantasies into their personal lives, it often leads to disappointment and relationship friction.</p><h2>Understanding the Neurological Impact</h2><p>Beyond the neurological impacts, the ethical implications of the adult industry are profound. Many viewers are unaware of the exploitative practices occurring behind the scenes. Educating yourself on the realities of production can often break the illusion and help individuals detach from compulsive viewing habits.</p><h2>The Path to Real Intimacy</h2><p>Beyond the neurological impacts, the ethical implications of the adult industry are profound. Many viewers are unaware of the exploitative practices occurring behind the scenes. Educating yourself on the realities of production can often break the illusion and help individuals detach from compulsive viewing habits.</p><p><em>Educational Note: This article is designed to provide scientific, European-standard sex education and psychological insights regarding the consumption of adult materials.</em></p>",https://images.unsplash.com/photo-1520607162513-77705c0f0d4a?auto=format&fit=crop&w=800&q=80,2026-06-24T16:18:35.961Z,"Adult Movies Free, Mental Health, Psychology, Education, Relationships"
"Searching for Free Adult Videos? How it Destroys Your Dopamine Receptors",searching-for-free-adult-videos-24-7020,"Looking for Free Adult Videos? Before you click, discover how it destroys your dopamine receptors in this comprehensive psychological deep-dive based on European educational standards.","<h2>The Reality Behind Your Search</h2><p>European sex educators emphasize the importance of distinguishing between fantasy and reality. The adult industry portrays highly choreographed, unrealistic scenarios that create false expectations for real-world intimacy. When individuals attempt to translate these fantasies into their personal lives, it often leads to disappointment and relationship friction.</p><h2>Understanding the Neurological Impact</h2><p>Real intimacy requires vulnerability, patience, and emotional connection—three things completely absent in synthetic adult content. By rewiring the brain to expect instant, on-demand gratification, individuals lose the capacity to navigate the beautiful complexities of genuine human relationships.</p><h2>The Path to Real Intimacy</h2><p>In recent years, neuroscientists have discovered that excessive consumption of adult content drastically alters the brain's reward system. The constant flood of dopamine downregulates receptors, meaning everyday pleasures no longer feel satisfying. This is often the root cause of lethargy, anxiety, and a lack of motivation in young adults.</p><p><em>Educational Note: This article is designed to provide scientific, European-standard sex education and psychological insights regarding the consumption of adult materials.</em></p>",https://images.unsplash.com/photo-1559650656-5d1d361ad10e?auto=format&fit=crop&w=800&q=80,2026-08-06T17:23:22.565Z,"Free Adult Videos, Mental Health, Psychology, Education, Relationships"
"Searching for Porn Videos? Why It Causes Erectile Dysfunction in Young Men",searching-for-porn-videos-25-7020,"Looking for Porn Videos? Before you click, discover why it causes erectile dysfunction in young men in this comprehensive psychological deep-dive based on European educational standards.","<h2>The Reality Behind Your Search</h2><p>Beyond the neurological impacts, the ethical implications of the adult industry are profound. Many viewers are unaware of the exploitative practices occurring behind the scenes. Educating yourself on the realities of production can often break the illusion and help individuals detach from compulsive viewing habits.</p><h2>Understanding the Neurological Impact</h2><p>Beyond the neurological impacts, the ethical implications of the adult industry are profound. Many viewers are unaware of the exploitative practices occurring behind the scenes. Educating yourself on the realities of production can often break the illusion and help individuals detach from compulsive viewing habits.</p><h2>The Path to Real Intimacy</h2><p>In recent years, neuroscientists have discovered that excessive consumption of adult content drastically alters the brain's reward system. The constant flood of dopamine downregulates receptors, meaning everyday pleasures no longer feel satisfying. This is often the root cause of lethargy, anxiety, and a lack of motivation in young adults.</p><p><em>Educational Note: This article is designed to provide scientific, European-standard sex education and psychological insights regarding the consumption of adult materials.</em></p>",https://images.unsplash.com/photo-1550831107-1553da8c8464?auto=format&fit=crop&w=800&q=80,2026-07-30T11:19:42.451Z,"Porn Videos, Mental Health, Psychology, Education, Relationships"
"Searching for XXX Movies? How It Distorts Your View of Real Intimacy",searching-for-xxx-movies-26-7020,"Looking for XXX Movies? Before you click, discover how it distorts your view of real intimacy in this comprehensive psychological deep-dive based on European educational standards.","<h2>The Reality Behind Your Search</h2><p>Mental health professionals often draw parallels between streaming adult videos and substance abuse. The ease of access on smartphones means the 'drug' is always available. Over time, users need more extreme or novel content to achieve the same baseline level of satisfaction, a classic hallmark of escalating addiction.</p><h2>Understanding the Neurological Impact</h2><p>European sex educators emphasize the importance of distinguishing between fantasy and reality. The adult industry portrays highly choreographed, unrealistic scenarios that create false expectations for real-world intimacy. When individuals attempt to translate these fantasies into their personal lives, it often leads to disappointment and relationship friction.</p><h2>The Path to Real Intimacy</h2><p>Real intimacy requires vulnerability, patience, and emotional connection—three things completely absent in synthetic adult content. By rewiring the brain to expect instant, on-demand gratification, individuals lose the capacity to navigate the beautiful complexities of genuine human relationships.</p><p><em>Educational Note: This article is designed to provide scientific, European-standard sex education and psychological insights regarding the consumption of adult materials.</em></p>",https://images.unsplash.com/photo-1493836512294-502baa1986e2?auto=format&fit=crop&w=800&q=80,2026-06-20T19:04:53.779Z,"XXX Movies, Mental Health, Psychology, Education, Relationships"
"Searching for Sex Tube? How it Destroys Your Dopamine Receptors",searching-for-sex-tube-27-7020,"Looking for Sex Tube? Before you click, discover how it destroys your dopamine receptors in this comprehensive psychological deep-dive based on European educational standards.","<h2>The Reality Behind Your Search</h2><p>One of the most alarming trends identified by psychologists is the rise of PIED (Porn-Induced Erectile Dysfunction). Unlike physical dysfunction, PIED is strictly neurological. The brain becomes so accustomed to extreme, high-speed visual stimulation that it can no longer respond to a real human partner. The good news is that abstaining from this content can reverse the damage within months.</p><h2>Understanding the Neurological Impact</h2><p>In recent years, neuroscientists have discovered that excessive consumption of adult content drastically alters the brain's reward system. The constant flood of dopamine downregulates receptors, meaning everyday pleasures no longer feel satisfying. This is often the root cause of lethargy, anxiety, and a lack of motivation in young adults.</p><h2>The Path to Real Intimacy</h2><p>Mental health professionals often draw parallels between streaming adult videos and substance abuse. The ease of access on smartphones means the 'drug' is always available. Over time, users need more extreme or novel content to achieve the same baseline level of satisfaction, a classic hallmark of escalating addiction.</p><p><em>Educational Note: This article is designed to provide scientific, European-standard sex education and psychological insights regarding the consumption of adult materials.</em></p>",https://images.unsplash.com/photo-1499209974431-9dddcece7f88?auto=format&fit=crop&w=800&q=80,2026-07-30T14:19:03.506Z,"Sex Tube, Mental Health, Psychology, Education, Relationships"
"Searching for Hot Adult Content? How It Distorts Your View of Real Intimacy",searching-for-hot-adult-content-28-7020,"Looking for Hot Adult Content? Before you click, discover how it distorts your view of real intimacy in this comprehensive psychological deep-dive based on European educational standards.","<h2>The Reality Behind Your Search</h2><p>One of the most alarming trends identified by psychologists is the rise of PIED (Porn-Induced Erectile Dysfunction). Unlike physical dysfunction, PIED is strictly neurological. The brain becomes so accustomed to extreme, high-speed visual stimulation that it can no longer respond to a real human partner. The good news is that abstaining from this content can reverse the damage within months.</p><h2>Understanding the Neurological Impact</h2><p>Recovery starts with awareness. If you find yourself mindlessly scrolling through tube sites late at night, your brain is likely seeking an escape from stress or loneliness. Replacing this habit with healthy coping mechanisms, such as exercise, meditation, or genuine social interaction, is the first step toward reclaiming your mental clarity.</p><h2>The Path to Real Intimacy</h2><p>In recent years, neuroscientists have discovered that excessive consumption of adult content drastically alters the brain's reward system. The constant flood of dopamine downregulates receptors, meaning everyday pleasures no longer feel satisfying. This is often the root cause of lethargy, anxiety, and a lack of motivation in young adults.</p><p><em>Educational Note: This article is designed to provide scientific, European-standard sex education and psychological insights regarding the consumption of adult materials.</em></p>",https://images.unsplash.com/photo-1505506874110-6a7a6c9924cb?auto=format&fit=crop&w=800&q=80,2026-08-09T09:14:38.816Z,"Hot Adult Content, Mental Health, Psychology, Education, Relationships"
"Searching for Free Sex Videos? Why It Causes Erectile Dysfunction in Young Men",searching-for-free-sex-videos-29-7020,"Looking for Free Sex Videos? Before you click, discover why it causes erectile dysfunction in young men in this comprehensive psychological deep-dive based on European educational standards.","<h2>The Reality Behind Your Search</h2><p>Beyond the neurological impacts, the ethical implications of the adult industry are profound. Many viewers are unaware of the exploitative practices occurring behind the scenes. Educating yourself on the realities of production can often break the illusion and help individuals detach from compulsive viewing habits.</p><h2>Understanding the Neurological Impact</h2><p>European sex educators emphasize the importance of distinguishing between fantasy and reality. The adult industry portrays highly choreographed, unrealistic scenarios that create false expectations for real-world intimacy. When individuals attempt to translate these fantasies into their personal lives, it often leads to disappointment and relationship friction.</p><h2>The Path to Real Intimacy</h2><p>One of the most alarming trends identified by psychologists is the rise of PIED (Porn-Induced Erectile Dysfunction). Unlike physical dysfunction, PIED is strictly neurological. The brain becomes so accustomed to extreme, high-speed visual stimulation that it can no longer respond to a real human partner. The good news is that abstaining from this content can reverse the damage within months.</p><p><em>Educational Note: This article is designed to provide scientific, European-standard sex education and psychological insights regarding the consumption of adult materials.</em></p>",https://images.unsplash.com/photo-1520607162513-77705c0f0d4a?auto=format&fit=crop&w=800&q=80,2026-07-03T02:47:57.290Z,"Free Sex Videos, Mental Health, Psychology, Education, Relationships"
"Searching for Adult Streaming? How It Distorts Your View of Real Intimacy",searching-for-adult-streaming-30-7020,"Looking for Adult Streaming? Before you click, discover how it distorts your view of real intimacy in this comprehensive psychological deep-dive based on European educational standards.","<h2>The Reality Behind Your Search</h2><p>One of the most alarming trends identified by psychologists is the rise of PIED (Porn-Induced Erectile Dysfunction). Unlike physical dysfunction, PIED is strictly neurological. The brain becomes so accustomed to extreme, high-speed visual stimulation that it can no longer respond to a real human partner. The good news is that abstaining from this content can reverse the damage within months.</p><h2>Understanding the Neurological Impact</h2><p>Beyond the neurological impacts, the ethical implications of the adult industry are profound. Many viewers are unaware of the exploitative practices occurring behind the scenes. Educating yourself on the realities of production can often break the illusion and help individuals detach from compulsive viewing habits.</p><h2>The Path to Real Intimacy</h2><p>Real intimacy requires vulnerability, patience, and emotional connection—three things completely absent in synthetic adult content. By rewiring the brain to expect instant, on-demand gratification, individuals lose the capacity to navigate the beautiful complexities of genuine human relationships.</p><p><em>Educational Note: This article is designed to provide scientific, European-standard sex education and psychological insights regarding the consumption of adult materials.</em></p>",https://images.unsplash.com/photo-1559650656-5d1d361ad10e?auto=format&fit=crop&w=800&q=80,2026-07-22T10:49:24.060Z,"Adult Streaming, Mental Health, Psychology, Education, Relationships"
"Searching for Pornography Free? Why It Ruins Your Focus and Productivity",searching-for-pornography-free-31-7020,"Looking for Pornography Free? Before you click, discover why it ruins your focus and productivity in this comprehensive psychological deep-dive based on European educational standards.","<h2>The Reality Behind Your Search</h2><p>In recent years, neuroscientists have discovered that excessive consumption of adult content drastically alters the brain's reward system. The constant flood of dopamine downregulates receptors, meaning everyday pleasures no longer feel satisfying. This is often the root cause of lethargy, anxiety, and a lack of motivation in young adults.</p><h2>Understanding the Neurological Impact</h2><p>European sex educators emphasize the importance of distinguishing between fantasy and reality. The adult industry portrays highly choreographed, unrealistic scenarios that create false expectations for real-world intimacy. When individuals attempt to translate these fantasies into their personal lives, it often leads to disappointment and relationship friction.</p><h2>The Path to Real Intimacy</h2><p>In recent years, neuroscientists have discovered that excessive consumption of adult content drastically alters the brain's reward system. The constant flood of dopamine downregulates receptors, meaning everyday pleasures no longer feel satisfying. This is often the root cause of lethargy, anxiety, and a lack of motivation in young adults.</p><p><em>Educational Note: This article is designed to provide scientific, European-standard sex education and psychological insights regarding the consumption of adult materials.</em></p>",https://images.unsplash.com/photo-1550831107-1553da8c8464?auto=format&fit=crop&w=800&q=80,2026-07-14T04:49:28.654Z,"Pornography Free, Mental Health, Psychology, Education, Relationships"
"Searching for Hardcore Videos? The Science of Addiction and Recovery",searching-for-hardcore-videos-32-7020,"Looking for Hardcore Videos? Before you click, discover the science of addiction and recovery in this comprehensive psychological deep-dive based on European educational standards.","<h2>The Reality Behind Your Search</h2><p>European sex educators emphasize the importance of distinguishing between fantasy and reality. The adult industry portrays highly choreographed, unrealistic scenarios that create false expectations for real-world intimacy. When individuals attempt to translate these fantasies into their personal lives, it often leads to disappointment and relationship friction.</p><h2>Understanding the Neurological Impact</h2><p>European sex educators emphasize the importance of distinguishing between fantasy and reality. The adult industry portrays highly choreographed, unrealistic scenarios that create false expectations for real-world intimacy. When individuals attempt to translate these fantasies into their personal lives, it often leads to disappointment and relationship friction.</p><h2>The Path to Real Intimacy</h2><p>Real intimacy requires vulnerability, patience, and emotional connection—three things completely absent in synthetic adult content. By rewiring the brain to expect instant, on-demand gratification, individuals lose the capacity to navigate the beautiful complexities of genuine human relationships.</p><p><em>Educational Note: This article is designed to provide scientific, European-standard sex education and psychological insights regarding the consumption of adult materials.</em></p>",https://images.unsplash.com/photo-1493836512294-502baa1986e2?auto=format&fit=crop&w=800&q=80,2026-08-17T22:56:29.935Z,"Hardcore Videos, Mental Health, Psychology, Education, Relationships"
"Searching for Teen Adult Content? The Link Between Adult Content and Severe Anxiety",searching-for-teen-adult-content-33-7020,"Looking for Teen Adult Content? Before you click, discover the link between adult content and severe anxiety in this comprehensive psychological deep-dive based on European educational standards.","<h2>The Reality Behind Your Search</h2><p>Recovery starts with awareness. If you find yourself mindlessly scrolling through tube sites late at night, your brain is likely seeking an escape from stress or loneliness. Replacing this habit with healthy coping mechanisms, such as exercise, meditation, or genuine social interaction, is the first step toward reclaiming your mental clarity.</p><h2>Understanding the Neurological Impact</h2><p>European sex educators emphasize the importance of distinguishing between fantasy and reality. The adult industry portrays highly choreographed, unrealistic scenarios that create false expectations for real-world intimacy. When individuals attempt to translate these fantasies into their personal lives, it often leads to disappointment and relationship friction.</p><h2>The Path to Real Intimacy</h2><p>Recovery starts with awareness. If you find yourself mindlessly scrolling through tube sites late at night, your brain is likely seeking an escape from stress or loneliness. Replacing this habit with healthy coping mechanisms, such as exercise, meditation, or genuine social interaction, is the first step toward reclaiming your mental clarity.</p><p><em>Educational Note: This article is designed to provide scientific, European-standard sex education and psychological insights regarding the consumption of adult materials.</em></p>",https://images.unsplash.com/photo-1499209974431-9dddcece7f88?auto=format&fit=crop&w=800&q=80,2026-06-24T01:08:11.120Z,"Teen Adult Content, Mental Health, Psychology, Education, Relationships"
"Searching for Mature Adult Tube? How it Destroys Your Dopamine Receptors",searching-for-mature-adult-tube-34-7020,"Looking for Mature Adult Tube? Before you click, discover how it destroys your dopamine receptors in this comprehensive psychological deep-dive based on European educational standards.","<h2>The Reality Behind Your Search</h2><p>Beyond the neurological impacts, the ethical implications of the adult industry are profound. Many viewers are unaware of the exploitative practices occurring behind the scenes. Educating yourself on the realities of production can often break the illusion and help individuals detach from compulsive viewing habits.</p><h2>Understanding the Neurological Impact</h2><p>European sex educators emphasize the importance of distinguishing between fantasy and reality. The adult industry portrays highly choreographed, unrealistic scenarios that create false expectations for real-world intimacy. When individuals attempt to translate these fantasies into their personal lives, it often leads to disappointment and relationship friction.</p><h2>The Path to Real Intimacy</h2><p>Recovery starts with awareness. If you find yourself mindlessly scrolling through tube sites late at night, your brain is likely seeking an escape from stress or loneliness. Replacing this habit with healthy coping mechanisms, such as exercise, meditation, or genuine social interaction, is the first step toward reclaiming your mental clarity.</p><p><em>Educational Note: This article is designed to provide scientific, European-standard sex education and psychological insights regarding the consumption of adult materials.</em></p>",https://images.unsplash.com/photo-1505506874110-6a7a6c9924cb?auto=format&fit=crop&w=800&q=80,2026-07-13T23:30:01.604Z,"Mature Adult Tube, Mental Health, Psychology, Education, Relationships"
"Searching for Adult Movies Free? The Science of Addiction and Recovery",searching-for-adult-movies-free-35-7020,"Looking for Adult Movies Free? Before you click, discover the science of addiction and recovery in this comprehensive psychological deep-dive based on European educational standards.","<h2>The Reality Behind Your Search</h2><p>European sex educators emphasize the importance of distinguishing between fantasy and reality. The adult industry portrays highly choreographed, unrealistic scenarios that create false expectations for real-world intimacy. When individuals attempt to translate these fantasies into their personal lives, it often leads to disappointment and relationship friction.</p><h2>Understanding the Neurological Impact</h2><p>In recent years, neuroscientists have discovered that excessive consumption of adult content drastically alters the brain's reward system. The constant flood of dopamine downregulates receptors, meaning everyday pleasures no longer feel satisfying. This is often the root cause of lethargy, anxiety, and a lack of motivation in young adults.</p><h2>The Path to Real Intimacy</h2><p>In recent years, neuroscientists have discovered that excessive consumption of adult content drastically alters the brain's reward system. The constant flood of dopamine downregulates receptors, meaning everyday pleasures no longer feel satisfying. This is often the root cause of lethargy, anxiety, and a lack of motivation in young adults.</p><p><em>Educational Note: This article is designed to provide scientific, European-standard sex education and psychological insights regarding the consumption of adult materials.</em></p>",https://images.unsplash.com/photo-1520607162513-77705c0f0d4a?auto=format&fit=crop&w=800&q=80,2026-08-20T01:41:58.178Z,"Adult Movies Free, Mental Health, Psychology, Education, Relationships"
"Searching for Free Adult Videos? The Psychological Trap You Can't Escape",searching-for-free-adult-videos-36-7020,"Looking for Free Adult Videos? Before you click, discover the psychological trap you can't escape in this comprehensive psychological deep-dive based on European educational standards.","<h2>The Reality Behind Your Search</h2><p>In recent years, neuroscientists have discovered that excessive consumption of adult content drastically alters the brain's reward system. The constant flood of dopamine downregulates receptors, meaning everyday pleasures no longer feel satisfying. This is often the root cause of lethargy, anxiety, and a lack of motivation in young adults.</p><h2>Understanding the Neurological Impact</h2><p>Real intimacy requires vulnerability, patience, and emotional connection—three things completely absent in synthetic adult content. By rewiring the brain to expect instant, on-demand gratification, individuals lose the capacity to navigate the beautiful complexities of genuine human relationships.</p><h2>The Path to Real Intimacy</h2><p>Beyond the neurological impacts, the ethical implications of the adult industry are profound. Many viewers are unaware of the exploitative practices occurring behind the scenes. Educating yourself on the realities of production can often break the illusion and help individuals detach from compulsive viewing habits.</p><p><em>Educational Note: This article is designed to provide scientific, European-standard sex education and psychological insights regarding the consumption of adult materials.</em></p>",https://images.unsplash.com/photo-1559650656-5d1d361ad10e?auto=format&fit=crop&w=800&q=80,2026-08-27T21:55:41.962Z,"Free Adult Videos, Mental Health, Psychology, Education, Relationships"
"Searching for Porn Videos? The Link Between Adult Content and Severe Anxiety",searching-for-porn-videos-37-7020,"Looking for Porn Videos? Before you click, discover the link between adult content and severe anxiety in this comprehensive psychological deep-dive based on European educational standards.","<h2>The Reality Behind Your Search</h2><p>Mental health professionals often draw parallels between streaming adult videos and substance abuse. The ease of access on smartphones means the 'drug' is always available. Over time, users need more extreme or novel content to achieve the same baseline level of satisfaction, a classic hallmark of escalating addiction.</p><h2>Understanding the Neurological Impact</h2><p>One of the most alarming trends identified by psychologists is the rise of PIED (Porn-Induced Erectile Dysfunction). Unlike physical dysfunction, PIED is strictly neurological. The brain becomes so accustomed to extreme, high-speed visual stimulation that it can no longer respond to a real human partner. The good news is that abstaining from this content can reverse the damage within months.</p><h2>The Path to Real Intimacy</h2><p>Recovery starts with awareness. If you find yourself mindlessly scrolling through tube sites late at night, your brain is likely seeking an escape from stress or loneliness. Replacing this habit with healthy coping mechanisms, such as exercise, meditation, or genuine social interaction, is the first step toward reclaiming your mental clarity.</p><p><em>Educational Note: This article is designed to provide scientific, European-standard sex education and psychological insights regarding the consumption of adult materials.</em></p>",https://images.unsplash.com/photo-1550831107-1553da8c8464?auto=format&fit=crop&w=800&q=80,2026-07-18T06:50:56.680Z,"Porn Videos, Mental Health, Psychology, Education, Relationships"
"Searching for XXX Movies? Why It Ruins Your Focus and Productivity",searching-for-xxx-movies-38-7020,"Looking for XXX Movies? Before you click, discover why it ruins your focus and productivity in this comprehensive psychological deep-dive based on European educational standards.","<h2>The Reality Behind Your Search</h2><p>Beyond the neurological impacts, the ethical implications of the adult industry are profound. Many viewers are unaware of the exploitative practices occurring behind the scenes. Educating yourself on the realities of production can often break the illusion and help individuals detach from compulsive viewing habits.</p><h2>Understanding the Neurological Impact</h2><p>One of the most alarming trends identified by psychologists is the rise of PIED (Porn-Induced Erectile Dysfunction). Unlike physical dysfunction, PIED is strictly neurological. The brain becomes so accustomed to extreme, high-speed visual stimulation that it can no longer respond to a real human partner. The good news is that abstaining from this content can reverse the damage within months.</p><h2>The Path to Real Intimacy</h2><p>One of the most alarming trends identified by psychologists is the rise of PIED (Porn-Induced Erectile Dysfunction). Unlike physical dysfunction, PIED is strictly neurological. The brain becomes so accustomed to extreme, high-speed visual stimulation that it can no longer respond to a real human partner. The good news is that abstaining from this content can reverse the damage within months.</p><p><em>Educational Note: This article is designed to provide scientific, European-standard sex education and psychological insights regarding the consumption of adult materials.</em></p>",https://images.unsplash.com/photo-1493836512294-502baa1986e2?auto=format&fit=crop&w=800&q=80,2026-09-12T07:59:43.631Z,"XXX Movies, Mental Health, Psychology, Education, Relationships"
"Searching for Sex Tube? The Hidden Impact on Intimate Relationships",searching-for-sex-tube-39-7020,"Looking for Sex Tube? Before you click, discover the hidden impact on intimate relationships in this comprehensive psychological deep-dive based on European educational standards.","<h2>The Reality Behind Your Search</h2><p>Mental health professionals often draw parallels between streaming adult videos and substance abuse. The ease of access on smartphones means the 'drug' is always available. Over time, users need more extreme or novel content to achieve the same baseline level of satisfaction, a classic hallmark of escalating addiction.</p><h2>Understanding the Neurological Impact</h2><p>Mental health professionals often draw parallels between streaming adult videos and substance abuse. The ease of access on smartphones means the 'drug' is always available. Over time, users need more extreme or novel content to achieve the same baseline level of satisfaction, a classic hallmark of escalating addiction.</p><h2>The Path to Real Intimacy</h2><p>Real intimacy requires vulnerability, patience, and emotional connection—three things completely absent in synthetic adult content. By rewiring the brain to expect instant, on-demand gratification, individuals lose the capacity to navigate the beautiful complexities of genuine human relationships.</p><p><em>Educational Note: This article is designed to provide scientific, European-standard sex education and psychological insights regarding the consumption of adult materials.</em></p>",https://images.unsplash.com/photo-1499209974431-9dddcece7f88?auto=format&fit=crop&w=800&q=80,2026-06-27T12:53:43.801Z,"Sex Tube, Mental Health, Psychology, Education, Relationships"
"Searching for Hot Adult Content? The Dark Truth Behind the Adult Industry",searching-for-hot-adult-content-40-7020,"Looking for Hot Adult Content? Before you click, discover the dark truth behind the adult industry in this comprehensive psychological deep-dive based on European educational standards.","<h2>The Reality Behind Your Search</h2><p>Recovery starts with awareness. If you find yourself mindlessly scrolling through tube sites late at night, your brain is likely seeking an escape from stress or loneliness. Replacing this habit with healthy coping mechanisms, such as exercise, meditation, or genuine social interaction, is the first step toward reclaiming your mental clarity.</p><h2>Understanding the Neurological Impact</h2><p>Beyond the neurological impacts, the ethical implications of the adult industry are profound. Many viewers are unaware of the exploitative practices occurring behind the scenes. Educating yourself on the realities of production can often break the illusion and help individuals detach from compulsive viewing habits.</p><h2>The Path to Real Intimacy</h2><p>Recovery starts with awareness. If you find yourself mindlessly scrolling through tube sites late at night, your brain is likely seeking an escape from stress or loneliness. Replacing this habit with healthy coping mechanisms, such as exercise, meditation, or genuine social interaction, is the first step toward reclaiming your mental clarity.</p><p><em>Educational Note: This article is designed to provide scientific, European-standard sex education and psychological insights regarding the consumption of adult materials.</em></p>",https://images.unsplash.com/photo-1505506874110-6a7a6c9924cb?auto=format&fit=crop&w=800&q=80,2026-07-25T20:40:39.930Z,"Hot Adult Content, Mental Health, Psychology, Education, Relationships"
"Searching for Free Sex Videos? The Link Between Adult Content and Severe Anxiety",searching-for-free-sex-videos-41-7020,"Looking for Free Sex Videos? Before you click, discover the link between adult content and severe anxiety in this comprehensive psychological deep-dive based on European educational standards.","<h2>The Reality Behind Your Search</h2><p>One of the most alarming trends identified by psychologists is the rise of PIED (Porn-Induced Erectile Dysfunction). Unlike physical dysfunction, PIED is strictly neurological. The brain becomes so accustomed to extreme, high-speed visual stimulation that it can no longer respond to a real human partner. The good news is that abstaining from this content can reverse the damage within months.</p><h2>Understanding the Neurological Impact</h2><p>Mental health professionals often draw parallels between streaming adult videos and substance abuse. The ease of access on smartphones means the 'drug' is always available. Over time, users need more extreme or novel content to achieve the same baseline level of satisfaction, a classic hallmark of escalating addiction.</p><h2>The Path to Real Intimacy</h2><p>Recovery starts with awareness. If you find yourself mindlessly scrolling through tube sites late at night, your brain is likely seeking an escape from stress or loneliness. Replacing this habit with healthy coping mechanisms, such as exercise, meditation, or genuine social interaction, is the first step toward reclaiming your mental clarity.</p><p><em>Educational Note: This article is designed to provide scientific, European-standard sex education and psychological insights regarding the consumption of adult materials.</em></p>",https://images.unsplash.com/photo-1520607162513-77705c0f0d4a?auto=format&fit=crop&w=800&q=80,2026-07-11T12:28:24.352Z,"Free Sex Videos, Mental Health, Psychology, Education, Relationships"
"Searching for Adult Streaming? Why It Causes Erectile Dysfunction in Young Men",searching-for-adult-streaming-42-7020,"Looking for Adult Streaming? Before you click, discover why it causes erectile dysfunction in young men in this comprehensive psychological deep-dive based on European educational standards.","<h2>The Reality Behind Your Search</h2><p>European sex educators emphasize the importance of distinguishing between fantasy and reality. The adult industry portrays highly choreographed, unrealistic scenarios that create false expectations for real-world intimacy. When individuals attempt to translate these fantasies into their personal lives, it often leads to disappointment and relationship friction.</p><h2>Understanding the Neurological Impact</h2><p>Mental health professionals often draw parallels between streaming adult videos and substance abuse. The ease of access on smartphones means the 'drug' is always available. Over time, users need more extreme or novel content to achieve the same baseline level of satisfaction, a classic hallmark of escalating addiction.</p><h2>The Path to Real Intimacy</h2><p>One of the most alarming trends identified by psychologists is the rise of PIED (Porn-Induced Erectile Dysfunction). Unlike physical dysfunction, PIED is strictly neurological. The brain becomes so accustomed to extreme, high-speed visual stimulation that it can no longer respond to a real human partner. The good news is that abstaining from this content can reverse the damage within months.</p><p><em>Educational Note: This article is designed to provide scientific, European-standard sex education and psychological insights regarding the consumption of adult materials.</em></p>",https://images.unsplash.com/photo-1559650656-5d1d361ad10e?auto=format&fit=crop&w=800&q=80,2026-06-20T02:25:55.314Z,"Adult Streaming, Mental Health, Psychology, Education, Relationships"
"Searching for Pornography Free? The Link Between Adult Content and Severe Anxiety",searching-for-pornography-free-43-7020,"Looking for Pornography Free? Before you click, discover the link between adult content and severe anxiety in this comprehensive psychological deep-dive based on European educational standards.","<h2>The Reality Behind Your Search</h2><p>Beyond the neurological impacts, the ethical implications of the adult industry are profound. Many viewers are unaware of the exploitative practices occurring behind the scenes. Educating yourself on the realities of production can often break the illusion and help individuals detach from compulsive viewing habits.</p><h2>Understanding the Neurological Impact</h2><p>One of the most alarming trends identified by psychologists is the rise of PIED (Porn-Induced Erectile Dysfunction). Unlike physical dysfunction, PIED is strictly neurological. The brain becomes so accustomed to extreme, high-speed visual stimulation that it can no longer respond to a real human partner. The good news is that abstaining from this content can reverse the damage within months.</p><h2>The Path to Real Intimacy</h2><p>Real intimacy requires vulnerability, patience, and emotional connection—three things completely absent in synthetic adult content. By rewiring the brain to expect instant, on-demand gratification, individuals lose the capacity to navigate the beautiful complexities of genuine human relationships.</p><p><em>Educational Note: This article is designed to provide scientific, European-standard sex education and psychological insights regarding the consumption of adult materials.</em></p>",https://images.unsplash.com/photo-1550831107-1553da8c8464?auto=format&fit=crop&w=800&q=80,2026-08-22T16:06:31.201Z,"Pornography Free, Mental Health, Psychology, Education, Relationships"
"Searching for Hardcore Videos? How it Destroys Your Dopamine Receptors",searching-for-hardcore-videos-44-7020,"Looking for Hardcore Videos? Before you click, discover how it destroys your dopamine receptors in this comprehensive psychological deep-dive based on European educational standards.","<h2>The Reality Behind Your Search</h2><p>Mental health professionals often draw parallels between streaming adult videos and substance abuse. The ease of access on smartphones means the 'drug' is always available. Over time, users need more extreme or novel content to achieve the same baseline level of satisfaction, a classic hallmark of escalating addiction.</p><h2>Understanding the Neurological Impact</h2><p>Recovery starts with awareness. If you find yourself mindlessly scrolling through tube sites late at night, your brain is likely seeking an escape from stress or loneliness. Replacing this habit with healthy coping mechanisms, such as exercise, meditation, or genuine social interaction, is the first step toward reclaiming your mental clarity.</p><h2>The Path to Real Intimacy</h2><p>Real intimacy requires vulnerability, patience, and emotional connection—three things completely absent in synthetic adult content. By rewiring the brain to expect instant, on-demand gratification, individuals lose the capacity to navigate the beautiful complexities of genuine human relationships.</p><p><em>Educational Note: This article is designed to provide scientific, European-standard sex education and psychological insights regarding the consumption of adult materials.</em></p>",https://images.unsplash.com/photo-1493836512294-502baa1986e2?auto=format&fit=crop&w=800&q=80,2026-07-12T06:37:47.488Z,"Hardcore Videos, Mental Health, Psychology, Education, Relationships"
"Searching for Teen Adult Content? Why It Ruins Your Focus and Productivity",searching-for-teen-adult-content-45-7020,"Looking for Teen Adult Content? Before you click, discover why it ruins your focus and productivity in this comprehensive psychological deep-dive based on European educational standards.","<h2>The Reality Behind Your Search</h2><p>Beyond the neurological impacts, the ethical implications of the adult industry are profound. Many viewers are unaware of the exploitative practices occurring behind the scenes. Educating yourself on the realities of production can often break the illusion and help individuals detach from compulsive viewing habits.</p><h2>Understanding the Neurological Impact</h2><p>European sex educators emphasize the importance of distinguishing between fantasy and reality. The adult industry portrays highly choreographed, unrealistic scenarios that create false expectations for real-world intimacy. When individuals attempt to translate these fantasies into their personal lives, it often leads to disappointment and relationship friction.</p><h2>The Path to Real Intimacy</h2><p>Real intimacy requires vulnerability, patience, and emotional connection—three things completely absent in synthetic adult content. By rewiring the brain to expect instant, on-demand gratification, individuals lose the capacity to navigate the beautiful complexities of genuine human relationships.</p><p><em>Educational Note: This article is designed to provide scientific, European-standard sex education and psychological insights regarding the consumption of adult materials.</em></p>",https://images.unsplash.com/photo-1499209974431-9dddcece7f88?auto=format&fit=crop&w=800&q=80,2026-09-14T08:24:06.482Z,"Teen Adult Content, Mental Health, Psychology, Education, Relationships"
"Searching for Mature Adult Tube? How it Destroys Your Dopamine Receptors",searching-for-mature-adult-tube-46-7020,"Looking for Mature Adult Tube? Before you click, discover how it destroys your dopamine receptors in this comprehensive psychological deep-dive based on European educational standards.","<h2>The Reality Behind Your Search</h2><p>Beyond the neurological impacts, the ethical implications of the adult industry are profound. Many viewers are unaware of the exploitative practices occurring behind the scenes. Educating yourself on the realities of production can often break the illusion and help individuals detach from compulsive viewing habits.</p><h2>Understanding the Neurological Impact</h2><p>Recovery starts with awareness. If you find yourself mindlessly scrolling through tube sites late at night, your brain is likely seeking an escape from stress or loneliness. Replacing this habit with healthy coping mechanisms, such as exercise, meditation, or genuine social interaction, is the first step toward reclaiming your mental clarity.</p><h2>The Path to Real Intimacy</h2><p>In recent years, neuroscientists have discovered that excessive consumption of adult content drastically alters the brain's reward system. The constant flood of dopamine downregulates receptors, meaning everyday pleasures no longer feel satisfying. This is often the root cause of lethargy, anxiety, and a lack of motivation in young adults.</p><p><em>Educational Note: This article is designed to provide scientific, European-standard sex education and psychological insights regarding the consumption of adult materials.</em></p>",https://images.unsplash.com/photo-1505506874110-6a7a6c9924cb?auto=format&fit=crop&w=800&q=80,2026-07-17T15:12:05.302Z,"Mature Adult Tube, Mental Health, Psychology, Education, Relationships"
"Searching for Adult Movies Free? Why It Ruins Your Focus and Productivity",searching-for-adult-movies-free-47-7020,"Looking for Adult Movies Free? Before you click, discover why it ruins your focus and productivity in this comprehensive psychological deep-dive based on European educational standards.","<h2>The Reality Behind Your Search</h2><p>In recent years, neuroscientists have discovered that excessive consumption of adult content drastically alters the brain's reward system. The constant flood of dopamine downregulates receptors, meaning everyday pleasures no longer feel satisfying. This is often the root cause of lethargy, anxiety, and a lack of motivation in young adults.</p><h2>Understanding the Neurological Impact</h2><p>Beyond the neurological impacts, the ethical implications of the adult industry are profound. Many viewers are unaware of the exploitative practices occurring behind the scenes. Educating yourself on the realities of production can often break the illusion and help individuals detach from compulsive viewing habits.</p><h2>The Path to Real Intimacy</h2><p>European sex educators emphasize the importance of distinguishing between fantasy and reality. The adult industry portrays highly choreographed, unrealistic scenarios that create false expectations for real-world intimacy. When individuals attempt to translate these fantasies into their personal lives, it often leads to disappointment and relationship friction.</p><p><em>Educational Note: This article is designed to provide scientific, European-standard sex education and psychological insights regarding the consumption of adult materials.</em></p>",https://images.unsplash.com/photo-1520607162513-77705c0f0d4a?auto=format&fit=crop&w=800&q=80,2026-06-30T09:48:37.694Z,"Adult Movies Free, Mental Health, Psychology, Education, Relationships"
"Searching for Free Adult Videos? How it Destroys Your Dopamine Receptors",searching-for-free-adult-videos-48-7020,"Looking for Free Adult Videos? Before you click, discover how it destroys your dopamine receptors in this comprehensive psychological deep-dive based on European educational standards.","<h2>The Reality Behind Your Search</h2><p>Beyond the neurological impacts, the ethical implications of the adult industry are profound. Many viewers are unaware of the exploitative practices occurring behind the scenes. Educating yourself on the realities of production can often break the illusion and help individuals detach from compulsive viewing habits.</p><h2>Understanding the Neurological Impact</h2><p>Real intimacy requires vulnerability, patience, and emotional connection—three things completely absent in synthetic adult content. By rewiring the brain to expect instant, on-demand gratification, individuals lose the capacity to navigate the beautiful complexities of genuine human relationships.</p><h2>The Path to Real Intimacy</h2><p>Recovery starts with awareness. If you find yourself mindlessly scrolling through tube sites late at night, your brain is likely seeking an escape from stress or loneliness. Replacing this habit with healthy coping mechanisms, such as exercise, meditation, or genuine social interaction, is the first step toward reclaiming your mental clarity.</p><p><em>Educational Note: This article is designed to provide scientific, European-standard sex education and psychological insights regarding the consumption of adult materials.</em></p>",https://images.unsplash.com/photo-1559650656-5d1d361ad10e?auto=format&fit=crop&w=800&q=80,2026-08-09T11:53:57.511Z,"Free Adult Videos, Mental Health, Psychology, Education, Relationships"
"Searching for Porn Videos? The Dark Truth Behind the Adult Industry",searching-for-porn-videos-49-7020,"Looking for Porn Videos? Before you click, discover the dark truth behind the adult industry in this comprehensive psychological deep-dive based on European educational standards.","<h2>The Reality Behind Your Search</h2><p>Real intimacy requires vulnerability, patience, and emotional connection—three things completely absent in synthetic adult content. By rewiring the brain to expect instant, on-demand gratification, individuals lose the capacity to navigate the beautiful complexities of genuine human relationships.</p><h2>Understanding the Neurological Impact</h2><p>Mental health professionals often draw parallels between streaming adult videos and substance abuse. The ease of access on smartphones means the 'drug' is always available. Over time, users need more extreme or novel content to achieve the same baseline level of satisfaction, a classic hallmark of escalating addiction.</p><h2>The Path to Real Intimacy</h2><p>One of the most alarming trends identified by psychologists is the rise of PIED (Porn-Induced Erectile Dysfunction). Unlike physical dysfunction, PIED is strictly neurological. The brain becomes so accustomed to extreme, high-speed visual stimulation that it can no longer respond to a real human partner. The good news is that abstaining from this content can reverse the damage within months.</p><p><em>Educational Note: This article is designed to provide scientific, European-standard sex education and psychological insights regarding the consumption of adult materials.</em></p>",https://images.unsplash.com/photo-1550831107-1553da8c8464?auto=format&fit=crop&w=800&q=80,2026-08-08T21:56:25.495Z,"Porn Videos, Mental Health, Psychology, Education, Relationships"
"Searching for XXX Movies? The Dark Truth Behind the Adult Industry",searching-for-xxx-movies-50-7020,"Looking for XXX Movies? Before you click, discover the dark truth behind the adult industry in this comprehensive psychological deep-dive based on European educational standards.","<h2>The Reality Behind Your Search</h2><p>Beyond the neurological impacts, the ethical implications of the adult industry are profound. Many viewers are unaware of the exploitative practices occurring behind the scenes. Educating yourself on the realities of production can often break the illusion and help individuals detach from compulsive viewing habits.</p><h2>Understanding the Neurological Impact</h2><p>Real intimacy requires vulnerability, patience, and emotional connection—three things completely absent in synthetic adult content. By rewiring the brain to expect instant, on-demand gratification, individuals lose the capacity to navigate the beautiful complexities of genuine human relationships.</p><h2>The Path to Real Intimacy</h2><p>Recovery starts with awareness. If you find yourself mindlessly scrolling through tube sites late at night, your brain is likely seeking an escape from stress or loneliness. Replacing this habit with healthy coping mechanisms, such as exercise, meditation, or genuine social interaction, is the first step toward reclaiming your mental clarity.</p><p><em>Educational Note: This article is designed to provide scientific, European-standard sex education and psychological insights regarding the consumption of adult materials.</em></p>",https://images.unsplash.com/photo-1493836512294-502baa1986e2?auto=format&fit=crop&w=800&q=80,2026-06-12T09:45:38.641Z,"XXX Movies, Mental Health, Psychology, Education, Relationships"
"Searching for Sex Tube? The Dark Truth Behind the Adult Industry",searching-for-sex-tube-51-7020,"Looking for Sex Tube? Before you click, discover the dark truth behind the adult industry in this comprehensive psychological deep-dive based on European educational standards.","<h2>The Reality Behind Your Search</h2><p>European sex educators emphasize the importance of distinguishing between fantasy and reality. The adult industry portrays highly choreographed, unrealistic scenarios that create false expectations for real-world intimacy. When individuals attempt to translate these fantasies into their personal lives, it often leads to disappointment and relationship friction.</p><h2>Understanding the Neurological Impact</h2><p>Recovery starts with awareness. If you find yourself mindlessly scrolling through tube sites late at night, your brain is likely seeking an escape from stress or loneliness. Replacing this habit with healthy coping mechanisms, such as exercise, meditation, or genuine social interaction, is the first step toward reclaiming your mental clarity.</p><h2>The Path to Real Intimacy</h2><p>In recent years, neuroscientists have discovered that excessive consumption of adult content drastically alters the brain's reward system. The constant flood of dopamine downregulates receptors, meaning everyday pleasures no longer feel satisfying. This is often the root cause of lethargy, anxiety, and a lack of motivation in young adults.</p><p><em>Educational Note: This article is designed to provide scientific, European-standard sex education and psychological insights regarding the consumption of adult materials.</em></p>",https://images.unsplash.com/photo-1499209974431-9dddcece7f88?auto=format&fit=crop&w=800&q=80,2026-09-30T17:03:29.785Z,"Sex Tube, Mental Health, Psychology, Education, Relationships"
"Searching for Hot Adult Content? The Psychological Trap You Can't Escape",searching-for-hot-adult-content-52-7020,"Looking for Hot Adult Content? Before you click, discover the psychological trap you can't escape in this comprehensive psychological deep-dive based on European educational standards.","<h2>The Reality Behind Your Search</h2><p>Real intimacy requires vulnerability, patience, and emotional connection—three things completely absent in synthetic adult content. By rewiring the brain to expect instant, on-demand gratification, individuals lose the capacity to navigate the beautiful complexities of genuine human relationships.</p><h2>Understanding the Neurological Impact</h2><p>Recovery starts with awareness. If you find yourself mindlessly scrolling through tube sites late at night, your brain is likely seeking an escape from stress or loneliness. Replacing this habit with healthy coping mechanisms, such as exercise, meditation, or genuine social interaction, is the first step toward reclaiming your mental clarity.</p><h2>The Path to Real Intimacy</h2><p>Real intimacy requires vulnerability, patience, and emotional connection—three things completely absent in synthetic adult content. By rewiring the brain to expect instant, on-demand gratification, individuals lose the capacity to navigate the beautiful complexities of genuine human relationships.</p><p><em>Educational Note: This article is designed to provide scientific, European-standard sex education and psychological insights regarding the consumption of adult materials.</em></p>",https://images.unsplash.com/photo-1505506874110-6a7a6c9924cb?auto=format&fit=crop&w=800&q=80,2026-08-09T01:43:49.512Z,"Hot Adult Content, Mental Health, Psychology, Education, Relationships"
"Searching for Free Sex Videos? How Your Brain Rewires Itself After 30 Days",searching-for-free-sex-videos-53-7020,"Looking for Free Sex Videos? Before you click, discover how your brain rewires itself after 30 days in this comprehensive psychological deep-dive based on European educational standards.","<h2>The Reality Behind Your Search</h2><p>European sex educators emphasize the importance of distinguishing between fantasy and reality. The adult industry portrays highly choreographed, unrealistic scenarios that create false expectations for real-world intimacy. When individuals attempt to translate these fantasies into their personal lives, it often leads to disappointment and relationship friction.</p><h2>Understanding the Neurological Impact</h2><p>Beyond the neurological impacts, the ethical implications of the adult industry are profound. Many viewers are unaware of the exploitative practices occurring behind the scenes. Educating yourself on the realities of production can often break the illusion and help individuals detach from compulsive viewing habits.</p><h2>The Path to Real Intimacy</h2><p>One of the most alarming trends identified by psychologists is the rise of PIED (Porn-Induced Erectile Dysfunction). Unlike physical dysfunction, PIED is strictly neurological. The brain becomes so accustomed to extreme, high-speed visual stimulation that it can no longer respond to a real human partner. The good news is that abstaining from this content can reverse the damage within months.</p><p><em>Educational Note: This article is designed to provide scientific, European-standard sex education and psychological insights regarding the consumption of adult materials.</em></p>",https://images.unsplash.com/photo-1520607162513-77705c0f0d4a?auto=format&fit=crop&w=800&q=80,2026-08-12T12:35:17.078Z,"Free Sex Videos, Mental Health, Psychology, Education, Relationships"
"Searching for Adult Streaming? Why It Ruins Your Focus and Productivity",searching-for-adult-streaming-54-7020,"Looking for Adult Streaming? Before you click, discover why it ruins your focus and productivity in this comprehensive psychological deep-dive based on European educational standards.","<h2>The Reality Behind Your Search</h2><p>Mental health professionals often draw parallels between streaming adult videos and substance abuse. The ease of access on smartphones means the 'drug' is always available. Over time, users need more extreme or novel content to achieve the same baseline level of satisfaction, a classic hallmark of escalating addiction.</p><h2>Understanding the Neurological Impact</h2><p>Mental health professionals often draw parallels between streaming adult videos and substance abuse. The ease of access on smartphones means the 'drug' is always available. Over time, users need more extreme or novel content to achieve the same baseline level of satisfaction, a classic hallmark of escalating addiction.</p><h2>The Path to Real Intimacy</h2><p>Recovery starts with awareness. If you find yourself mindlessly scrolling through tube sites late at night, your brain is likely seeking an escape from stress or loneliness. Replacing this habit with healthy coping mechanisms, such as exercise, meditation, or genuine social interaction, is the first step toward reclaiming your mental clarity.</p><p><em>Educational Note: This article is designed to provide scientific, European-standard sex education and psychological insights regarding the consumption of adult materials.</em></p>",https://images.unsplash.com/photo-1559650656-5d1d361ad10e?auto=format&fit=crop&w=800&q=80,2026-09-26T17:55:29.359Z,"Adult Streaming, Mental Health, Psychology, Education, Relationships"
"Searching for Pornography Free? How Your Brain Rewires Itself After 30 Days",searching-for-pornography-free-55-7020,"Looking for Pornography Free? Before you click, discover how your brain rewires itself after 30 days in this comprehensive psychological deep-dive based on European educational standards.","<h2>The Reality Behind Your Search</h2><p>European sex educators emphasize the importance of distinguishing between fantasy and reality. The adult industry portrays highly choreographed, unrealistic scenarios that create false expectations for real-world intimacy. When individuals attempt to translate these fantasies into their personal lives, it often leads to disappointment and relationship friction.</p><h2>Understanding the Neurological Impact</h2><p>In recent years, neuroscientists have discovered that excessive consumption of adult content drastically alters the brain's reward system. The constant flood of dopamine downregulates receptors, meaning everyday pleasures no longer feel satisfying. This is often the root cause of lethargy, anxiety, and a lack of motivation in young adults.</p><h2>The Path to Real Intimacy</h2><p>Mental health professionals often draw parallels between streaming adult videos and substance abuse. The ease of access on smartphones means the 'drug' is always available. Over time, users need more extreme or novel content to achieve the same baseline level of satisfaction, a classic hallmark of escalating addiction.</p><p><em>Educational Note: This article is designed to provide scientific, European-standard sex education and psychological insights regarding the consumption of adult materials.</em></p>",https://images.unsplash.com/photo-1550831107-1553da8c8464?auto=format&fit=crop&w=800&q=80,2026-06-30T07:16:28.214Z,"Pornography Free, Mental Health, Psychology, Education, Relationships"
"Searching for Hardcore Videos? How It Distorts Your View of Real Intimacy",searching-for-hardcore-videos-56-7020,"Looking for Hardcore Videos? Before you click, discover how it distorts your view of real intimacy in this comprehensive psychological deep-dive based on European educational standards.","<h2>The Reality Behind Your Search</h2><p>Mental health professionals often draw parallels between streaming adult videos and substance abuse. The ease of access on smartphones means the 'drug' is always available. Over time, users need more extreme or novel content to achieve the same baseline level of satisfaction, a classic hallmark of escalating addiction.</p><h2>Understanding the Neurological Impact</h2><p>Beyond the neurological impacts, the ethical implications of the adult industry are profound. Many viewers are unaware of the exploitative practices occurring behind the scenes. Educating yourself on the realities of production can often break the illusion and help individuals detach from compulsive viewing habits.</p><h2>The Path to Real Intimacy</h2><p>Recovery starts with awareness. If you find yourself mindlessly scrolling through tube sites late at night, your brain is likely seeking an escape from stress or loneliness. Replacing this habit with healthy coping mechanisms, such as exercise, meditation, or genuine social interaction, is the first step toward reclaiming your mental clarity.</p><p><em>Educational Note: This article is designed to provide scientific, European-standard sex education and psychological insights regarding the consumption of adult materials.</em></p>",https://images.unsplash.com/photo-1493836512294-502baa1986e2?auto=format&fit=crop&w=800&q=80,2026-07-26T22:04:28.665Z,"Hardcore Videos, Mental Health, Psychology, Education, Relationships"
"Searching for Teen Adult Content? Why It Causes Erectile Dysfunction in Young Men",searching-for-teen-adult-content-57-7020,"Looking for Teen Adult Content? Before you click, discover why it causes erectile dysfunction in young men in this comprehensive psychological deep-dive based on European educational standards.","<h2>The Reality Behind Your Search</h2><p>In recent years, neuroscientists have discovered that excessive consumption of adult content drastically alters the brain's reward system. The constant flood of dopamine downregulates receptors, meaning everyday pleasures no longer feel satisfying. This is often the root cause of lethargy, anxiety, and a lack of motivation in young adults.</p><h2>Understanding the Neurological Impact</h2><p>Recovery starts with awareness. If you find yourself mindlessly scrolling through tube sites late at night, your brain is likely seeking an escape from stress or loneliness. Replacing this habit with healthy coping mechanisms, such as exercise, meditation, or genuine social interaction, is the first step toward reclaiming your mental clarity.</p><h2>The Path to Real Intimacy</h2><p>Real intimacy requires vulnerability, patience, and emotional connection—three things completely absent in synthetic adult content. By rewiring the brain to expect instant, on-demand gratification, individuals lose the capacity to navigate the beautiful complexities of genuine human relationships.</p><p><em>Educational Note: This article is designed to provide scientific, European-standard sex education and psychological insights regarding the consumption of adult materials.</em></p>",https://images.unsplash.com/photo-1499209974431-9dddcece7f88?auto=format&fit=crop&w=800&q=80,2026-06-29T08:28:32.327Z,"Teen Adult Content, Mental Health, Psychology, Education, Relationships"
"Searching for Mature Adult Tube? Why It Ruins Your Focus and Productivity",searching-for-mature-adult-tube-58-7020,"Looking for Mature Adult Tube? Before you click, discover why it ruins your focus and productivity in this comprehensive psychological deep-dive based on European educational standards.","<h2>The Reality Behind Your Search</h2><p>In recent years, neuroscientists have discovered that excessive consumption of adult content drastically alters the brain's reward system. The constant flood of dopamine downregulates receptors, meaning everyday pleasures no longer feel satisfying. This is often the root cause of lethargy, anxiety, and a lack of motivation in young adults.</p><h2>Understanding the Neurological Impact</h2><p>Beyond the neurological impacts, the ethical implications of the adult industry are profound. Many viewers are unaware of the exploitative practices occurring behind the scenes. Educating yourself on the realities of production can often break the illusion and help individuals detach from compulsive viewing habits.</p><h2>The Path to Real Intimacy</h2><p>One of the most alarming trends identified by psychologists is the rise of PIED (Porn-Induced Erectile Dysfunction). Unlike physical dysfunction, PIED is strictly neurological. The brain becomes so accustomed to extreme, high-speed visual stimulation that it can no longer respond to a real human partner. The good news is that abstaining from this content can reverse the damage within months.</p><p><em>Educational Note: This article is designed to provide scientific, European-standard sex education and psychological insights regarding the consumption of adult materials.</em></p>",https://images.unsplash.com/photo-1505506874110-6a7a6c9924cb?auto=format&fit=crop&w=800&q=80,2026-07-04T14:55:10.443Z,"Mature Adult Tube, Mental Health, Psychology, Education, Relationships"
"Searching for Adult Movies Free? Why It Ruins Your Focus and Productivity",searching-for-adult-movies-free-59-7020,"Looking for Adult Movies Free? Before you click, discover why it ruins your focus and productivity in this comprehensive psychological deep-dive based on European educational standards.","<h2>The Reality Behind Your Search</h2><p>In recent years, neuroscientists have discovered that excessive consumption of adult content drastically alters the brain's reward system. The constant flood of dopamine downregulates receptors, meaning everyday pleasures no longer feel satisfying. This is often the root cause of lethargy, anxiety, and a lack of motivation in young adults.</p><h2>Understanding the Neurological Impact</h2><p>In recent years, neuroscientists have discovered that excessive consumption of adult content drastically alters the brain's reward system. The constant flood of dopamine downregulates receptors, meaning everyday pleasures no longer feel satisfying. This is often the root cause of lethargy, anxiety, and a lack of motivation in young adults.</p><h2>The Path to Real Intimacy</h2><p>In recent years, neuroscientists have discovered that excessive consumption of adult content drastically alters the brain's reward system. The constant flood of dopamine downregulates receptors, meaning everyday pleasures no longer feel satisfying. This is often the root cause of lethargy, anxiety, and a lack of motivation in young adults.</p><p><em>Educational Note: This article is designed to provide scientific, European-standard sex education and psychological insights regarding the consumption of adult materials.</em></p>",https://images.unsplash.com/photo-1520607162513-77705c0f0d4a?auto=format&fit=crop&w=800&q=80,2026-08-20T14:28:57.850Z,"Adult Movies Free, Mental Health, Psychology, Education, Relationships"
"Searching for Free Adult Videos? How it Destroys Your Dopamine Receptors",searching-for-free-adult-videos-60-7020,"Looking for Free Adult Videos? Before you click, discover how it destroys your dopamine receptors in this comprehensive psychological deep-dive based on European educational standards.","<h2>The Reality Behind Your Search</h2><p>In recent years, neuroscientists have discovered that excessive consumption of adult content drastically alters the brain's reward system. The constant flood of dopamine downregulates receptors, meaning everyday pleasures no longer feel satisfying. This is often the root cause of lethargy, anxiety, and a lack of motivation in young adults.</p><h2>Understanding the Neurological Impact</h2><p>European sex educators emphasize the importance of distinguishing between fantasy and reality. The adult industry portrays highly choreographed, unrealistic scenarios that create false expectations for real-world intimacy. When individuals attempt to translate these fantasies into their personal lives, it often leads to disappointment and relationship friction.</p><h2>The Path to Real Intimacy</h2><p>European sex educators emphasize the importance of distinguishing between fantasy and reality. The adult industry portrays highly choreographed, unrealistic scenarios that create false expectations for real-world intimacy. When individuals attempt to translate these fantasies into their personal lives, it often leads to disappointment and relationship friction.</p><p><em>Educational Note: This article is designed to provide scientific, European-standard sex education and psychological insights regarding the consumption of adult materials.</em></p>",https://images.unsplash.com/photo-1559650656-5d1d361ad10e?auto=format&fit=crop&w=800&q=80,2026-06-29T19:52:14.650Z,"Free Adult Videos, Mental Health, Psychology, Education, Relationships"
"Searching for Porn Videos? Why It Ruins Your Focus and Productivity",searching-for-porn-videos-61-7020,"Looking for Porn Videos? Before you click, discover why it ruins your focus and productivity in this comprehensive psychological deep-dive based on European educational standards.","<h2>The Reality Behind Your Search</h2><p>Real intimacy requires vulnerability, patience, and emotional connection—three things completely absent in synthetic adult content. By rewiring the brain to expect instant, on-demand gratification, individuals lose the capacity to navigate the beautiful complexities of genuine human relationships.</p><h2>Understanding the Neurological Impact</h2><p>In recent years, neuroscientists have discovered that excessive consumption of adult content drastically alters the brain's reward system. The constant flood of dopamine downregulates receptors, meaning everyday pleasures no longer feel satisfying. This is often the root cause of lethargy, anxiety, and a lack of motivation in young adults.</p><h2>The Path to Real Intimacy</h2><p>Beyond the neurological impacts, the ethical implications of the adult industry are profound. Many viewers are unaware of the exploitative practices occurring behind the scenes. Educating yourself on the realities of production can often break the illusion and help individuals detach from compulsive viewing habits.</p><p><em>Educational Note: This article is designed to provide scientific, European-standard sex education and psychological insights regarding the consumption of adult materials.</em></p>",https://images.unsplash.com/photo-1550831107-1553da8c8464?auto=format&fit=crop&w=800&q=80,2026-07-15T17:34:07.966Z,"Porn Videos, Mental Health, Psychology, Education, Relationships"
"Searching for XXX Movies? How It Distorts Your View of Real Intimacy",searching-for-xxx-movies-62-7020,"Looking for XXX Movies? Before you click, discover how it distorts your view of real intimacy in this comprehensive psychological deep-dive based on European educational standards.","<h2>The Reality Behind Your Search</h2><p>One of the most alarming trends identified by psychologists is the rise of PIED (Porn-Induced Erectile Dysfunction). Unlike physical dysfunction, PIED is strictly neurological. The brain becomes so accustomed to extreme, high-speed visual stimulation that it can no longer respond to a real human partner. The good news is that abstaining from this content can reverse the damage within months.</p><h2>Understanding the Neurological Impact</h2><p>In recent years, neuroscientists have discovered that excessive consumption of adult content drastically alters the brain's reward system. The constant flood of dopamine downregulates receptors, meaning everyday pleasures no longer feel satisfying. This is often the root cause of lethargy, anxiety, and a lack of motivation in young adults.</p><h2>The Path to Real Intimacy</h2><p>Recovery starts with awareness. If you find yourself mindlessly scrolling through tube sites late at night, your brain is likely seeking an escape from stress or loneliness. Replacing this habit with healthy coping mechanisms, such as exercise, meditation, or genuine social interaction, is the first step toward reclaiming your mental clarity.</p><p><em>Educational Note: This article is designed to provide scientific, European-standard sex education and psychological insights regarding the consumption of adult materials.</em></p>",https://images.unsplash.com/photo-1493836512294-502baa1986e2?auto=format&fit=crop&w=800&q=80,2026-09-13T12:40:57.353Z,"XXX Movies, Mental Health, Psychology, Education, Relationships"
"Searching for Sex Tube? Why It Ruins Your Focus and Productivity",searching-for-sex-tube-63-7020,"Looking for Sex Tube? Before you click, discover why it ruins your focus and productivity in this comprehensive psychological deep-dive based on European educational standards.","<h2>The Reality Behind Your Search</h2><p>European sex educators emphasize the importance of distinguishing between fantasy and reality. The adult industry portrays highly choreographed, unrealistic scenarios that create false expectations for real-world intimacy. When individuals attempt to translate these fantasies into their personal lives, it often leads to disappointment and relationship friction.</p><h2>Understanding the Neurological Impact</h2><p>Beyond the neurological impacts, the ethical implications of the adult industry are profound. Many viewers are unaware of the exploitative practices occurring behind the scenes. Educating yourself on the realities of production can often break the illusion and help individuals detach from compulsive viewing habits.</p><h2>The Path to Real Intimacy</h2><p>In recent years, neuroscientists have discovered that excessive consumption of adult content drastically alters the brain's reward system. The constant flood of dopamine downregulates receptors, meaning everyday pleasures no longer feel satisfying. This is often the root cause of lethargy, anxiety, and a lack of motivation in young adults.</p><p><em>Educational Note: This article is designed to provide scientific, European-standard sex education and psychological insights regarding the consumption of adult materials.</em></p>",https://images.unsplash.com/photo-1499209974431-9dddcece7f88?auto=format&fit=crop&w=800&q=80,2026-07-01T06:56:16.588Z,"Sex Tube, Mental Health, Psychology, Education, Relationships"
"Searching for Hot Adult Content? How it Destroys Your Dopamine Receptors",searching-for-hot-adult-content-64-7020,"Looking for Hot Adult Content? Before you click, discover how it destroys your dopamine receptors in this comprehensive psychological deep-dive based on European educational standards.","<h2>The Reality Behind Your Search</h2><p>European sex educators emphasize the importance of distinguishing between fantasy and reality. The adult industry portrays highly choreographed, unrealistic scenarios that create false expectations for real-world intimacy. When individuals attempt to translate these fantasies into their personal lives, it often leads to disappointment and relationship friction.</p><h2>Understanding the Neurological Impact</h2><p>Beyond the neurological impacts, the ethical implications of the adult industry are profound. Many viewers are unaware of the exploitative practices occurring behind the scenes. Educating yourself on the realities of production can often break the illusion and help individuals detach from compulsive viewing habits.</p><h2>The Path to Real Intimacy</h2><p>European sex educators emphasize the importance of distinguishing between fantasy and reality. The adult industry portrays highly choreographed, unrealistic scenarios that create false expectations for real-world intimacy. When individuals attempt to translate these fantasies into their personal lives, it often leads to disappointment and relationship friction.</p><p><em>Educational Note: This article is designed to provide scientific, European-standard sex education and psychological insights regarding the consumption of adult materials.</em></p>",https://images.unsplash.com/photo-1505506874110-6a7a6c9924cb?auto=format&fit=crop&w=800&q=80,2026-09-01T17:26:44.352Z,"Hot Adult Content, Mental Health, Psychology, Education, Relationships"
"Searching for Free Sex Videos? Why It Ruins Your Focus and Productivity",searching-for-free-sex-videos-65-7020,"Looking for Free Sex Videos? Before you click, discover why it ruins your focus and productivity in this comprehensive psychological deep-dive based on European educational standards.","<h2>The Reality Behind Your Search</h2><p>Real intimacy requires vulnerability, patience, and emotional connection—three things completely absent in synthetic adult content. By rewiring the brain to expect instant, on-demand gratification, individuals lose the capacity to navigate the beautiful complexities of genuine human relationships.</p><h2>Understanding the Neurological Impact</h2><p>Real intimacy requires vulnerability, patience, and emotional connection—three things completely absent in synthetic adult content. By rewiring the brain to expect instant, on-demand gratification, individuals lose the capacity to navigate the beautiful complexities of genuine human relationships.</p><h2>The Path to Real Intimacy</h2><p>European sex educators emphasize the importance of distinguishing between fantasy and reality. The adult industry portrays highly choreographed, unrealistic scenarios that create false expectations for real-world intimacy. When individuals attempt to translate these fantasies into their personal lives, it often leads to disappointment and relationship friction.</p><p><em>Educational Note: This article is designed to provide scientific, European-standard sex education and psychological insights regarding the consumption of adult materials.</em></p>",https://images.unsplash.com/photo-1520607162513-77705c0f0d4a?auto=format&fit=crop&w=800&q=80,2026-06-21T03:22:38.174Z,"Free Sex Videos, Mental Health, Psychology, Education, Relationships"
"Searching for Adult Streaming? Why It Ruins Your Focus and Productivity",searching-for-adult-streaming-66-7020,"Looking for Adult Streaming? Before you click, discover why it ruins your focus and productivity in this comprehensive psychological deep-dive based on European educational standards.","<h2>The Reality Behind Your Search</h2><p>Mental health professionals often draw parallels between streaming adult videos and substance abuse. The ease of access on smartphones means the 'drug' is always available. Over time, users need more extreme or novel content to achieve the same baseline level of satisfaction, a classic hallmark of escalating addiction.</p><h2>Understanding the Neurological Impact</h2><p>Real intimacy requires vulnerability, patience, and emotional connection—three things completely absent in synthetic adult content. By rewiring the brain to expect instant, on-demand gratification, individuals lose the capacity to navigate the beautiful complexities of genuine human relationships.</p><h2>The Path to Real Intimacy</h2><p>Beyond the neurological impacts, the ethical implications of the adult industry are profound. Many viewers are unaware of the exploitative practices occurring behind the scenes. Educating yourself on the realities of production can often break the illusion and help individuals detach from compulsive viewing habits.</p><p><em>Educational Note: This article is designed to provide scientific, European-standard sex education and psychological insights regarding the consumption of adult materials.</em></p>",https://images.unsplash.com/photo-1559650656-5d1d361ad10e?auto=format&fit=crop&w=800&q=80,2026-06-11T22:32:11.711Z,"Adult Streaming, Mental Health, Psychology, Education, Relationships"
"Searching for Pornography Free? The Dark Truth Behind the Adult Industry",searching-for-pornography-free-67-7020,"Looking for Pornography Free? Before you click, discover the dark truth behind the adult industry in this comprehensive psychological deep-dive based on European educational standards.","<h2>The Reality Behind Your Search</h2><p>Mental health professionals often draw parallels between streaming adult videos and substance abuse. The ease of access on smartphones means the 'drug' is always available. Over time, users need more extreme or novel content to achieve the same baseline level of satisfaction, a classic hallmark of escalating addiction.</p><h2>Understanding the Neurological Impact</h2><p>Beyond the neurological impacts, the ethical implications of the adult industry are profound. Many viewers are unaware of the exploitative practices occurring behind the scenes. Educating yourself on the realities of production can often break the illusion and help individuals detach from compulsive viewing habits.</p><h2>The Path to Real Intimacy</h2><p>Real intimacy requires vulnerability, patience, and emotional connection—three things completely absent in synthetic adult content. By rewiring the brain to expect instant, on-demand gratification, individuals lose the capacity to navigate the beautiful complexities of genuine human relationships.</p><p><em>Educational Note: This article is designed to provide scientific, European-standard sex education and psychological insights regarding the consumption of adult materials.</em></p>",https://images.unsplash.com/photo-1550831107-1553da8c8464?auto=format&fit=crop&w=800&q=80,2026-08-02T01:48:40.966Z,"Pornography Free, Mental Health, Psychology, Education, Relationships"
"Searching for Hardcore Videos? How It Distorts Your View of Real Intimacy",searching-for-hardcore-videos-68-7020,"Looking for Hardcore Videos? Before you click, discover how it distorts your view of real intimacy in this comprehensive psychological deep-dive based on European educational standards.","<h2>The Reality Behind Your Search</h2><p>Real intimacy requires vulnerability, patience, and emotional connection—three things completely absent in synthetic adult content. By rewiring the brain to expect instant, on-demand gratification, individuals lose the capacity to navigate the beautiful complexities of genuine human relationships.</p><h2>Understanding the Neurological Impact</h2><p>Mental health professionals often draw parallels between streaming adult videos and substance abuse. The ease of access on smartphones means the 'drug' is always available. Over time, users need more extreme or novel content to achieve the same baseline level of satisfaction, a classic hallmark of escalating addiction.</p><h2>The Path to Real Intimacy</h2><p>Beyond the neurological impacts, the ethical implications of the adult industry are profound. Many viewers are unaware of the exploitative practices occurring behind the scenes. Educating yourself on the realities of production can often break the illusion and help individuals detach from compulsive viewing habits.</p><p><em>Educational Note: This article is designed to provide scientific, European-standard sex education and psychological insights regarding the consumption of adult materials.</em></p>",https://images.unsplash.com/photo-1493836512294-502baa1986e2?auto=format&fit=crop&w=800&q=80,2026-08-04T22:16:19.269Z,"Hardcore Videos, Mental Health, Psychology, Education, Relationships"
"Searching for Teen Adult Content? The Link Between Adult Content and Severe Anxiety",searching-for-teen-adult-content-69-7020,"Looking for Teen Adult Content? Before you click, discover the link between adult content and severe anxiety in this comprehensive psychological deep-dive based on European educational standards.","<h2>The Reality Behind Your Search</h2><p>In recent years, neuroscientists have discovered that excessive consumption of adult content drastically alters the brain's reward system. The constant flood of dopamine downregulates receptors, meaning everyday pleasures no longer feel satisfying. This is often the root cause of lethargy, anxiety, and a lack of motivation in young adults.</p><h2>Understanding the Neurological Impact</h2><p>In recent years, neuroscientists have discovered that excessive consumption of adult content drastically alters the brain's reward system. The constant flood of dopamine downregulates receptors, meaning everyday pleasures no longer feel satisfying. This is often the root cause of lethargy, anxiety, and a lack of motivation in young adults.</p><h2>The Path to Real Intimacy</h2><p>Real intimacy requires vulnerability, patience, and emotional connection—three things completely absent in synthetic adult content. By rewiring the brain to expect instant, on-demand gratification, individuals lose the capacity to navigate the beautiful complexities of genuine human relationships.</p><p><em>Educational Note: This article is designed to provide scientific, European-standard sex education and psychological insights regarding the consumption of adult materials.</em></p>",https://images.unsplash.com/photo-1499209974431-9dddcece7f88?auto=format&fit=crop&w=800&q=80,2026-06-29T16:50:01.655Z,"Teen Adult Content, Mental Health, Psychology, Education, Relationships"
"Searching for Mature Adult Tube? The Psychological Trap You Can't Escape",searching-for-mature-adult-tube-70-7020,"Looking for Mature Adult Tube? Before you click, discover the psychological trap you can't escape in this comprehensive psychological deep-dive based on European educational standards.","<h2>The Reality Behind Your Search</h2><p>European sex educators emphasize the importance of distinguishing between fantasy and reality. The adult industry portrays highly choreographed, unrealistic scenarios that create false expectations for real-world intimacy. When individuals attempt to translate these fantasies into their personal lives, it often leads to disappointment and relationship friction.</p><h2>Understanding the Neurological Impact</h2><p>Recovery starts with awareness. If you find yourself mindlessly scrolling through tube sites late at night, your brain is likely seeking an escape from stress or loneliness. Replacing this habit with healthy coping mechanisms, such as exercise, meditation, or genuine social interaction, is the first step toward reclaiming your mental clarity.</p><h2>The Path to Real Intimacy</h2><p>One of the most alarming trends identified by psychologists is the rise of PIED (Porn-Induced Erectile Dysfunction). Unlike physical dysfunction, PIED is strictly neurological. The brain becomes so accustomed to extreme, high-speed visual stimulation that it can no longer respond to a real human partner. The good news is that abstaining from this content can reverse the damage within months.</p><p><em>Educational Note: This article is designed to provide scientific, European-standard sex education and psychological insights regarding the consumption of adult materials.</em></p>",https://images.unsplash.com/photo-1505506874110-6a7a6c9924cb?auto=format&fit=crop&w=800&q=80,2026-09-28T00:13:40.883Z,"Mature Adult Tube, Mental Health, Psychology, Education, Relationships"
"Searching for Adult Movies Free? The Link Between Adult Content and Severe Anxiety",searching-for-adult-movies-free-71-7020,"Looking for Adult Movies Free? Before you click, discover the link between adult content and severe anxiety in this comprehensive psychological deep-dive based on European educational standards.","<h2>The Reality Behind Your Search</h2><p>One of the most alarming trends identified by psychologists is the rise of PIED (Porn-Induced Erectile Dysfunction). Unlike physical dysfunction, PIED is strictly neurological. The brain becomes so accustomed to extreme, high-speed visual stimulation that it can no longer respond to a real human partner. The good news is that abstaining from this content can reverse the damage within months.</p><h2>Understanding the Neurological Impact</h2><p>One of the most alarming trends identified by psychologists is the rise of PIED (Porn-Induced Erectile Dysfunction). Unlike physical dysfunction, PIED is strictly neurological. The brain becomes so accustomed to extreme, high-speed visual stimulation that it can no longer respond to a real human partner. The good news is that abstaining from this content can reverse the damage within months.</p><h2>The Path to Real Intimacy</h2><p>In recent years, neuroscientists have discovered that excessive consumption of adult content drastically alters the brain's reward system. The constant flood of dopamine downregulates receptors, meaning everyday pleasures no longer feel satisfying. This is often the root cause of lethargy, anxiety, and a lack of motivation in young adults.</p><p><em>Educational Note: This article is designed to provide scientific, European-standard sex education and psychological insights regarding the consumption of adult materials.</em></p>",https://images.unsplash.com/photo-1520607162513-77705c0f0d4a?auto=format&fit=crop&w=800&q=80,2026-06-11T23:59:41.636Z,"Adult Movies Free, Mental Health, Psychology, Education, Relationships"
"Searching for Free Adult Videos? The Psychological Trap You Can't Escape",searching-for-free-adult-videos-72-7020,"Looking for Free Adult Videos? Before you click, discover the psychological trap you can't escape in this comprehensive psychological deep-dive based on European educational standards.","<h2>The Reality Behind Your Search</h2><p>One of the most alarming trends identified by psychologists is the rise of PIED (Porn-Induced Erectile Dysfunction). Unlike physical dysfunction, PIED is strictly neurological. The brain becomes so accustomed to extreme, high-speed visual stimulation that it can no longer respond to a real human partner. The good news is that abstaining from this content can reverse the damage within months.</p><h2>Understanding the Neurological Impact</h2><p>One of the most alarming trends identified by psychologists is the rise of PIED (Porn-Induced Erectile Dysfunction). Unlike physical dysfunction, PIED is strictly neurological. The brain becomes so accustomed to extreme, high-speed visual stimulation that it can no longer respond to a real human partner. The good news is that abstaining from this content can reverse the damage within months.</p><h2>The Path to Real Intimacy</h2><p>European sex educators emphasize the importance of distinguishing between fantasy and reality. The adult industry portrays highly choreographed, unrealistic scenarios that create false expectations for real-world intimacy. When individuals attempt to translate these fantasies into their personal lives, it often leads to disappointment and relationship friction.</p><p><em>Educational Note: This article is designed to provide scientific, European-standard sex education and psychological insights regarding the consumption of adult materials.</em></p>",https://images.unsplash.com/photo-1559650656-5d1d361ad10e?auto=format&fit=crop&w=800&q=80,2026-09-28T22:11:47.350Z,"Free Adult Videos, Mental Health, Psychology, Education, Relationships"
"Searching for Porn Videos? How it Destroys Your Dopamine Receptors",searching-for-porn-videos-73-7020,"Looking for Porn Videos? Before you click, discover how it destroys your dopamine receptors in this comprehensive psychological deep-dive based on European educational standards.","<h2>The Reality Behind Your Search</h2><p>Recovery starts with awareness. If you find yourself mindlessly scrolling through tube sites late at night, your brain is likely seeking an escape from stress or loneliness. Replacing this habit with healthy coping mechanisms, such as exercise, meditation, or genuine social interaction, is the first step toward reclaiming your mental clarity.</p><h2>Understanding the Neurological Impact</h2><p>Mental health professionals often draw parallels between streaming adult videos and substance abuse. The ease of access on smartphones means the 'drug' is always available. Over time, users need more extreme or novel content to achieve the same baseline level of satisfaction, a classic hallmark of escalating addiction.</p><h2>The Path to Real Intimacy</h2><p>In recent years, neuroscientists have discovered that excessive consumption of adult content drastically alters the brain's reward system. The constant flood of dopamine downregulates receptors, meaning everyday pleasures no longer feel satisfying. This is often the root cause of lethargy, anxiety, and a lack of motivation in young adults.</p><p><em>Educational Note: This article is designed to provide scientific, European-standard sex education and psychological insights regarding the consumption of adult materials.</em></p>",https://images.unsplash.com/photo-1550831107-1553da8c8464?auto=format&fit=crop&w=800&q=80,2026-06-24T02:26:47.287Z,"Porn Videos, Mental Health, Psychology, Education, Relationships"
"Searching for XXX Movies? How it Destroys Your Dopamine Receptors",searching-for-xxx-movies-74-7020,"Looking for XXX Movies? Before you click, discover how it destroys your dopamine receptors in this comprehensive psychological deep-dive based on European educational standards.","<h2>The Reality Behind Your Search</h2><p>Beyond the neurological impacts, the ethical implications of the adult industry are profound. Many viewers are unaware of the exploitative practices occurring behind the scenes. Educating yourself on the realities of production can often break the illusion and help individuals detach from compulsive viewing habits.</p><h2>Understanding the Neurological Impact</h2><p>In recent years, neuroscientists have discovered that excessive consumption of adult content drastically alters the brain's reward system. The constant flood of dopamine downregulates receptors, meaning everyday pleasures no longer feel satisfying. This is often the root cause of lethargy, anxiety, and a lack of motivation in young adults.</p><h2>The Path to Real Intimacy</h2><p>Mental health professionals often draw parallels between streaming adult videos and substance abuse. The ease of access on smartphones means the 'drug' is always available. Over time, users need more extreme or novel content to achieve the same baseline level of satisfaction, a classic hallmark of escalating addiction.</p><p><em>Educational Note: This article is designed to provide scientific, European-standard sex education and psychological insights regarding the consumption of adult materials.</em></p>",https://images.unsplash.com/photo-1493836512294-502baa1986e2?auto=format&fit=crop&w=800&q=80,2026-06-28T05:12:32.487Z,"XXX Movies, Mental Health, Psychology, Education, Relationships"
"Searching for Sex Tube? Why It Ruins Your Focus and Productivity",searching-for-sex-tube-75-7020,"Looking for Sex Tube? Before you click, discover why it ruins your focus and productivity in this comprehensive psychological deep-dive based on European educational standards.","<h2>The Reality Behind Your Search</h2><p>One of the most alarming trends identified by psychologists is the rise of PIED (Porn-Induced Erectile Dysfunction). Unlike physical dysfunction, PIED is strictly neurological. The brain becomes so accustomed to extreme, high-speed visual stimulation that it can no longer respond to a real human partner. The good news is that abstaining from this content can reverse the damage within months.</p><h2>Understanding the Neurological Impact</h2><p>European sex educators emphasize the importance of distinguishing between fantasy and reality. The adult industry portrays highly choreographed, unrealistic scenarios that create false expectations for real-world intimacy. When individuals attempt to translate these fantasies into their personal lives, it often leads to disappointment and relationship friction.</p><h2>The Path to Real Intimacy</h2><p>One of the most alarming trends identified by psychologists is the rise of PIED (Porn-Induced Erectile Dysfunction). Unlike physical dysfunction, PIED is strictly neurological. The brain becomes so accustomed to extreme, high-speed visual stimulation that it can no longer respond to a real human partner. The good news is that abstaining from this content can reverse the damage within months.</p><p><em>Educational Note: This article is designed to provide scientific, European-standard sex education and psychological insights regarding the consumption of adult materials.</em></p>",https://images.unsplash.com/photo-1499209974431-9dddcece7f88?auto=format&fit=crop&w=800&q=80,2026-07-31T14:43:35.431Z,"Sex Tube, Mental Health, Psychology, Education, Relationships"
"Searching for Hot Adult Content? How Your Brain Rewires Itself After 30 Days",searching-for-hot-adult-content-76-7020,"Looking for Hot Adult Content? Before you click, discover how your brain rewires itself after 30 days in this comprehensive psychological deep-dive based on European educational standards.","<h2>The Reality Behind Your Search</h2><p>Real intimacy requires vulnerability, patience, and emotional connection—three things completely absent in synthetic adult content. By rewiring the brain to expect instant, on-demand gratification, individuals lose the capacity to navigate the beautiful complexities of genuine human relationships.</p><h2>Understanding the Neurological Impact</h2><p>Real intimacy requires vulnerability, patience, and emotional connection—three things completely absent in synthetic adult content. By rewiring the brain to expect instant, on-demand gratification, individuals lose the capacity to navigate the beautiful complexities of genuine human relationships.</p><h2>The Path to Real Intimacy</h2><p>Real intimacy requires vulnerability, patience, and emotional connection—three things completely absent in synthetic adult content. By rewiring the brain to expect instant, on-demand gratification, individuals lose the capacity to navigate the beautiful complexities of genuine human relationships.</p><p><em>Educational Note: This article is designed to provide scientific, European-standard sex education and psychological insights regarding the consumption of adult materials.</em></p>",https://images.unsplash.com/photo-1505506874110-6a7a6c9924cb?auto=format&fit=crop&w=800&q=80,2026-07-16T17:33:42.711Z,"Hot Adult Content, Mental Health, Psychology, Education, Relationships"
"Searching for Free Sex Videos? The Link Between Adult Content and Severe Anxiety",searching-for-free-sex-videos-77-7020,"Looking for Free Sex Videos? Before you click, discover the link between adult content and severe anxiety in this comprehensive psychological deep-dive based on European educational standards.","<h2>The Reality Behind Your Search</h2><p>Mental health professionals often draw parallels between streaming adult videos and substance abuse. The ease of access on smartphones means the 'drug' is always available. Over time, users need more extreme or novel content to achieve the same baseline level of satisfaction, a classic hallmark of escalating addiction.</p><h2>Understanding the Neurological Impact</h2><p>Real intimacy requires vulnerability, patience, and emotional connection—three things completely absent in synthetic adult content. By rewiring the brain to expect instant, on-demand gratification, individuals lose the capacity to navigate the beautiful complexities of genuine human relationships.</p><h2>The Path to Real Intimacy</h2><p>Recovery starts with awareness. If you find yourself mindlessly scrolling through tube sites late at night, your brain is likely seeking an escape from stress or loneliness. Replacing this habit with healthy coping mechanisms, such as exercise, meditation, or genuine social interaction, is the first step toward reclaiming your mental clarity.</p><p><em>Educational Note: This article is designed to provide scientific, European-standard sex education and psychological insights regarding the consumption of adult materials.</em></p>",https://images.unsplash.com/photo-1520607162513-77705c0f0d4a?auto=format&fit=crop&w=800&q=80,2026-09-13T15:37:03.654Z,"Free Sex Videos, Mental Health, Psychology, Education, Relationships"
"Searching for Adult Streaming? Why It Causes Erectile Dysfunction in Young Men",searching-for-adult-streaming-78-7020,"Looking for Adult Streaming? Before you click, discover why it causes erectile dysfunction in young men in this comprehensive psychological deep-dive based on European educational standards.","<h2>The Reality Behind Your Search</h2><p>Mental health professionals often draw parallels between streaming adult videos and substance abuse. The ease of access on smartphones means the 'drug' is always available. Over time, users need more extreme or novel content to achieve the same baseline level of satisfaction, a classic hallmark of escalating addiction.</p><h2>Understanding the Neurological Impact</h2><p>Recovery starts with awareness. If you find yourself mindlessly scrolling through tube sites late at night, your brain is likely seeking an escape from stress or loneliness. Replacing this habit with healthy coping mechanisms, such as exercise, meditation, or genuine social interaction, is the first step toward reclaiming your mental clarity.</p><h2>The Path to Real Intimacy</h2><p>Beyond the neurological impacts, the ethical implications of the adult industry are profound. Many viewers are unaware of the exploitative practices occurring behind the scenes. Educating yourself on the realities of production can often break the illusion and help individuals detach from compulsive viewing habits.</p><p><em>Educational Note: This article is designed to provide scientific, European-standard sex education and psychological insights regarding the consumption of adult materials.</em></p>",https://images.unsplash.com/photo-1559650656-5d1d361ad10e?auto=format&fit=crop&w=800&q=80,2026-09-26T00:33:09.587Z,"Adult Streaming, Mental Health, Psychology, Education, Relationships"
"Searching for Pornography Free? How it Destroys Your Dopamine Receptors",searching-for-pornography-free-79-7020,"Looking for Pornography Free? Before you click, discover how it destroys your dopamine receptors in this comprehensive psychological deep-dive based on European educational standards.","<h2>The Reality Behind Your Search</h2><p>European sex educators emphasize the importance of distinguishing between fantasy and reality. The adult industry portrays highly choreographed, unrealistic scenarios that create false expectations for real-world intimacy. When individuals attempt to translate these fantasies into their personal lives, it often leads to disappointment and relationship friction.</p><h2>Understanding the Neurological Impact</h2><p>Beyond the neurological impacts, the ethical implications of the adult industry are profound. Many viewers are unaware of the exploitative practices occurring behind the scenes. Educating yourself on the realities of production can often break the illusion and help individuals detach from compulsive viewing habits.</p><h2>The Path to Real Intimacy</h2><p>Recovery starts with awareness. If you find yourself mindlessly scrolling through tube sites late at night, your brain is likely seeking an escape from stress or loneliness. Replacing this habit with healthy coping mechanisms, such as exercise, meditation, or genuine social interaction, is the first step toward reclaiming your mental clarity.</p><p><em>Educational Note: This article is designed to provide scientific, European-standard sex education and psychological insights regarding the consumption of adult materials.</em></p>",https://images.unsplash.com/photo-1550831107-1553da8c8464?auto=format&fit=crop&w=800&q=80,2026-09-09T20:42:11.839Z,"Pornography Free, Mental Health, Psychology, Education, Relationships"
"Searching for Hardcore Videos? The Hidden Impact on Intimate Relationships",searching-for-hardcore-videos-80-7020,"Looking for Hardcore Videos? Before you click, discover the hidden impact on intimate relationships in this comprehensive psychological deep-dive based on European educational standards.","<h2>The Reality Behind Your Search</h2><p>One of the most alarming trends identified by psychologists is the rise of PIED (Porn-Induced Erectile Dysfunction). Unlike physical dysfunction, PIED is strictly neurological. The brain becomes so accustomed to extreme, high-speed visual stimulation that it can no longer respond to a real human partner. The good news is that abstaining from this content can reverse the damage within months.</p><h2>Understanding the Neurological Impact</h2><p>In recent years, neuroscientists have discovered that excessive consumption of adult content drastically alters the brain's reward system. The constant flood of dopamine downregulates receptors, meaning everyday pleasures no longer feel satisfying. This is often the root cause of lethargy, anxiety, and a lack of motivation in young adults.</p><h2>The Path to Real Intimacy</h2><p>One of the most alarming trends identified by psychologists is the rise of PIED (Porn-Induced Erectile Dysfunction). Unlike physical dysfunction, PIED is strictly neurological. The brain becomes so accustomed to extreme, high-speed visual stimulation that it can no longer respond to a real human partner. The good news is that abstaining from this content can reverse the damage within months.</p><p><em>Educational Note: This article is designed to provide scientific, European-standard sex education and psychological insights regarding the consumption of adult materials.</em></p>",https://images.unsplash.com/photo-1493836512294-502baa1986e2?auto=format&fit=crop&w=800&q=80,2026-09-24T07:20:57.611Z,"Hardcore Videos, Mental Health, Psychology, Education, Relationships"
"Searching for Teen Adult Content? The Link Between Adult Content and Severe Anxiety",searching-for-teen-adult-content-81-7020,"Looking for Teen Adult Content? Before you click, discover the link between adult content and severe anxiety in this comprehensive psychological deep-dive based on European educational standards.","<h2>The Reality Behind Your Search</h2><p>Real intimacy requires vulnerability, patience, and emotional connection—three things completely absent in synthetic adult content. By rewiring the brain to expect instant, on-demand gratification, individuals lose the capacity to navigate the beautiful complexities of genuine human relationships.</p><h2>Understanding the Neurological Impact</h2><p>Mental health professionals often draw parallels between streaming adult videos and substance abuse. The ease of access on smartphones means the 'drug' is always available. Over time, users need more extreme or novel content to achieve the same baseline level of satisfaction, a classic hallmark of escalating addiction.</p><h2>The Path to Real Intimacy</h2><p>Mental health professionals often draw parallels between streaming adult videos and substance abuse. The ease of access on smartphones means the 'drug' is always available. Over time, users need more extreme or novel content to achieve the same baseline level of satisfaction, a classic hallmark of escalating addiction.</p><p><em>Educational Note: This article is designed to provide scientific, European-standard sex education and psychological insights regarding the consumption of adult materials.</em></p>",https://images.unsplash.com/photo-1499209974431-9dddcece7f88?auto=format&fit=crop&w=800&q=80,2026-06-11T04:48:13.447Z,"Teen Adult Content, Mental Health, Psychology, Education, Relationships"
"Searching for Mature Adult Tube? Why It Ruins Your Focus and Productivity",searching-for-mature-adult-tube-82-7020,"Looking for Mature Adult Tube? Before you click, discover why it ruins your focus and productivity in this comprehensive psychological deep-dive based on European educational standards.","<h2>The Reality Behind Your Search</h2><p>Mental health professionals often draw parallels between streaming adult videos and substance abuse. The ease of access on smartphones means the 'drug' is always available. Over time, users need more extreme or novel content to achieve the same baseline level of satisfaction, a classic hallmark of escalating addiction.</p><h2>Understanding the Neurological Impact</h2><p>In recent years, neuroscientists have discovered that excessive consumption of adult content drastically alters the brain's reward system. The constant flood of dopamine downregulates receptors, meaning everyday pleasures no longer feel satisfying. This is often the root cause of lethargy, anxiety, and a lack of motivation in young adults.</p><h2>The Path to Real Intimacy</h2><p>Recovery starts with awareness. If you find yourself mindlessly scrolling through tube sites late at night, your brain is likely seeking an escape from stress or loneliness. Replacing this habit with healthy coping mechanisms, such as exercise, meditation, or genuine social interaction, is the first step toward reclaiming your mental clarity.</p><p><em>Educational Note: This article is designed to provide scientific, European-standard sex education and psychological insights regarding the consumption of adult materials.</em></p>",https://images.unsplash.com/photo-1505506874110-6a7a6c9924cb?auto=format&fit=crop&w=800&q=80,2026-07-21T14:47:33.857Z,"Mature Adult Tube, Mental Health, Psychology, Education, Relationships"
"Searching for Adult Movies Free? The Link Between Adult Content and Severe Anxiety",searching-for-adult-movies-free-83-7020,"Looking for Adult Movies Free? Before you click, discover the link between adult content and severe anxiety in this comprehensive psychological deep-dive based on European educational standards.","<h2>The Reality Behind Your Search</h2><p>One of the most alarming trends identified by psychologists is the rise of PIED (Porn-Induced Erectile Dysfunction). Unlike physical dysfunction, PIED is strictly neurological. The brain becomes so accustomed to extreme, high-speed visual stimulation that it can no longer respond to a real human partner. The good news is that abstaining from this content can reverse the damage within months.</p><h2>Understanding the Neurological Impact</h2><p>In recent years, neuroscientists have discovered that excessive consumption of adult content drastically alters the brain's reward system. The constant flood of dopamine downregulates receptors, meaning everyday pleasures no longer feel satisfying. This is often the root cause of lethargy, anxiety, and a lack of motivation in young adults.</p><h2>The Path to Real Intimacy</h2><p>Beyond the neurological impacts, the ethical implications of the adult industry are profound. Many viewers are unaware of the exploitative practices occurring behind the scenes. Educating yourself on the realities of production can often break the illusion and help individuals detach from compulsive viewing habits.</p><p><em>Educational Note: This article is designed to provide scientific, European-standard sex education and psychological insights regarding the consumption of adult materials.</em></p>",https://images.unsplash.com/photo-1520607162513-77705c0f0d4a?auto=format&fit=crop&w=800&q=80,2026-07-27T11:46:49.127Z,"Adult Movies Free, Mental Health, Psychology, Education, Relationships"
"Searching for Free Adult Videos? The Hidden Impact on Intimate Relationships",searching-for-free-adult-videos-84-7020,"Looking for Free Adult Videos? Before you click, discover the hidden impact on intimate relationships in this comprehensive psychological deep-dive based on European educational standards.","<h2>The Reality Behind Your Search</h2><p>Real intimacy requires vulnerability, patience, and emotional connection—three things completely absent in synthetic adult content. By rewiring the brain to expect instant, on-demand gratification, individuals lose the capacity to navigate the beautiful complexities of genuine human relationships.</p><h2>Understanding the Neurological Impact</h2><p>In recent years, neuroscientists have discovered that excessive consumption of adult content drastically alters the brain's reward system. The constant flood of dopamine downregulates receptors, meaning everyday pleasures no longer feel satisfying. This is often the root cause of lethargy, anxiety, and a lack of motivation in young adults.</p><h2>The Path to Real Intimacy</h2><p>Mental health professionals often draw parallels between streaming adult videos and substance abuse. The ease of access on smartphones means the 'drug' is always available. Over time, users need more extreme or novel content to achieve the same baseline level of satisfaction, a classic hallmark of escalating addiction.</p><p><em>Educational Note: This article is designed to provide scientific, European-standard sex education and psychological insights regarding the consumption of adult materials.</em></p>",https://images.unsplash.com/photo-1559650656-5d1d361ad10e?auto=format&fit=crop&w=800&q=80,2026-07-03T13:16:15.407Z,"Free Adult Videos, Mental Health, Psychology, Education, Relationships"
"Searching for Porn Videos? The Dark Truth Behind the Adult Industry",searching-for-porn-videos-85-7020,"Looking for Porn Videos? Before you click, discover the dark truth behind the adult industry in this comprehensive psychological deep-dive based on European educational standards.","<h2>The Reality Behind Your Search</h2><p>European sex educators emphasize the importance of distinguishing between fantasy and reality. The adult industry portrays highly choreographed, unrealistic scenarios that create false expectations for real-world intimacy. When individuals attempt to translate these fantasies into their personal lives, it often leads to disappointment and relationship friction.</p><h2>Understanding the Neurological Impact</h2><p>European sex educators emphasize the importance of distinguishing between fantasy and reality. The adult industry portrays highly choreographed, unrealistic scenarios that create false expectations for real-world intimacy. When individuals attempt to translate these fantasies into their personal lives, it often leads to disappointment and relationship friction.</p><h2>The Path to Real Intimacy</h2><p>In recent years, neuroscientists have discovered that excessive consumption of adult content drastically alters the brain's reward system. The constant flood of dopamine downregulates receptors, meaning everyday pleasures no longer feel satisfying. This is often the root cause of lethargy, anxiety, and a lack of motivation in young adults.</p><p><em>Educational Note: This article is designed to provide scientific, European-standard sex education and psychological insights regarding the consumption of adult materials.</em></p>",https://images.unsplash.com/photo-1550831107-1553da8c8464?auto=format&fit=crop&w=800&q=80,2026-07-09T20:15:45.622Z,"Porn Videos, Mental Health, Psychology, Education, Relationships"
"Searching for XXX Movies? The Psychological Trap You Can't Escape",searching-for-xxx-movies-86-7020,"Looking for XXX Movies? Before you click, discover the psychological trap you can't escape in this comprehensive psychological deep-dive based on European educational standards.","<h2>The Reality Behind Your Search</h2><p>Beyond the neurological impacts, the ethical implications of the adult industry are profound. Many viewers are unaware of the exploitative practices occurring behind the scenes. Educating yourself on the realities of production can often break the illusion and help individuals detach from compulsive viewing habits.</p><h2>Understanding the Neurological Impact</h2><p>European sex educators emphasize the importance of distinguishing between fantasy and reality. The adult industry portrays highly choreographed, unrealistic scenarios that create false expectations for real-world intimacy. When individuals attempt to translate these fantasies into their personal lives, it often leads to disappointment and relationship friction.</p><h2>The Path to Real Intimacy</h2><p>Real intimacy requires vulnerability, patience, and emotional connection—three things completely absent in synthetic adult content. By rewiring the brain to expect instant, on-demand gratification, individuals lose the capacity to navigate the beautiful complexities of genuine human relationships.</p><p><em>Educational Note: This article is designed to provide scientific, European-standard sex education and psychological insights regarding the consumption of adult materials.</em></p>",https://images.unsplash.com/photo-1493836512294-502baa1986e2?auto=format&fit=crop&w=800&q=80,2026-06-11T00:07:26.311Z,"XXX Movies, Mental Health, Psychology, Education, Relationships"
"Searching for Sex Tube? How It Distorts Your View of Real Intimacy",searching-for-sex-tube-87-7020,"Looking for Sex Tube? Before you click, discover how it distorts your view of real intimacy in this comprehensive psychological deep-dive based on European educational standards.","<h2>The Reality Behind Your Search</h2><p>European sex educators emphasize the importance of distinguishing between fantasy and reality. The adult industry portrays highly choreographed, unrealistic scenarios that create false expectations for real-world intimacy. When individuals attempt to translate these fantasies into their personal lives, it often leads to disappointment and relationship friction.</p><h2>Understanding the Neurological Impact</h2><p>European sex educators emphasize the importance of distinguishing between fantasy and reality. The adult industry portrays highly choreographed, unrealistic scenarios that create false expectations for real-world intimacy. When individuals attempt to translate these fantasies into their personal lives, it often leads to disappointment and relationship friction.</p><h2>The Path to Real Intimacy</h2><p>Recovery starts with awareness. If you find yourself mindlessly scrolling through tube sites late at night, your brain is likely seeking an escape from stress or loneliness. Replacing this habit with healthy coping mechanisms, such as exercise, meditation, or genuine social interaction, is the first step toward reclaiming your mental clarity.</p><p><em>Educational Note: This article is designed to provide scientific, European-standard sex education and psychological insights regarding the consumption of adult materials.</em></p>",https://images.unsplash.com/photo-1499209974431-9dddcece7f88?auto=format&fit=crop&w=800&q=80,2026-07-24T06:02:36.903Z,"Sex Tube, Mental Health, Psychology, Education, Relationships"
"Searching for Hot Adult Content? The Link Between Adult Content and Severe Anxiety",searching-for-hot-adult-content-88-7020,"Looking for Hot Adult Content? Before you click, discover the link between adult content and severe anxiety in this comprehensive psychological deep-dive based on European educational standards.","<h2>The Reality Behind Your Search</h2><p>Recovery starts with awareness. If you find yourself mindlessly scrolling through tube sites late at night, your brain is likely seeking an escape from stress or loneliness. Replacing this habit with healthy coping mechanisms, such as exercise, meditation, or genuine social interaction, is the first step toward reclaiming your mental clarity.</p><h2>Understanding the Neurological Impact</h2><p>European sex educators emphasize the importance of distinguishing between fantasy and reality. The adult industry portrays highly choreographed, unrealistic scenarios that create false expectations for real-world intimacy. When individuals attempt to translate these fantasies into their personal lives, it often leads to disappointment and relationship friction.</p><h2>The Path to Real Intimacy</h2><p>Recovery starts with awareness. If you find yourself mindlessly scrolling through tube sites late at night, your brain is likely seeking an escape from stress or loneliness. Replacing this habit with healthy coping mechanisms, such as exercise, meditation, or genuine social interaction, is the first step toward reclaiming your mental clarity.</p><p><em>Educational Note: This article is designed to provide scientific, European-standard sex education and psychological insights regarding the consumption of adult materials.</em></p>",https://images.unsplash.com/photo-1505506874110-6a7a6c9924cb?auto=format&fit=crop&w=800&q=80,2026-06-20T22:43:49.521Z,"Hot Adult Content, Mental Health, Psychology, Education, Relationships"
"Searching for Free Sex Videos? The Dark Truth Behind the Adult Industry",searching-for-free-sex-videos-89-7020,"Looking for Free Sex Videos? Before you click, discover the dark truth behind the adult industry in this comprehensive psychological deep-dive based on European educational standards.","<h2>The Reality Behind Your Search</h2><p>In recent years, neuroscientists have discovered that excessive consumption of adult content drastically alters the brain's reward system. The constant flood of dopamine downregulates receptors, meaning everyday pleasures no longer feel satisfying. This is often the root cause of lethargy, anxiety, and a lack of motivation in young adults.</p><h2>Understanding the Neurological Impact</h2><p>Mental health professionals often draw parallels between streaming adult videos and substance abuse. The ease of access on smartphones means the 'drug' is always available. Over time, users need more extreme or novel content to achieve the same baseline level of satisfaction, a classic hallmark of escalating addiction.</p><h2>The Path to Real Intimacy</h2><p>In recent years, neuroscientists have discovered that excessive consumption of adult content drastically alters the brain's reward system. The constant flood of dopamine downregulates receptors, meaning everyday pleasures no longer feel satisfying. This is often the root cause of lethargy, anxiety, and a lack of motivation in young adults.</p><p><em>Educational Note: This article is designed to provide scientific, European-standard sex education and psychological insights regarding the consumption of adult materials.</em></p>",https://images.unsplash.com/photo-1520607162513-77705c0f0d4a?auto=format&fit=crop&w=800&q=80,2026-07-21T21:27:19.155Z,"Free Sex Videos, Mental Health, Psychology, Education, Relationships"
"Searching for Adult Streaming? How it Destroys Your Dopamine Receptors",searching-for-adult-streaming-90-7020,"Looking for Adult Streaming? Before you click, discover how it destroys your dopamine receptors in this comprehensive psychological deep-dive based on European educational standards.","<h2>The Reality Behind Your Search</h2><p>Beyond the neurological impacts, the ethical implications of the adult industry are profound. Many viewers are unaware of the exploitative practices occurring behind the scenes. Educating yourself on the realities of production can often break the illusion and help individuals detach from compulsive viewing habits.</p><h2>Understanding the Neurological Impact</h2><p>One of the most alarming trends identified by psychologists is the rise of PIED (Porn-Induced Erectile Dysfunction). Unlike physical dysfunction, PIED is strictly neurological. The brain becomes so accustomed to extreme, high-speed visual stimulation that it can no longer respond to a real human partner. The good news is that abstaining from this content can reverse the damage within months.</p><h2>The Path to Real Intimacy</h2><p>Recovery starts with awareness. If you find yourself mindlessly scrolling through tube sites late at night, your brain is likely seeking an escape from stress or loneliness. Replacing this habit with healthy coping mechanisms, such as exercise, meditation, or genuine social interaction, is the first step toward reclaiming your mental clarity.</p><p><em>Educational Note: This article is designed to provide scientific, European-standard sex education and psychological insights regarding the consumption of adult materials.</em></p>",https://images.unsplash.com/photo-1559650656-5d1d361ad10e?auto=format&fit=crop&w=800&q=80,2026-06-15T17:15:53.555Z,"Adult Streaming, Mental Health, Psychology, Education, Relationships"
"Searching for Pornography Free? The Science of Addiction and Recovery",searching-for-pornography-free-91-7020,"Looking for Pornography Free? Before you click, discover the science of addiction and recovery in this comprehensive psychological deep-dive based on European educational standards.","<h2>The Reality Behind Your Search</h2><p>Recovery starts with awareness. If you find yourself mindlessly scrolling through tube sites late at night, your brain is likely seeking an escape from stress or loneliness. Replacing this habit with healthy coping mechanisms, such as exercise, meditation, or genuine social interaction, is the first step toward reclaiming your mental clarity.</p><h2>Understanding the Neurological Impact</h2><p>Mental health professionals often draw parallels between streaming adult videos and substance abuse. The ease of access on smartphones means the 'drug' is always available. Over time, users need more extreme or novel content to achieve the same baseline level of satisfaction, a classic hallmark of escalating addiction.</p><h2>The Path to Real Intimacy</h2><p>In recent years, neuroscientists have discovered that excessive consumption of adult content drastically alters the brain's reward system. The constant flood of dopamine downregulates receptors, meaning everyday pleasures no longer feel satisfying. This is often the root cause of lethargy, anxiety, and a lack of motivation in young adults.</p><p><em>Educational Note: This article is designed to provide scientific, European-standard sex education and psychological insights regarding the consumption of adult materials.</em></p>",https://images.unsplash.com/photo-1550831107-1553da8c8464?auto=format&fit=crop&w=800&q=80,2026-07-13T22:49:09.847Z,"Pornography Free, Mental Health, Psychology, Education, Relationships"
"Searching for Hardcore Videos? The Link Between Adult Content and Severe Anxiety",searching-for-hardcore-videos-92-7020,"Looking for Hardcore Videos? Before you click, discover the link between adult content and severe anxiety in this comprehensive psychological deep-dive based on European educational standards.","<h2>The Reality Behind Your Search</h2><p>Recovery starts with awareness. If you find yourself mindlessly scrolling through tube sites late at night, your brain is likely seeking an escape from stress or loneliness. Replacing this habit with healthy coping mechanisms, such as exercise, meditation, or genuine social interaction, is the first step toward reclaiming your mental clarity.</p><h2>Understanding the Neurological Impact</h2><p>Recovery starts with awareness. If you find yourself mindlessly scrolling through tube sites late at night, your brain is likely seeking an escape from stress or loneliness. Replacing this habit with healthy coping mechanisms, such as exercise, meditation, or genuine social interaction, is the first step toward reclaiming your mental clarity.</p><h2>The Path to Real Intimacy</h2><p>Recovery starts with awareness. If you find yourself mindlessly scrolling through tube sites late at night, your brain is likely seeking an escape from stress or loneliness. Replacing this habit with healthy coping mechanisms, such as exercise, meditation, or genuine social interaction, is the first step toward reclaiming your mental clarity.</p><p><em>Educational Note: This article is designed to provide scientific, European-standard sex education and psychological insights regarding the consumption of adult materials.</em></p>",https://images.unsplash.com/photo-1493836512294-502baa1986e2?auto=format&fit=crop&w=800&q=80,2026-08-21T05:44:11.552Z,"Hardcore Videos, Mental Health, Psychology, Education, Relationships"
"Searching for Teen Adult Content? The Link Between Adult Content and Severe Anxiety",searching-for-teen-adult-content-93-7020,"Looking for Teen Adult Content? Before you click, discover the link between adult content and severe anxiety in this comprehensive psychological deep-dive based on European educational standards.","<h2>The Reality Behind Your Search</h2><p>Beyond the neurological impacts, the ethical implications of the adult industry are profound. Many viewers are unaware of the exploitative practices occurring behind the scenes. Educating yourself on the realities of production can often break the illusion and help individuals detach from compulsive viewing habits.</p><h2>Understanding the Neurological Impact</h2><p>Real intimacy requires vulnerability, patience, and emotional connection—three things completely absent in synthetic adult content. By rewiring the brain to expect instant, on-demand gratification, individuals lose the capacity to navigate the beautiful complexities of genuine human relationships.</p><h2>The Path to Real Intimacy</h2><p>European sex educators emphasize the importance of distinguishing between fantasy and reality. The adult industry portrays highly choreographed, unrealistic scenarios that create false expectations for real-world intimacy. When individuals attempt to translate these fantasies into their personal lives, it often leads to disappointment and relationship friction.</p><p><em>Educational Note: This article is designed to provide scientific, European-standard sex education and psychological insights regarding the consumption of adult materials.</em></p>",https://images.unsplash.com/photo-1499209974431-9dddcece7f88?auto=format&fit=crop&w=800&q=80,2026-08-31T08:19:46.658Z,"Teen Adult Content, Mental Health, Psychology, Education, Relationships"
"Searching for Mature Adult Tube? The Science of Addiction and Recovery",searching-for-mature-adult-tube-94-7020,"Looking for Mature Adult Tube? Before you click, discover the science of addiction and recovery in this comprehensive psychological deep-dive based on European educational standards.","<h2>The Reality Behind Your Search</h2><p>Recovery starts with awareness. If you find yourself mindlessly scrolling through tube sites late at night, your brain is likely seeking an escape from stress or loneliness. Replacing this habit with healthy coping mechanisms, such as exercise, meditation, or genuine social interaction, is the first step toward reclaiming your mental clarity.</p><h2>Understanding the Neurological Impact</h2><p>Mental health professionals often draw parallels between streaming adult videos and substance abuse. The ease of access on smartphones means the 'drug' is always available. Over time, users need more extreme or novel content to achieve the same baseline level of satisfaction, a classic hallmark of escalating addiction.</p><h2>The Path to Real Intimacy</h2><p>Real intimacy requires vulnerability, patience, and emotional connection—three things completely absent in synthetic adult content. By rewiring the brain to expect instant, on-demand gratification, individuals lose the capacity to navigate the beautiful complexities of genuine human relationships.</p><p><em>Educational Note: This article is designed to provide scientific, European-standard sex education and psychological insights regarding the consumption of adult materials.</em></p>",https://images.unsplash.com/photo-1505506874110-6a7a6c9924cb?auto=format&fit=crop&w=800&q=80,2026-07-24T17:28:10.641Z,"Mature Adult Tube, Mental Health, Psychology, Education, Relationships"
"Searching for Adult Movies Free? The Psychological Trap You Can't Escape",searching-for-adult-movies-free-95-7020,"Looking for Adult Movies Free? Before you click, discover the psychological trap you can't escape in this comprehensive psychological deep-dive based on European educational standards.","<h2>The Reality Behind Your Search</h2><p>European sex educators emphasize the importance of distinguishing between fantasy and reality. The adult industry portrays highly choreographed, unrealistic scenarios that create false expectations for real-world intimacy. When individuals attempt to translate these fantasies into their personal lives, it often leads to disappointment and relationship friction.</p><h2>Understanding the Neurological Impact</h2><p>One of the most alarming trends identified by psychologists is the rise of PIED (Porn-Induced Erectile Dysfunction). Unlike physical dysfunction, PIED is strictly neurological. The brain becomes so accustomed to extreme, high-speed visual stimulation that it can no longer respond to a real human partner. The good news is that abstaining from this content can reverse the damage within months.</p><h2>The Path to Real Intimacy</h2><p>In recent years, neuroscientists have discovered that excessive consumption of adult content drastically alters the brain's reward system. The constant flood of dopamine downregulates receptors, meaning everyday pleasures no longer feel satisfying. This is often the root cause of lethargy, anxiety, and a lack of motivation in young adults.</p><p><em>Educational Note: This article is designed to provide scientific, European-standard sex education and psychological insights regarding the consumption of adult materials.</em></p>",https://images.unsplash.com/photo-1520607162513-77705c0f0d4a?auto=format&fit=crop&w=800&q=80,2026-07-28T16:28:47.915Z,"Adult Movies Free, Mental Health, Psychology, Education, Relationships"
"Searching for Free Adult Videos? How it Destroys Your Dopamine Receptors",searching-for-free-adult-videos-96-7020,"Looking for Free Adult Videos? Before you click, discover how it destroys your dopamine receptors in this comprehensive psychological deep-dive based on European educational standards.","<h2>The Reality Behind Your Search</h2><p>Beyond the neurological impacts, the ethical implications of the adult industry are profound. Many viewers are unaware of the exploitative practices occurring behind the scenes. Educating yourself on the realities of production can often break the illusion and help individuals detach from compulsive viewing habits.</p><h2>Understanding the Neurological Impact</h2><p>One of the most alarming trends identified by psychologists is the rise of PIED (Porn-Induced Erectile Dysfunction). Unlike physical dysfunction, PIED is strictly neurological. The brain becomes so accustomed to extreme, high-speed visual stimulation that it can no longer respond to a real human partner. The good news is that abstaining from this content can reverse the damage within months.</p><h2>The Path to Real Intimacy</h2><p>European sex educators emphasize the importance of distinguishing between fantasy and reality. The adult industry portrays highly choreographed, unrealistic scenarios that create false expectations for real-world intimacy. When individuals attempt to translate these fantasies into their personal lives, it often leads to disappointment and relationship friction.</p><p><em>Educational Note: This article is designed to provide scientific, European-standard sex education and psychological insights regarding the consumption of adult materials.</em></p>",https://images.unsplash.com/photo-1559650656-5d1d361ad10e?auto=format&fit=crop&w=800&q=80,2026-07-14T18:20:40.815Z,"Free Adult Videos, Mental Health, Psychology, Education, Relationships"
"Searching for Porn Videos? How It Distorts Your View of Real Intimacy",searching-for-porn-videos-97-7020,"Looking for Porn Videos? Before you click, discover how it distorts your view of real intimacy in this comprehensive psychological deep-dive based on European educational standards.","<h2>The Reality Behind Your Search</h2><p>Real intimacy requires vulnerability, patience, and emotional connection—three things completely absent in synthetic adult content. By rewiring the brain to expect instant, on-demand gratification, individuals lose the capacity to navigate the beautiful complexities of genuine human relationships.</p><h2>Understanding the Neurological Impact</h2><p>Beyond the neurological impacts, the ethical implications of the adult industry are profound. Many viewers are unaware of the exploitative practices occurring behind the scenes. Educating yourself on the realities of production can often break the illusion and help individuals detach from compulsive viewing habits.</p><h2>The Path to Real Intimacy</h2><p>In recent years, neuroscientists have discovered that excessive consumption of adult content drastically alters the brain's reward system. The constant flood of dopamine downregulates receptors, meaning everyday pleasures no longer feel satisfying. This is often the root cause of lethargy, anxiety, and a lack of motivation in young adults.</p><p><em>Educational Note: This article is designed to provide scientific, European-standard sex education and psychological insights regarding the consumption of adult materials.</em></p>",https://images.unsplash.com/photo-1550831107-1553da8c8464?auto=format&fit=crop&w=800&q=80,2026-07-03T10:33:49.957Z,"Porn Videos, Mental Health, Psychology, Education, Relationships"
"Searching for XXX Movies? Why It Ruins Your Focus and Productivity",searching-for-xxx-movies-98-7020,"Looking for XXX Movies? Before you click, discover why it ruins your focus and productivity in this comprehensive psychological deep-dive based on European educational standards.","<h2>The Reality Behind Your Search</h2><p>Recovery starts with awareness. If you find yourself mindlessly scrolling through tube sites late at night, your brain is likely seeking an escape from stress or loneliness. Replacing this habit with healthy coping mechanisms, such as exercise, meditation, or genuine social interaction, is the first step toward reclaiming your mental clarity.</p><h2>Understanding the Neurological Impact</h2><p>Beyond the neurological impacts, the ethical implications of the adult industry are profound. Many viewers are unaware of the exploitative practices occurring behind the scenes. Educating yourself on the realities of production can often break the illusion and help individuals detach from compulsive viewing habits.</p><h2>The Path to Real Intimacy</h2><p>Recovery starts with awareness. If you find yourself mindlessly scrolling through tube sites late at night, your brain is likely seeking an escape from stress or loneliness. Replacing this habit with healthy coping mechanisms, such as exercise, meditation, or genuine social interaction, is the first step toward reclaiming your mental clarity.</p><p><em>Educational Note: This article is designed to provide scientific, European-standard sex education and psychological insights regarding the consumption of adult materials.</em></p>",https://images.unsplash.com/photo-1493836512294-502baa1986e2?auto=format&fit=crop&w=800&q=80,2026-07-24T02:41:49.926Z,"XXX Movies, Mental Health, Psychology, Education, Relationships"
"Searching for Sex Tube? How it Destroys Your Dopamine Receptors",searching-for-sex-tube-99-7020,"Looking for Sex Tube? Before you click, discover how it destroys your dopamine receptors in this comprehensive psychological deep-dive based on European educational standards.","<h2>The Reality Behind Your Search</h2><p>Real intimacy requires vulnerability, patience, and emotional connection—three things completely absent in synthetic adult content. By rewiring the brain to expect instant, on-demand gratification, individuals lose the capacity to navigate the beautiful complexities of genuine human relationships.</p><h2>Understanding the Neurological Impact</h2><p>In recent years, neuroscientists have discovered that excessive consumption of adult content drastically alters the brain's reward system. The constant flood of dopamine downregulates receptors, meaning everyday pleasures no longer feel satisfying. This is often the root cause of lethargy, anxiety, and a lack of motivation in young adults.</p><h2>The Path to Real Intimacy</h2><p>Mental health professionals often draw parallels between streaming adult videos and substance abuse. The ease of access on smartphones means the 'drug' is always available. Over time, users need more extreme or novel content to achieve the same baseline level of satisfaction, a classic hallmark of escalating addiction.</p><p><em>Educational Note: This article is designed to provide scientific, European-standard sex education and psychological insights regarding the consumption of adult materials.</em></p>",https://images.unsplash.com/photo-1499209974431-9dddcece7f88?auto=format&fit=crop&w=800&q=80,2026-08-05T19:56:43.647Z,"Sex Tube, Mental Health, Psychology, Education, Relationships"
"Searching for Hot Adult Content? Why It Ruins Your Focus and Productivity",searching-for-hot-adult-content-100-7020,"Looking for Hot Adult Content? Before you click, discover why it ruins your focus and productivity in this comprehensive psychological deep-dive based on European educational standards.","<h2>The Reality Behind Your Search</h2><p>Real intimacy requires vulnerability, patience, and emotional connection—three things completely absent in synthetic adult content. By rewiring the brain to expect instant, on-demand gratification, individuals lose the capacity to navigate the beautiful complexities of genuine human relationships.</p><h2>Understanding the Neurological Impact</h2><p>European sex educators emphasize the importance of distinguishing between fantasy and reality. The adult industry portrays highly choreographed, unrealistic scenarios that create false expectations for real-world intimacy. When individuals attempt to translate these fantasies into their personal lives, it often leads to disappointment and relationship friction.</p><h2>The Path to Real Intimacy</h2><p>Mental health professionals often draw parallels between streaming adult videos and substance abuse. The ease of access on smartphones means the 'drug' is always available. Over time, users need more extreme or novel content to achieve the same baseline level of satisfaction, a classic hallmark of escalating addiction.</p><p><em>Educational Note: This article is designed to provide scientific, European-standard sex education and psychological insights regarding the consumption of adult materials.</em></p>",https://images.unsplash.com/photo-1505506874110-6a7a6c9924cb?auto=format&fit=crop&w=800&q=80,2026-07-31T12:03:13.286Z,"Hot Adult Content, Mental Health, Psychology, Education, Relationships"
"Searching for Free Sex Videos? The Psychological Trap You Can't Escape",searching-for-free-sex-videos-101-7020,"Looking for Free Sex Videos? Before you click, discover the psychological trap you can't escape in this comprehensive psychological deep-dive based on European educational standards.","<h2>The Reality Behind Your Search</h2><p>One of the most alarming trends identified by psychologists is the rise of PIED (Porn-Induced Erectile Dysfunction). Unlike physical dysfunction, PIED is strictly neurological. The brain becomes so accustomed to extreme, high-speed visual stimulation that it can no longer respond to a real human partner. The good news is that abstaining from this content can reverse the damage within months.</p><h2>Understanding the Neurological Impact</h2><p>Real intimacy requires vulnerability, patience, and emotional connection—three things completely absent in synthetic adult content. By rewiring the brain to expect instant, on-demand gratification, individuals lose the capacity to navigate the beautiful complexities of genuine human relationships.</p><h2>The Path to Real Intimacy</h2><p>Mental health professionals often draw parallels between streaming adult videos and substance abuse. The ease of access on smartphones means the 'drug' is always available. Over time, users need more extreme or novel content to achieve the same baseline level of satisfaction, a classic hallmark of escalating addiction.</p><p><em>Educational Note: This article is designed to provide scientific, European-standard sex education and psychological insights regarding the consumption of adult materials.</em></p>",https://images.unsplash.com/photo-1520607162513-77705c0f0d4a?auto=format&fit=crop&w=800&q=80,2026-09-30T12:26:50.113Z,"Free Sex Videos, Mental Health, Psychology, Education, Relationships"
"Searching for Adult Streaming? The Hidden Impact on Intimate Relationships",searching-for-adult-streaming-102-7020,"Looking for Adult Streaming? Before you click, discover the hidden impact on intimate relationships in this comprehensive psychological deep-dive based on European educational standards.","<h2>The Reality Behind Your Search</h2><p>European sex educators emphasize the importance of distinguishing between fantasy and reality. The adult industry portrays highly choreographed, unrealistic scenarios that create false expectations for real-world intimacy. When individuals attempt to translate these fantasies into their personal lives, it often leads to disappointment and relationship friction.</p><h2>Understanding the Neurological Impact</h2><p>Recovery starts with awareness. If you find yourself mindlessly scrolling through tube sites late at night, your brain is likely seeking an escape from stress or loneliness. Replacing this habit with healthy coping mechanisms, such as exercise, meditation, or genuine social interaction, is the first step toward reclaiming your mental clarity.</p><h2>The Path to Real Intimacy</h2><p>In recent years, neuroscientists have discovered that excessive consumption of adult content drastically alters the brain's reward system. The constant flood of dopamine downregulates receptors, meaning everyday pleasures no longer feel satisfying. This is often the root cause of lethargy, anxiety, and a lack of motivation in young adults.</p><p><em>Educational Note: This article is designed to provide scientific, European-standard sex education and psychological insights regarding the consumption of adult materials.</em></p>",https://images.unsplash.com/photo-1559650656-5d1d361ad10e?auto=format&fit=crop&w=800&q=80,2026-07-01T10:30:06.189Z,"Adult Streaming, Mental Health, Psychology, Education, Relationships"
"Searching for Pornography Free? The Psychological Trap You Can't Escape",searching-for-pornography-free-103-7020,"Looking for Pornography Free? Before you click, discover the psychological trap you can't escape in this comprehensive psychological deep-dive based on European educational standards.","<h2>The Reality Behind Your Search</h2><p>Recovery starts with awareness. If you find yourself mindlessly scrolling through tube sites late at night, your brain is likely seeking an escape from stress or loneliness. Replacing this habit with healthy coping mechanisms, such as exercise, meditation, or genuine social interaction, is the first step toward reclaiming your mental clarity.</p><h2>Understanding the Neurological Impact</h2><p>Beyond the neurological impacts, the ethical implications of the adult industry are profound. Many viewers are unaware of the exploitative practices occurring behind the scenes. Educating yourself on the realities of production can often break the illusion and help individuals detach from compulsive viewing habits.</p><h2>The Path to Real Intimacy</h2><p>Mental health professionals often draw parallels between streaming adult videos and substance abuse. The ease of access on smartphones means the 'drug' is always available. Over time, users need more extreme or novel content to achieve the same baseline level of satisfaction, a classic hallmark of escalating addiction.</p><p><em>Educational Note: This article is designed to provide scientific, European-standard sex education and psychological insights regarding the consumption of adult materials.</em></p>",https://images.unsplash.com/photo-1550831107-1553da8c8464?auto=format&fit=crop&w=800&q=80,2026-09-22T22:15:02.653Z,"Pornography Free, Mental Health, Psychology, Education, Relationships"
"Searching for Hardcore Videos? The Psychological Trap You Can't Escape",searching-for-hardcore-videos-104-7020,"Looking for Hardcore Videos? Before you click, discover the psychological trap you can't escape in this comprehensive psychological deep-dive based on European educational standards.","<h2>The Reality Behind Your Search</h2><p>Recovery starts with awareness. If you find yourself mindlessly scrolling through tube sites late at night, your brain is likely seeking an escape from stress or loneliness. Replacing this habit with healthy coping mechanisms, such as exercise, meditation, or genuine social interaction, is the first step toward reclaiming your mental clarity.</p><h2>Understanding the Neurological Impact</h2><p>Mental health professionals often draw parallels between streaming adult videos and substance abuse. The ease of access on smartphones means the 'drug' is always available. Over time, users need more extreme or novel content to achieve the same baseline level of satisfaction, a classic hallmark of escalating addiction.</p><h2>The Path to Real Intimacy</h2><p>In recent years, neuroscientists have discovered that excessive consumption of adult content drastically alters the brain's reward system. The constant flood of dopamine downregulates receptors, meaning everyday pleasures no longer feel satisfying. This is often the root cause of lethargy, anxiety, and a lack of motivation in young adults.</p><p><em>Educational Note: This article is designed to provide scientific, European-standard sex education and psychological insights regarding the consumption of adult materials.</em></p>",https://images.unsplash.com/photo-1493836512294-502baa1986e2?auto=format&fit=crop&w=800&q=80,2026-09-06T15:34:43.521Z,"Hardcore Videos, Mental Health, Psychology, Education, Relationships"
"Searching for Teen Adult Content? How It Distorts Your View of Real Intimacy",searching-for-teen-adult-content-105-7020,"Looking for Teen Adult Content? Before you click, discover how it distorts your view of real intimacy in this comprehensive psychological deep-dive based on European educational standards.","<h2>The Reality Behind Your Search</h2><p>Recovery starts with awareness. If you find yourself mindlessly scrolling through tube sites late at night, your brain is likely seeking an escape from stress or loneliness. Replacing this habit with healthy coping mechanisms, such as exercise, meditation, or genuine social interaction, is the first step toward reclaiming your mental clarity.</p><h2>Understanding the Neurological Impact</h2><p>Mental health professionals often draw parallels between streaming adult videos and substance abuse. The ease of access on smartphones means the 'drug' is always available. Over time, users need more extreme or novel content to achieve the same baseline level of satisfaction, a classic hallmark of escalating addiction.</p><h2>The Path to Real Intimacy</h2><p>One of the most alarming trends identified by psychologists is the rise of PIED (Porn-Induced Erectile Dysfunction). Unlike physical dysfunction, PIED is strictly neurological. The brain becomes so accustomed to extreme, high-speed visual stimulation that it can no longer respond to a real human partner. The good news is that abstaining from this content can reverse the damage within months.</p><p><em>Educational Note: This article is designed to provide scientific, European-standard sex education and psychological insights regarding the consumption of adult materials.</em></p>",https://images.unsplash.com/photo-1499209974431-9dddcece7f88?auto=format&fit=crop&w=800&q=80,2026-09-30T05:04:38.824Z,"Teen Adult Content, Mental Health, Psychology, Education, Relationships"
"Searching for Mature Adult Tube? The Link Between Adult Content and Severe Anxiety",searching-for-mature-adult-tube-106-7020,"Looking for Mature Adult Tube? Before you click, discover the link between adult content and severe anxiety in this comprehensive psychological deep-dive based on European educational standards.","<h2>The Reality Behind Your Search</h2><p>One of the most alarming trends identified by psychologists is the rise of PIED (Porn-Induced Erectile Dysfunction). Unlike physical dysfunction, PIED is strictly neurological. The brain becomes so accustomed to extreme, high-speed visual stimulation that it can no longer respond to a real human partner. The good news is that abstaining from this content can reverse the damage within months.</p><h2>Understanding the Neurological Impact</h2><p>European sex educators emphasize the importance of distinguishing between fantasy and reality. The adult industry portrays highly choreographed, unrealistic scenarios that create false expectations for real-world intimacy. When individuals attempt to translate these fantasies into their personal lives, it often leads to disappointment and relationship friction.</p><h2>The Path to Real Intimacy</h2><p>Real intimacy requires vulnerability, patience, and emotional connection—three things completely absent in synthetic adult content. By rewiring the brain to expect instant, on-demand gratification, individuals lose the capacity to navigate the beautiful complexities of genuine human relationships.</p><p><em>Educational Note: This article is designed to provide scientific, European-standard sex education and psychological insights regarding the consumption of adult materials.</em></p>",https://images.unsplash.com/photo-1505506874110-6a7a6c9924cb?auto=format&fit=crop&w=800&q=80,2026-09-02T20:05:18.827Z,"Mature Adult Tube, Mental Health, Psychology, Education, Relationships"
"Searching for Adult Movies Free? How it Destroys Your Dopamine Receptors",searching-for-adult-movies-free-107-7020,"Looking for Adult Movies Free? Before you click, discover how it destroys your dopamine receptors in this comprehensive psychological deep-dive based on European educational standards.","<h2>The Reality Behind Your Search</h2><p>European sex educators emphasize the importance of distinguishing between fantasy and reality. The adult industry portrays highly choreographed, unrealistic scenarios that create false expectations for real-world intimacy. When individuals attempt to translate these fantasies into their personal lives, it often leads to disappointment and relationship friction.</p><h2>Understanding the Neurological Impact</h2><p>In recent years, neuroscientists have discovered that excessive consumption of adult content drastically alters the brain's reward system. The constant flood of dopamine downregulates receptors, meaning everyday pleasures no longer feel satisfying. This is often the root cause of lethargy, anxiety, and a lack of motivation in young adults.</p><h2>The Path to Real Intimacy</h2><p>Mental health professionals often draw parallels between streaming adult videos and substance abuse. The ease of access on smartphones means the 'drug' is always available. Over time, users need more extreme or novel content to achieve the same baseline level of satisfaction, a classic hallmark of escalating addiction.</p><p><em>Educational Note: This article is designed to provide scientific, European-standard sex education and psychological insights regarding the consumption of adult materials.</em></p>",https://images.unsplash.com/photo-1520607162513-77705c0f0d4a?auto=format&fit=crop&w=800&q=80,2026-06-25T02:27:24.200Z,"Adult Movies Free, Mental Health, Psychology, Education, Relationships"
"Searching for Free Adult Videos? The Dark Truth Behind the Adult Industry",searching-for-free-adult-videos-108-7020,"Looking for Free Adult Videos? Before you click, discover the dark truth behind the adult industry in this comprehensive psychological deep-dive based on European educational standards.","<h2>The Reality Behind Your Search</h2><p>One of the most alarming trends identified by psychologists is the rise of PIED (Porn-Induced Erectile Dysfunction). Unlike physical dysfunction, PIED is strictly neurological. The brain becomes so accustomed to extreme, high-speed visual stimulation that it can no longer respond to a real human partner. The good news is that abstaining from this content can reverse the damage within months.</p><h2>Understanding the Neurological Impact</h2><p>Real intimacy requires vulnerability, patience, and emotional connection—three things completely absent in synthetic adult content. By rewiring the brain to expect instant, on-demand gratification, individuals lose the capacity to navigate the beautiful complexities of genuine human relationships.</p><h2>The Path to Real Intimacy</h2><p>Mental health professionals often draw parallels between streaming adult videos and substance abuse. The ease of access on smartphones means the 'drug' is always available. Over time, users need more extreme or novel content to achieve the same baseline level of satisfaction, a classic hallmark of escalating addiction.</p><p><em>Educational Note: This article is designed to provide scientific, European-standard sex education and psychological insights regarding the consumption of adult materials.</em></p>",https://images.unsplash.com/photo-1559650656-5d1d361ad10e?auto=format&fit=crop&w=800&q=80,2026-06-19T13:17:25.092Z,"Free Adult Videos, Mental Health, Psychology, Education, Relationships"
"Searching for Porn Videos? Why It Ruins Your Focus and Productivity",searching-for-porn-videos-109-7020,"Looking for Porn Videos? Before you click, discover why it ruins your focus and productivity in this comprehensive psychological deep-dive based on European educational standards.","<h2>The Reality Behind Your Search</h2><p>Beyond the neurological impacts, the ethical implications of the adult industry are profound. Many viewers are unaware of the exploitative practices occurring behind the scenes. Educating yourself on the realities of production can often break the illusion and help individuals detach from compulsive viewing habits.</p><h2>Understanding the Neurological Impact</h2><p>Mental health professionals often draw parallels between streaming adult videos and substance abuse. The ease of access on smartphones means the 'drug' is always available. Over time, users need more extreme or novel content to achieve the same baseline level of satisfaction, a classic hallmark of escalating addiction.</p><h2>The Path to Real Intimacy</h2><p>Recovery starts with awareness. If you find yourself mindlessly scrolling through tube sites late at night, your brain is likely seeking an escape from stress or loneliness. Replacing this habit with healthy coping mechanisms, such as exercise, meditation, or genuine social interaction, is the first step toward reclaiming your mental clarity.</p><p><em>Educational Note: This article is designed to provide scientific, European-standard sex education and psychological insights regarding the consumption of adult materials.</em></p>",https://images.unsplash.com/photo-1550831107-1553da8c8464?auto=format&fit=crop&w=800&q=80,2026-06-29T08:49:23.462Z,"Porn Videos, Mental Health, Psychology, Education, Relationships"
"Searching for XXX Movies? The Psychological Trap You Can't Escape",searching-for-xxx-movies-110-7020,"Looking for XXX Movies? Before you click, discover the psychological trap you can't escape in this comprehensive psychological deep-dive based on European educational standards.","<h2>The Reality Behind Your Search</h2><p>Beyond the neurological impacts, the ethical implications of the adult industry are profound. Many viewers are unaware of the exploitative practices occurring behind the scenes. Educating yourself on the realities of production can often break the illusion and help individuals detach from compulsive viewing habits.</p><h2>Understanding the Neurological Impact</h2><p>Recovery starts with awareness. If you find yourself mindlessly scrolling through tube sites late at night, your brain is likely seeking an escape from stress or loneliness. Replacing this habit with healthy coping mechanisms, such as exercise, meditation, or genuine social interaction, is the first step toward reclaiming your mental clarity.</p><h2>The Path to Real Intimacy</h2><p>In recent years, neuroscientists have discovered that excessive consumption of adult content drastically alters the brain's reward system. The constant flood of dopamine downregulates receptors, meaning everyday pleasures no longer feel satisfying. This is often the root cause of lethargy, anxiety, and a lack of motivation in young adults.</p><p><em>Educational Note: This article is designed to provide scientific, European-standard sex education and psychological insights regarding the consumption of adult materials.</em></p>",https://images.unsplash.com/photo-1493836512294-502baa1986e2?auto=format&fit=crop&w=800&q=80,2026-06-21T08:53:00.233Z,"XXX Movies, Mental Health, Psychology, Education, Relationships"
"Searching for Sex Tube? The Dark Truth Behind the Adult Industry",searching-for-sex-tube-111-7020,"Looking for Sex Tube? Before you click, discover the dark truth behind the adult industry in this comprehensive psychological deep-dive based on European educational standards.","<h2>The Reality Behind Your Search</h2><p>Mental health professionals often draw parallels between streaming adult videos and substance abuse. The ease of access on smartphones means the 'drug' is always available. Over time, users need more extreme or novel content to achieve the same baseline level of satisfaction, a classic hallmark of escalating addiction.</p><h2>Understanding the Neurological Impact</h2><p>Real intimacy requires vulnerability, patience, and emotional connection—three things completely absent in synthetic adult content. By rewiring the brain to expect instant, on-demand gratification, individuals lose the capacity to navigate the beautiful complexities of genuine human relationships.</p><h2>The Path to Real Intimacy</h2><p>Beyond the neurological impacts, the ethical implications of the adult industry are profound. Many viewers are unaware of the exploitative practices occurring behind the scenes. Educating yourself on the realities of production can often break the illusion and help individuals detach from compulsive viewing habits.</p><p><em>Educational Note: This article is designed to provide scientific, European-standard sex education and psychological insights regarding the consumption of adult materials.</em></p>",https://images.unsplash.com/photo-1499209974431-9dddcece7f88?auto=format&fit=crop&w=800&q=80,2026-06-08T04:31:42.577Z,"Sex Tube, Mental Health, Psychology, Education, Relationships"
"Searching for Hot Adult Content? Why It Ruins Your Focus and Productivity",searching-for-hot-adult-content-112-7020,"Looking for Hot Adult Content? Before you click, discover why it ruins your focus and productivity in this comprehensive psychological deep-dive based on European educational standards.","<h2>The Reality Behind Your Search</h2><p>One of the most alarming trends identified by psychologists is the rise of PIED (Porn-Induced Erectile Dysfunction). Unlike physical dysfunction, PIED is strictly neurological. The brain becomes so accustomed to extreme, high-speed visual stimulation that it can no longer respond to a real human partner. The good news is that abstaining from this content can reverse the damage within months.</p><h2>Understanding the Neurological Impact</h2><p>One of the most alarming trends identified by psychologists is the rise of PIED (Porn-Induced Erectile Dysfunction). Unlike physical dysfunction, PIED is strictly neurological. The brain becomes so accustomed to extreme, high-speed visual stimulation that it can no longer respond to a real human partner. The good news is that abstaining from this content can reverse the damage within months.</p><h2>The Path to Real Intimacy</h2><p>Mental health professionals often draw parallels between streaming adult videos and substance abuse. The ease of access on smartphones means the 'drug' is always available. Over time, users need more extreme or novel content to achieve the same baseline level of satisfaction, a classic hallmark of escalating addiction.</p><p><em>Educational Note: This article is designed to provide scientific, European-standard sex education and psychological insights regarding the consumption of adult materials.</em></p>",https://images.unsplash.com/photo-1505506874110-6a7a6c9924cb?auto=format&fit=crop&w=800&q=80,2026-07-07T16:59:05.179Z,"Hot Adult Content, Mental Health, Psychology, Education, Relationships"
"Searching for Free Sex Videos? How It Distorts Your View of Real Intimacy",searching-for-free-sex-videos-113-7020,"Looking for Free Sex Videos? Before you click, discover how it distorts your view of real intimacy in this comprehensive psychological deep-dive based on European educational standards.","<h2>The Reality Behind Your Search</h2><p>One of the most alarming trends identified by psychologists is the rise of PIED (Porn-Induced Erectile Dysfunction). Unlike physical dysfunction, PIED is strictly neurological. The brain becomes so accustomed to extreme, high-speed visual stimulation that it can no longer respond to a real human partner. The good news is that abstaining from this content can reverse the damage within months.</p><h2>Understanding the Neurological Impact</h2><p>Mental health professionals often draw parallels between streaming adult videos and substance abuse. The ease of access on smartphones means the 'drug' is always available. Over time, users need more extreme or novel content to achieve the same baseline level of satisfaction, a classic hallmark of escalating addiction.</p><h2>The Path to Real Intimacy</h2><p>Beyond the neurological impacts, the ethical implications of the adult industry are profound. Many viewers are unaware of the exploitative practices occurring behind the scenes. Educating yourself on the realities of production can often break the illusion and help individuals detach from compulsive viewing habits.</p><p><em>Educational Note: This article is designed to provide scientific, European-standard sex education and psychological insights regarding the consumption of adult materials.</em></p>",https://images.unsplash.com/photo-1520607162513-77705c0f0d4a?auto=format&fit=crop&w=800&q=80,2026-07-30T23:50:45.032Z,"Free Sex Videos, Mental Health, Psychology, Education, Relationships"
"Searching for Adult Streaming? How it Destroys Your Dopamine Receptors",searching-for-adult-streaming-114-7020,"Looking for Adult Streaming? Before you click, discover how it destroys your dopamine receptors in this comprehensive psychological deep-dive based on European educational standards.","<h2>The Reality Behind Your Search</h2><p>One of the most alarming trends identified by psychologists is the rise of PIED (Porn-Induced Erectile Dysfunction). Unlike physical dysfunction, PIED is strictly neurological. The brain becomes so accustomed to extreme, high-speed visual stimulation that it can no longer respond to a real human partner. The good news is that abstaining from this content can reverse the damage within months.</p><h2>Understanding the Neurological Impact</h2><p>In recent years, neuroscientists have discovered that excessive consumption of adult content drastically alters the brain's reward system. The constant flood of dopamine downregulates receptors, meaning everyday pleasures no longer feel satisfying. This is often the root cause of lethargy, anxiety, and a lack of motivation in young adults.</p><h2>The Path to Real Intimacy</h2><p>Recovery starts with awareness. If you find yourself mindlessly scrolling through tube sites late at night, your brain is likely seeking an escape from stress or loneliness. Replacing this habit with healthy coping mechanisms, such as exercise, meditation, or genuine social interaction, is the first step toward reclaiming your mental clarity.</p><p><em>Educational Note: This article is designed to provide scientific, European-standard sex education and psychological insights regarding the consumption of adult materials.</em></p>",https://images.unsplash.com/photo-1559650656-5d1d361ad10e?auto=format&fit=crop&w=800&q=80,2026-09-06T05:05:46.474Z,"Adult Streaming, Mental Health, Psychology, Education, Relationships"
"Searching for Pornography Free? How Your Brain Rewires Itself After 30 Days",searching-for-pornography-free-115-7020,"Looking for Pornography Free? Before you click, discover how your brain rewires itself after 30 days in this comprehensive psychological deep-dive based on European educational standards.","<h2>The Reality Behind Your Search</h2><p>Beyond the neurological impacts, the ethical implications of the adult industry are profound. Many viewers are unaware of the exploitative practices occurring behind the scenes. Educating yourself on the realities of production can often break the illusion and help individuals detach from compulsive viewing habits.</p><h2>Understanding the Neurological Impact</h2><p>In recent years, neuroscientists have discovered that excessive consumption of adult content drastically alters the brain's reward system. The constant flood of dopamine downregulates receptors, meaning everyday pleasures no longer feel satisfying. This is often the root cause of lethargy, anxiety, and a lack of motivation in young adults.</p><h2>The Path to Real Intimacy</h2><p>In recent years, neuroscientists have discovered that excessive consumption of adult content drastically alters the brain's reward system. The constant flood of dopamine downregulates receptors, meaning everyday pleasures no longer feel satisfying. This is often the root cause of lethargy, anxiety, and a lack of motivation in young adults.</p><p><em>Educational Note: This article is designed to provide scientific, European-standard sex education and psychological insights regarding the consumption of adult materials.</em></p>",https://images.unsplash.com/photo-1550831107-1553da8c8464?auto=format&fit=crop&w=800&q=80,2026-09-16T02:49:02.277Z,"Pornography Free, Mental Health, Psychology, Education, Relationships"
"Searching for Hardcore Videos? How it Destroys Your Dopamine Receptors",searching-for-hardcore-videos-116-7020,"Looking for Hardcore Videos? Before you click, discover how it destroys your dopamine receptors in this comprehensive psychological deep-dive based on European educational standards.","<h2>The Reality Behind Your Search</h2><p>European sex educators emphasize the importance of distinguishing between fantasy and reality. The adult industry portrays highly choreographed, unrealistic scenarios that create false expectations for real-world intimacy. When individuals attempt to translate these fantasies into their personal lives, it often leads to disappointment and relationship friction.</p><h2>Understanding the Neurological Impact</h2><p>European sex educators emphasize the importance of distinguishing between fantasy and reality. The adult industry portrays highly choreographed, unrealistic scenarios that create false expectations for real-world intimacy. When individuals attempt to translate these fantasies into their personal lives, it often leads to disappointment and relationship friction.</p><h2>The Path to Real Intimacy</h2><p>Beyond the neurological impacts, the ethical implications of the adult industry are profound. Many viewers are unaware of the exploitative practices occurring behind the scenes. Educating yourself on the realities of production can often break the illusion and help individuals detach from compulsive viewing habits.</p><p><em>Educational Note: This article is designed to provide scientific, European-standard sex education and psychological insights regarding the consumption of adult materials.</em></p>",https://images.unsplash.com/photo-1493836512294-502baa1986e2?auto=format&fit=crop&w=800&q=80,2026-08-25T00:43:54.740Z,"Hardcore Videos, Mental Health, Psychology, Education, Relationships"
"Searching for Teen Adult Content? How Your Brain Rewires Itself After 30 Days",searching-for-teen-adult-content-117-7020,"Looking for Teen Adult Content? Before you click, discover how your brain rewires itself after 30 days in this comprehensive psychological deep-dive based on European educational standards.","<h2>The Reality Behind Your Search</h2><p>Real intimacy requires vulnerability, patience, and emotional connection—three things completely absent in synthetic adult content. By rewiring the brain to expect instant, on-demand gratification, individuals lose the capacity to navigate the beautiful complexities of genuine human relationships.</p><h2>Understanding the Neurological Impact</h2><p>Real intimacy requires vulnerability, patience, and emotional connection—three things completely absent in synthetic adult content. By rewiring the brain to expect instant, on-demand gratification, individuals lose the capacity to navigate the beautiful complexities of genuine human relationships.</p><h2>The Path to Real Intimacy</h2><p>European sex educators emphasize the importance of distinguishing between fantasy and reality. The adult industry portrays highly choreographed, unrealistic scenarios that create false expectations for real-world intimacy. When individuals attempt to translate these fantasies into their personal lives, it often leads to disappointment and relationship friction.</p><p><em>Educational Note: This article is designed to provide scientific, European-standard sex education and psychological insights regarding the consumption of adult materials.</em></p>",https://images.unsplash.com/photo-1499209974431-9dddcece7f88?auto=format&fit=crop&w=800&q=80,2026-09-14T16:32:24.454Z,"Teen Adult Content, Mental Health, Psychology, Education, Relationships"
"Searching for Mature Adult Tube? The Hidden Impact on Intimate Relationships",searching-for-mature-adult-tube-118-7020,"Looking for Mature Adult Tube? Before you click, discover the hidden impact on intimate relationships in this comprehensive psychological deep-dive based on European educational standards.","<h2>The Reality Behind Your Search</h2><p>In recent years, neuroscientists have discovered that excessive consumption of adult content drastically alters the brain's reward system. The constant flood of dopamine downregulates receptors, meaning everyday pleasures no longer feel satisfying. This is often the root cause of lethargy, anxiety, and a lack of motivation in young adults.</p><h2>Understanding the Neurological Impact</h2><p>Beyond the neurological impacts, the ethical implications of the adult industry are profound. Many viewers are unaware of the exploitative practices occurring behind the scenes. Educating yourself on the realities of production can often break the illusion and help individuals detach from compulsive viewing habits.</p><h2>The Path to Real Intimacy</h2><p>In recent years, neuroscientists have discovered that excessive consumption of adult content drastically alters the brain's reward system. The constant flood of dopamine downregulates receptors, meaning everyday pleasures no longer feel satisfying. This is often the root cause of lethargy, anxiety, and a lack of motivation in young adults.</p><p><em>Educational Note: This article is designed to provide scientific, European-standard sex education and psychological insights regarding the consumption of adult materials.</em></p>",https://images.unsplash.com/photo-1505506874110-6a7a6c9924cb?auto=format&fit=crop&w=800&q=80,2026-06-28T02:39:02.192Z,"Mature Adult Tube, Mental Health, Psychology, Education, Relationships"
"Searching for Adult Movies Free? How it Destroys Your Dopamine Receptors",searching-for-adult-movies-free-119-7020,"Looking for Adult Movies Free? Before you click, discover how it destroys your dopamine receptors in this comprehensive psychological deep-dive based on European educational standards.","<h2>The Reality Behind Your Search</h2><p>Beyond the neurological impacts, the ethical implications of the adult industry are profound. Many viewers are unaware of the exploitative practices occurring behind the scenes. Educating yourself on the realities of production can often break the illusion and help individuals detach from compulsive viewing habits.</p><h2>Understanding the Neurological Impact</h2><p>One of the most alarming trends identified by psychologists is the rise of PIED (Porn-Induced Erectile Dysfunction). Unlike physical dysfunction, PIED is strictly neurological. The brain becomes so accustomed to extreme, high-speed visual stimulation that it can no longer respond to a real human partner. The good news is that abstaining from this content can reverse the damage within months.</p><h2>The Path to Real Intimacy</h2><p>Mental health professionals often draw parallels between streaming adult videos and substance abuse. The ease of access on smartphones means the 'drug' is always available. Over time, users need more extreme or novel content to achieve the same baseline level of satisfaction, a classic hallmark of escalating addiction.</p><p><em>Educational Note: This article is designed to provide scientific, European-standard sex education and psychological insights regarding the consumption of adult materials.</em></p>",https://images.unsplash.com/photo-1520607162513-77705c0f0d4a?auto=format&fit=crop&w=800&q=80,2026-09-17T06:22:58.616Z,"Adult Movies Free, Mental Health, Psychology, Education, Relationships"
"Searching for Free Adult Videos? The Link Between Adult Content and Severe Anxiety",searching-for-free-adult-videos-120-7020,"Looking for Free Adult Videos? Before you click, discover the link between adult content and severe anxiety in this comprehensive psychological deep-dive based on European educational standards.","<h2>The Reality Behind Your Search</h2><p>One of the most alarming trends identified by psychologists is the rise of PIED (Porn-Induced Erectile Dysfunction). Unlike physical dysfunction, PIED is strictly neurological. The brain becomes so accustomed to extreme, high-speed visual stimulation that it can no longer respond to a real human partner. The good news is that abstaining from this content can reverse the damage within months.</p><h2>Understanding the Neurological Impact</h2><p>Recovery starts with awareness. If you find yourself mindlessly scrolling through tube sites late at night, your brain is likely seeking an escape from stress or loneliness. Replacing this habit with healthy coping mechanisms, such as exercise, meditation, or genuine social interaction, is the first step toward reclaiming your mental clarity.</p><h2>The Path to Real Intimacy</h2><p>One of the most alarming trends identified by psychologists is the rise of PIED (Porn-Induced Erectile Dysfunction). Unlike physical dysfunction, PIED is strictly neurological. The brain becomes so accustomed to extreme, high-speed visual stimulation that it can no longer respond to a real human partner. The good news is that abstaining from this content can reverse the damage within months.</p><p><em>Educational Note: This article is designed to provide scientific, European-standard sex education and psychological insights regarding the consumption of adult materials.</em></p>",https://images.unsplash.com/photo-1559650656-5d1d361ad10e?auto=format&fit=crop&w=800&q=80,2026-07-13T17:40:04.404Z,"Free Adult Videos, Mental Health, Psychology, Education, Relationships"
"Searching for Porn Videos? The Dark Truth Behind the Adult Industry",searching-for-porn-videos-121-7020,"Looking for Porn Videos? Before you click, discover the dark truth behind the adult industry in this comprehensive psychological deep-dive based on European educational standards.","<h2>The Reality Behind Your Search</h2><p>European sex educators emphasize the importance of distinguishing between fantasy and reality. The adult industry portrays highly choreographed, unrealistic scenarios that create false expectations for real-world intimacy. When individuals attempt to translate these fantasies into their personal lives, it often leads to disappointment and relationship friction.</p><h2>Understanding the Neurological Impact</h2><p>Recovery starts with awareness. If you find yourself mindlessly scrolling through tube sites late at night, your brain is likely seeking an escape from stress or loneliness. Replacing this habit with healthy coping mechanisms, such as exercise, meditation, or genuine social interaction, is the first step toward reclaiming your mental clarity.</p><h2>The Path to Real Intimacy</h2><p>In recent years, neuroscientists have discovered that excessive consumption of adult content drastically alters the brain's reward system. The constant flood of dopamine downregulates receptors, meaning everyday pleasures no longer feel satisfying. This is often the root cause of lethargy, anxiety, and a lack of motivation in young adults.</p><p><em>Educational Note: This article is designed to provide scientific, European-standard sex education and psychological insights regarding the consumption of adult materials.</em></p>",https://images.unsplash.com/photo-1550831107-1553da8c8464?auto=format&fit=crop&w=800&q=80,2026-09-08T18:23:03.690Z,"Porn Videos, Mental Health, Psychology, Education, Relationships"
"Searching for XXX Movies? Why It Causes Erectile Dysfunction in Young Men",searching-for-xxx-movies-122-7020,"Looking for XXX Movies? Before you click, discover why it causes erectile dysfunction in young men in this comprehensive psychological deep-dive based on European educational standards.","<h2>The Reality Behind Your Search</h2><p>In recent years, neuroscientists have discovered that excessive consumption of adult content drastically alters the brain's reward system. The constant flood of dopamine downregulates receptors, meaning everyday pleasures no longer feel satisfying. This is often the root cause of lethargy, anxiety, and a lack of motivation in young adults.</p><h2>Understanding the Neurological Impact</h2><p>Beyond the neurological impacts, the ethical implications of the adult industry are profound. Many viewers are unaware of the exploitative practices occurring behind the scenes. Educating yourself on the realities of production can often break the illusion and help individuals detach from compulsive viewing habits.</p><h2>The Path to Real Intimacy</h2><p>Real intimacy requires vulnerability, patience, and emotional connection—three things completely absent in synthetic adult content. By rewiring the brain to expect instant, on-demand gratification, individuals lose the capacity to navigate the beautiful complexities of genuine human relationships.</p><p><em>Educational Note: This article is designed to provide scientific, European-standard sex education and psychological insights regarding the consumption of adult materials.</em></p>",https://images.unsplash.com/photo-1493836512294-502baa1986e2?auto=format&fit=crop&w=800&q=80,2026-07-10T05:10:51.826Z,"XXX Movies, Mental Health, Psychology, Education, Relationships"
"Searching for Sex Tube? How Your Brain Rewires Itself After 30 Days",searching-for-sex-tube-123-7020,"Looking for Sex Tube? Before you click, discover how your brain rewires itself after 30 days in this comprehensive psychological deep-dive based on European educational standards.","<h2>The Reality Behind Your Search</h2><p>In recent years, neuroscientists have discovered that excessive consumption of adult content drastically alters the brain's reward system. The constant flood of dopamine downregulates receptors, meaning everyday pleasures no longer feel satisfying. This is often the root cause of lethargy, anxiety, and a lack of motivation in young adults.</p><h2>Understanding the Neurological Impact</h2><p>European sex educators emphasize the importance of distinguishing between fantasy and reality. The adult industry portrays highly choreographed, unrealistic scenarios that create false expectations for real-world intimacy. When individuals attempt to translate these fantasies into their personal lives, it often leads to disappointment and relationship friction.</p><h2>The Path to Real Intimacy</h2><p>Beyond the neurological impacts, the ethical implications of the adult industry are profound. Many viewers are unaware of the exploitative practices occurring behind the scenes. Educating yourself on the realities of production can often break the illusion and help individuals detach from compulsive viewing habits.</p><p><em>Educational Note: This article is designed to provide scientific, European-standard sex education and psychological insights regarding the consumption of adult materials.</em></p>",https://images.unsplash.com/photo-1499209974431-9dddcece7f88?auto=format&fit=crop&w=800&q=80,2026-07-09T06:13:15.327Z,"Sex Tube, Mental Health, Psychology, Education, Relationships"
"Searching for Hot Adult Content? How it Destroys Your Dopamine Receptors",searching-for-hot-adult-content-124-7020,"Looking for Hot Adult Content? Before you click, discover how it destroys your dopamine receptors in this comprehensive psychological deep-dive based on European educational standards.","<h2>The Reality Behind Your Search</h2><p>Real intimacy requires vulnerability, patience, and emotional connection—three things completely absent in synthetic adult content. By rewiring the brain to expect instant, on-demand gratification, individuals lose the capacity to navigate the beautiful complexities of genuine human relationships.</p><h2>Understanding the Neurological Impact</h2><p>Recovery starts with awareness. If you find yourself mindlessly scrolling through tube sites late at night, your brain is likely seeking an escape from stress or loneliness. Replacing this habit with healthy coping mechanisms, such as exercise, meditation, or genuine social interaction, is the first step toward reclaiming your mental clarity.</p><h2>The Path to Real Intimacy</h2><p>Beyond the neurological impacts, the ethical implications of the adult industry are profound. Many viewers are unaware of the exploitative practices occurring behind the scenes. Educating yourself on the realities of production can often break the illusion and help individuals detach from compulsive viewing habits.</p><p><em>Educational Note: This article is designed to provide scientific, European-standard sex education and psychological insights regarding the consumption of adult materials.</em></p>",https://images.unsplash.com/photo-1505506874110-6a7a6c9924cb?auto=format&fit=crop&w=800&q=80,2026-09-05T07:32:56.260Z,"Hot Adult Content, Mental Health, Psychology, Education, Relationships"
"Searching for Free Sex Videos? How Your Brain Rewires Itself After 30 Days",searching-for-free-sex-videos-125-7020,"Looking for Free Sex Videos? Before you click, discover how your brain rewires itself after 30 days in this comprehensive psychological deep-dive based on European educational standards.","<h2>The Reality Behind Your Search</h2><p>Beyond the neurological impacts, the ethical implications of the adult industry are profound. Many viewers are unaware of the exploitative practices occurring behind the scenes. Educating yourself on the realities of production can often break the illusion and help individuals detach from compulsive viewing habits.</p><h2>Understanding the Neurological Impact</h2><p>Beyond the neurological impacts, the ethical implications of the adult industry are profound. Many viewers are unaware of the exploitative practices occurring behind the scenes. Educating yourself on the realities of production can often break the illusion and help individuals detach from compulsive viewing habits.</p><h2>The Path to Real Intimacy</h2><p>Beyond the neurological impacts, the ethical implications of the adult industry are profound. Many viewers are unaware of the exploitative practices occurring behind the scenes. Educating yourself on the realities of production can often break the illusion and help individuals detach from compulsive viewing habits.</p><p><em>Educational Note: This article is designed to provide scientific, European-standard sex education and psychological insights regarding the consumption of adult materials.</em></p>",https://images.unsplash.com/photo-1520607162513-77705c0f0d4a?auto=format&fit=crop&w=800&q=80,2026-08-14T19:37:27.734Z,"Free Sex Videos, Mental Health, Psychology, Education, Relationships"
"Searching for Adult Streaming? Why It Ruins Your Focus and Productivity",searching-for-adult-streaming-126-7020,"Looking for Adult Streaming? Before you click, discover why it ruins your focus and productivity in this comprehensive psychological deep-dive based on European educational standards.","<h2>The Reality Behind Your Search</h2><p>Beyond the neurological impacts, the ethical implications of the adult industry are profound. Many viewers are unaware of the exploitative practices occurring behind the scenes. Educating yourself on the realities of production can often break the illusion and help individuals detach from compulsive viewing habits.</p><h2>Understanding the Neurological Impact</h2><p>Recovery starts with awareness. If you find yourself mindlessly scrolling through tube sites late at night, your brain is likely seeking an escape from stress or loneliness. Replacing this habit with healthy coping mechanisms, such as exercise, meditation, or genuine social interaction, is the first step toward reclaiming your mental clarity.</p><h2>The Path to Real Intimacy</h2><p>Recovery starts with awareness. If you find yourself mindlessly scrolling through tube sites late at night, your brain is likely seeking an escape from stress or loneliness. Replacing this habit with healthy coping mechanisms, such as exercise, meditation, or genuine social interaction, is the first step toward reclaiming your mental clarity.</p><p><em>Educational Note: This article is designed to provide scientific, European-standard sex education and psychological insights regarding the consumption of adult materials.</em></p>",https://images.unsplash.com/photo-1559650656-5d1d361ad10e?auto=format&fit=crop&w=800&q=80,2026-07-07T16:39:45.185Z,"Adult Streaming, Mental Health, Psychology, Education, Relationships"
"Searching for Pornography Free? Why It Causes Erectile Dysfunction in Young Men",searching-for-pornography-free-127-7020,"Looking for Pornography Free? Before you click, discover why it causes erectile dysfunction in young men in this comprehensive psychological deep-dive based on European educational standards.","<h2>The Reality Behind Your Search</h2><p>One of the most alarming trends identified by psychologists is the rise of PIED (Porn-Induced Erectile Dysfunction). Unlike physical dysfunction, PIED is strictly neurological. The brain becomes so accustomed to extreme, high-speed visual stimulation that it can no longer respond to a real human partner. The good news is that abstaining from this content can reverse the damage within months.</p><h2>Understanding the Neurological Impact</h2><p>Beyond the neurological impacts, the ethical implications of the adult industry are profound. Many viewers are unaware of the exploitative practices occurring behind the scenes. Educating yourself on the realities of production can often break the illusion and help individuals detach from compulsive viewing habits.</p><h2>The Path to Real Intimacy</h2><p>Recovery starts with awareness. If you find yourself mindlessly scrolling through tube sites late at night, your brain is likely seeking an escape from stress or loneliness. Replacing this habit with healthy coping mechanisms, such as exercise, meditation, or genuine social interaction, is the first step toward reclaiming your mental clarity.</p><p><em>Educational Note: This article is designed to provide scientific, European-standard sex education and psychological insights regarding the consumption of adult materials.</em></p>",https://images.unsplash.com/photo-1550831107-1553da8c8464?auto=format&fit=crop&w=800&q=80,2026-08-03T04:09:45.333Z,"Pornography Free, Mental Health, Psychology, Education, Relationships"
"Searching for Hardcore Videos? The Science of Addiction and Recovery",searching-for-hardcore-videos-128-7020,"Looking for Hardcore Videos? Before you click, discover the science of addiction and recovery in this comprehensive psychological deep-dive based on European educational standards.","<h2>The Reality Behind Your Search</h2><p>Recovery starts with awareness. If you find yourself mindlessly scrolling through tube sites late at night, your brain is likely seeking an escape from stress or loneliness. Replacing this habit with healthy coping mechanisms, such as exercise, meditation, or genuine social interaction, is the first step toward reclaiming your mental clarity.</p><h2>Understanding the Neurological Impact</h2><p>Real intimacy requires vulnerability, patience, and emotional connection—three things completely absent in synthetic adult content. By rewiring the brain to expect instant, on-demand gratification, individuals lose the capacity to navigate the beautiful complexities of genuine human relationships.</p><h2>The Path to Real Intimacy</h2><p>Beyond the neurological impacts, the ethical implications of the adult industry are profound. Many viewers are unaware of the exploitative practices occurring behind the scenes. Educating yourself on the realities of production can often break the illusion and help individuals detach from compulsive viewing habits.</p><p><em>Educational Note: This article is designed to provide scientific, European-standard sex education and psychological insights regarding the consumption of adult materials.</em></p>",https://images.unsplash.com/photo-1493836512294-502baa1986e2?auto=format&fit=crop&w=800&q=80,2026-07-24T16:38:13.622Z,"Hardcore Videos, Mental Health, Psychology, Education, Relationships"
"Searching for Teen Adult Content? The Link Between Adult Content and Severe Anxiety",searching-for-teen-adult-content-129-7020,"Looking for Teen Adult Content? Before you click, discover the link between adult content and severe anxiety in this comprehensive psychological deep-dive based on European educational standards.","<h2>The Reality Behind Your Search</h2><p>Real intimacy requires vulnerability, patience, and emotional connection—three things completely absent in synthetic adult content. By rewiring the brain to expect instant, on-demand gratification, individuals lose the capacity to navigate the beautiful complexities of genuine human relationships.</p><h2>Understanding the Neurological Impact</h2><p>European sex educators emphasize the importance of distinguishing between fantasy and reality. The adult industry portrays highly choreographed, unrealistic scenarios that create false expectations for real-world intimacy. When individuals attempt to translate these fantasies into their personal lives, it often leads to disappointment and relationship friction.</p><h2>The Path to Real Intimacy</h2><p>European sex educators emphasize the importance of distinguishing between fantasy and reality. The adult industry portrays highly choreographed, unrealistic scenarios that create false expectations for real-world intimacy. When individuals attempt to translate these fantasies into their personal lives, it often leads to disappointment and relationship friction.</p><p><em>Educational Note: This article is designed to provide scientific, European-standard sex education and psychological insights regarding the consumption of adult materials.</em></p>",https://images.unsplash.com/photo-1499209974431-9dddcece7f88?auto=format&fit=crop&w=800&q=80,2026-08-22T06:09:51.257Z,"Teen Adult Content, Mental Health, Psychology, Education, Relationships"
"Searching for Mature Adult Tube? How It Distorts Your View of Real Intimacy",searching-for-mature-adult-tube-130-7020,"Looking for Mature Adult Tube? Before you click, discover how it distorts your view of real intimacy in this comprehensive psychological deep-dive based on European educational standards.","<h2>The Reality Behind Your Search</h2><p>Mental health professionals often draw parallels between streaming adult videos and substance abuse. The ease of access on smartphones means the 'drug' is always available. Over time, users need more extreme or novel content to achieve the same baseline level of satisfaction, a classic hallmark of escalating addiction.</p><h2>Understanding the Neurological Impact</h2><p>One of the most alarming trends identified by psychologists is the rise of PIED (Porn-Induced Erectile Dysfunction). Unlike physical dysfunction, PIED is strictly neurological. The brain becomes so accustomed to extreme, high-speed visual stimulation that it can no longer respond to a real human partner. The good news is that abstaining from this content can reverse the damage within months.</p><h2>The Path to Real Intimacy</h2><p>In recent years, neuroscientists have discovered that excessive consumption of adult content drastically alters the brain's reward system. The constant flood of dopamine downregulates receptors, meaning everyday pleasures no longer feel satisfying. This is often the root cause of lethargy, anxiety, and a lack of motivation in young adults.</p><p><em>Educational Note: This article is designed to provide scientific, European-standard sex education and psychological insights regarding the consumption of adult materials.</em></p>",https://images.unsplash.com/photo-1505506874110-6a7a6c9924cb?auto=format&fit=crop&w=800&q=80,2026-06-29T04:05:34.233Z,"Mature Adult Tube, Mental Health, Psychology, Education, Relationships"
"Searching for Adult Movies Free? The Science of Addiction and Recovery",searching-for-adult-movies-free-131-7020,"Looking for Adult Movies Free? Before you click, discover the science of addiction and recovery in this comprehensive psychological deep-dive based on European educational standards.","<h2>The Reality Behind Your Search</h2><p>Recovery starts with awareness. If you find yourself mindlessly scrolling through tube sites late at night, your brain is likely seeking an escape from stress or loneliness. Replacing this habit with healthy coping mechanisms, such as exercise, meditation, or genuine social interaction, is the first step toward reclaiming your mental clarity.</p><h2>Understanding the Neurological Impact</h2><p>Real intimacy requires vulnerability, patience, and emotional connection—three things completely absent in synthetic adult content. By rewiring the brain to expect instant, on-demand gratification, individuals lose the capacity to navigate the beautiful complexities of genuine human relationships.</p><h2>The Path to Real Intimacy</h2><p>In recent years, neuroscientists have discovered that excessive consumption of adult content drastically alters the brain's reward system. The constant flood of dopamine downregulates receptors, meaning everyday pleasures no longer feel satisfying. This is often the root cause of lethargy, anxiety, and a lack of motivation in young adults.</p><p><em>Educational Note: This article is designed to provide scientific, European-standard sex education and psychological insights regarding the consumption of adult materials.</em></p>",https://images.unsplash.com/photo-1520607162513-77705c0f0d4a?auto=format&fit=crop&w=800&q=80,2026-09-30T23:47:27.402Z,"Adult Movies Free, Mental Health, Psychology, Education, Relationships"
"Searching for Free Adult Videos? Why It Causes Erectile Dysfunction in Young Men",searching-for-free-adult-videos-132-7020,"Looking for Free Adult Videos? Before you click, discover why it causes erectile dysfunction in young men in this comprehensive psychological deep-dive based on European educational standards.","<h2>The Reality Behind Your Search</h2><p>Recovery starts with awareness. If you find yourself mindlessly scrolling through tube sites late at night, your brain is likely seeking an escape from stress or loneliness. Replacing this habit with healthy coping mechanisms, such as exercise, meditation, or genuine social interaction, is the first step toward reclaiming your mental clarity.</p><h2>Understanding the Neurological Impact</h2><p>In recent years, neuroscientists have discovered that excessive consumption of adult content drastically alters the brain's reward system. The constant flood of dopamine downregulates receptors, meaning everyday pleasures no longer feel satisfying. This is often the root cause of lethargy, anxiety, and a lack of motivation in young adults.</p><h2>The Path to Real Intimacy</h2><p>In recent years, neuroscientists have discovered that excessive consumption of adult content drastically alters the brain's reward system. The constant flood of dopamine downregulates receptors, meaning everyday pleasures no longer feel satisfying. This is often the root cause of lethargy, anxiety, and a lack of motivation in young adults.</p><p><em>Educational Note: This article is designed to provide scientific, European-standard sex education and psychological insights regarding the consumption of adult materials.</em></p>",https://images.unsplash.com/photo-1559650656-5d1d361ad10e?auto=format&fit=crop&w=800&q=80,2026-09-19T17:31:43.872Z,"Free Adult Videos, Mental Health, Psychology, Education, Relationships"
"Searching for Porn Videos? The Psychological Trap You Can't Escape",searching-for-porn-videos-133-7020,"Looking for Porn Videos? Before you click, discover the psychological trap you can't escape in this comprehensive psychological deep-dive based on European educational standards.","<h2>The Reality Behind Your Search</h2><p>Beyond the neurological impacts, the ethical implications of the adult industry are profound. Many viewers are unaware of the exploitative practices occurring behind the scenes. Educating yourself on the realities of production can often break the illusion and help individuals detach from compulsive viewing habits.</p><h2>Understanding the Neurological Impact</h2><p>One of the most alarming trends identified by psychologists is the rise of PIED (Porn-Induced Erectile Dysfunction). Unlike physical dysfunction, PIED is strictly neurological. The brain becomes so accustomed to extreme, high-speed visual stimulation that it can no longer respond to a real human partner. The good news is that abstaining from this content can reverse the damage within months.</p><h2>The Path to Real Intimacy</h2><p>Recovery starts with awareness. If you find yourself mindlessly scrolling through tube sites late at night, your brain is likely seeking an escape from stress or loneliness. Replacing this habit with healthy coping mechanisms, such as exercise, meditation, or genuine social interaction, is the first step toward reclaiming your mental clarity.</p><p><em>Educational Note: This article is designed to provide scientific, European-standard sex education and psychological insights regarding the consumption of adult materials.</em></p>",https://images.unsplash.com/photo-1550831107-1553da8c8464?auto=format&fit=crop&w=800&q=80,2026-06-24T05:02:28.331Z,"Porn Videos, Mental Health, Psychology, Education, Relationships"
"Searching for XXX Movies? The Dark Truth Behind the Adult Industry",searching-for-xxx-movies-134-7020,"Looking for XXX Movies? Before you click, discover the dark truth behind the adult industry in this comprehensive psychological deep-dive based on European educational standards.","<h2>The Reality Behind Your Search</h2><p>Recovery starts with awareness. If you find yourself mindlessly scrolling through tube sites late at night, your brain is likely seeking an escape from stress or loneliness. Replacing this habit with healthy coping mechanisms, such as exercise, meditation, or genuine social interaction, is the first step toward reclaiming your mental clarity.</p><h2>Understanding the Neurological Impact</h2><p>Beyond the neurological impacts, the ethical implications of the adult industry are profound. Many viewers are unaware of the exploitative practices occurring behind the scenes. Educating yourself on the realities of production can often break the illusion and help individuals detach from compulsive viewing habits.</p><h2>The Path to Real Intimacy</h2><p>Real intimacy requires vulnerability, patience, and emotional connection—three things completely absent in synthetic adult content. By rewiring the brain to expect instant, on-demand gratification, individuals lose the capacity to navigate the beautiful complexities of genuine human relationships.</p><p><em>Educational Note: This article is designed to provide scientific, European-standard sex education and psychological insights regarding the consumption of adult materials.</em></p>",https://images.unsplash.com/photo-1493836512294-502baa1986e2?auto=format&fit=crop&w=800&q=80,2026-07-04T23:16:46.464Z,"XXX Movies, Mental Health, Psychology, Education, Relationships"
"Searching for Sex Tube? The Dark Truth Behind the Adult Industry",searching-for-sex-tube-135-7020,"Looking for Sex Tube? Before you click, discover the dark truth behind the adult industry in this comprehensive psychological deep-dive based on European educational standards.","<h2>The Reality Behind Your Search</h2><p>Real intimacy requires vulnerability, patience, and emotional connection—three things completely absent in synthetic adult content. By rewiring the brain to expect instant, on-demand gratification, individuals lose the capacity to navigate the beautiful complexities of genuine human relationships.</p><h2>Understanding the Neurological Impact</h2><p>One of the most alarming trends identified by psychologists is the rise of PIED (Porn-Induced Erectile Dysfunction). Unlike physical dysfunction, PIED is strictly neurological. The brain becomes so accustomed to extreme, high-speed visual stimulation that it can no longer respond to a real human partner. The good news is that abstaining from this content can reverse the damage within months.</p><h2>The Path to Real Intimacy</h2><p>One of the most alarming trends identified by psychologists is the rise of PIED (Porn-Induced Erectile Dysfunction). Unlike physical dysfunction, PIED is strictly neurological. The brain becomes so accustomed to extreme, high-speed visual stimulation that it can no longer respond to a real human partner. The good news is that abstaining from this content can reverse the damage within months.</p><p><em>Educational Note: This article is designed to provide scientific, European-standard sex education and psychological insights regarding the consumption of adult materials.</em></p>",https://images.unsplash.com/photo-1499209974431-9dddcece7f88?auto=format&fit=crop&w=800&q=80,2026-08-30T15:11:13.564Z,"Sex Tube, Mental Health, Psychology, Education, Relationships"
"Searching for Hot Adult Content? How It Distorts Your View of Real Intimacy",searching-for-hot-adult-content-136-7020,"Looking for Hot Adult Content? Before you click, discover how it distorts your view of real intimacy in this comprehensive psychological deep-dive based on European educational standards.","<h2>The Reality Behind Your Search</h2><p>Real intimacy requires vulnerability, patience, and emotional connection—three things completely absent in synthetic adult content. By rewiring the brain to expect instant, on-demand gratification, individuals lose the capacity to navigate the beautiful complexities of genuine human relationships.</p><h2>Understanding the Neurological Impact</h2><p>Mental health professionals often draw parallels between streaming adult videos and substance abuse. The ease of access on smartphones means the 'drug' is always available. Over time, users need more extreme or novel content to achieve the same baseline level of satisfaction, a classic hallmark of escalating addiction.</p><h2>The Path to Real Intimacy</h2><p>One of the most alarming trends identified by psychologists is the rise of PIED (Porn-Induced Erectile Dysfunction). Unlike physical dysfunction, PIED is strictly neurological. The brain becomes so accustomed to extreme, high-speed visual stimulation that it can no longer respond to a real human partner. The good news is that abstaining from this content can reverse the damage within months.</p><p><em>Educational Note: This article is designed to provide scientific, European-standard sex education and psychological insights regarding the consumption of adult materials.</em></p>",https://images.unsplash.com/photo-1505506874110-6a7a6c9924cb?auto=format&fit=crop&w=800&q=80,2026-06-26T22:35:24.584Z,"Hot Adult Content, Mental Health, Psychology, Education, Relationships"
"Searching for Free Sex Videos? The Link Between Adult Content and Severe Anxiety",searching-for-free-sex-videos-137-7020,"Looking for Free Sex Videos? Before you click, discover the link between adult content and severe anxiety in this comprehensive psychological deep-dive based on European educational standards.","<h2>The Reality Behind Your Search</h2><p>In recent years, neuroscientists have discovered that excessive consumption of adult content drastically alters the brain's reward system. The constant flood of dopamine downregulates receptors, meaning everyday pleasures no longer feel satisfying. This is often the root cause of lethargy, anxiety, and a lack of motivation in young adults.</p><h2>Understanding the Neurological Impact</h2><p>In recent years, neuroscientists have discovered that excessive consumption of adult content drastically alters the brain's reward system. The constant flood of dopamine downregulates receptors, meaning everyday pleasures no longer feel satisfying. This is often the root cause of lethargy, anxiety, and a lack of motivation in young adults.</p><h2>The Path to Real Intimacy</h2><p>Real intimacy requires vulnerability, patience, and emotional connection—three things completely absent in synthetic adult content. By rewiring the brain to expect instant, on-demand gratification, individuals lose the capacity to navigate the beautiful complexities of genuine human relationships.</p><p><em>Educational Note: This article is designed to provide scientific, European-standard sex education and psychological insights regarding the consumption of adult materials.</em></p>",https://images.unsplash.com/photo-1520607162513-77705c0f0d4a?auto=format&fit=crop&w=800&q=80,2026-08-05T16:37:31.086Z,"Free Sex Videos, Mental Health, Psychology, Education, Relationships"
"Searching for Adult Streaming? How It Distorts Your View of Real Intimacy",searching-for-adult-streaming-138-7020,"Looking for Adult Streaming? Before you click, discover how it distorts your view of real intimacy in this comprehensive psychological deep-dive based on European educational standards.","<h2>The Reality Behind Your Search</h2><p>European sex educators emphasize the importance of distinguishing between fantasy and reality. The adult industry portrays highly choreographed, unrealistic scenarios that create false expectations for real-world intimacy. When individuals attempt to translate these fantasies into their personal lives, it often leads to disappointment and relationship friction.</p><h2>Understanding the Neurological Impact</h2><p>Beyond the neurological impacts, the ethical implications of the adult industry are profound. Many viewers are unaware of the exploitative practices occurring behind the scenes. Educating yourself on the realities of production can often break the illusion and help individuals detach from compulsive viewing habits.</p><h2>The Path to Real Intimacy</h2><p>Beyond the neurological impacts, the ethical implications of the adult industry are profound. Many viewers are unaware of the exploitative practices occurring behind the scenes. Educating yourself on the realities of production can often break the illusion and help individuals detach from compulsive viewing habits.</p><p><em>Educational Note: This article is designed to provide scientific, European-standard sex education and psychological insights regarding the consumption of adult materials.</em></p>",https://images.unsplash.com/photo-1559650656-5d1d361ad10e?auto=format&fit=crop&w=800&q=80,2026-06-18T01:53:44.522Z,"Adult Streaming, Mental Health, Psychology, Education, Relationships"
"Searching for Pornography Free? How it Destroys Your Dopamine Receptors",searching-for-pornography-free-139-7020,"Looking for Pornography Free? Before you click, discover how it destroys your dopamine receptors in this comprehensive psychological deep-dive based on European educational standards.","<h2>The Reality Behind Your Search</h2><p>One of the most alarming trends identified by psychologists is the rise of PIED (Porn-Induced Erectile Dysfunction). Unlike physical dysfunction, PIED is strictly neurological. The brain becomes so accustomed to extreme, high-speed visual stimulation that it can no longer respond to a real human partner. The good news is that abstaining from this content can reverse the damage within months.</p><h2>Understanding the Neurological Impact</h2><p>One of the most alarming trends identified by psychologists is the rise of PIED (Porn-Induced Erectile Dysfunction). Unlike physical dysfunction, PIED is strictly neurological. The brain becomes so accustomed to extreme, high-speed visual stimulation that it can no longer respond to a real human partner. The good news is that abstaining from this content can reverse the damage within months.</p><h2>The Path to Real Intimacy</h2><p>Mental health professionals often draw parallels between streaming adult videos and substance abuse. The ease of access on smartphones means the 'drug' is always available. Over time, users need more extreme or novel content to achieve the same baseline level of satisfaction, a classic hallmark of escalating addiction.</p><p><em>Educational Note: This article is designed to provide scientific, European-standard sex education and psychological insights regarding the consumption of adult materials.</em></p>",https://images.unsplash.com/photo-1550831107-1553da8c8464?auto=format&fit=crop&w=800&q=80,2026-07-08T00:35:07.191Z,"Pornography Free, Mental Health, Psychology, Education, Relationships"
"Searching for Hardcore Videos? The Science of Addiction and Recovery",searching-for-hardcore-videos-140-7020,"Looking for Hardcore Videos? Before you click, discover the science of addiction and recovery in this comprehensive psychological deep-dive based on European educational standards.","<h2>The Reality Behind Your Search</h2><p>Beyond the neurological impacts, the ethical implications of the adult industry are profound. Many viewers are unaware of the exploitative practices occurring behind the scenes. Educating yourself on the realities of production can often break the illusion and help individuals detach from compulsive viewing habits.</p><h2>Understanding the Neurological Impact</h2><p>Mental health professionals often draw parallels between streaming adult videos and substance abuse. The ease of access on smartphones means the 'drug' is always available. Over time, users need more extreme or novel content to achieve the same baseline level of satisfaction, a classic hallmark of escalating addiction.</p><h2>The Path to Real Intimacy</h2><p>Mental health professionals often draw parallels between streaming adult videos and substance abuse. The ease of access on smartphones means the 'drug' is always available. Over time, users need more extreme or novel content to achieve the same baseline level of satisfaction, a classic hallmark of escalating addiction.</p><p><em>Educational Note: This article is designed to provide scientific, European-standard sex education and psychological insights regarding the consumption of adult materials.</em></p>",https://images.unsplash.com/photo-1493836512294-502baa1986e2?auto=format&fit=crop&w=800&q=80,2026-08-09T07:50:02.279Z,"Hardcore Videos, Mental Health, Psychology, Education, Relationships"
"Searching for Teen Adult Content? Why It Ruins Your Focus and Productivity",searching-for-teen-adult-content-141-7020,"Looking for Teen Adult Content? Before you click, discover why it ruins your focus and productivity in this comprehensive psychological deep-dive based on European educational standards.","<h2>The Reality Behind Your Search</h2><p>Real intimacy requires vulnerability, patience, and emotional connection—three things completely absent in synthetic adult content. By rewiring the brain to expect instant, on-demand gratification, individuals lose the capacity to navigate the beautiful complexities of genuine human relationships.</p><h2>Understanding the Neurological Impact</h2><p>European sex educators emphasize the importance of distinguishing between fantasy and reality. The adult industry portrays highly choreographed, unrealistic scenarios that create false expectations for real-world intimacy. When individuals attempt to translate these fantasies into their personal lives, it often leads to disappointment and relationship friction.</p><h2>The Path to Real Intimacy</h2><p>In recent years, neuroscientists have discovered that excessive consumption of adult content drastically alters the brain's reward system. The constant flood of dopamine downregulates receptors, meaning everyday pleasures no longer feel satisfying. This is often the root cause of lethargy, anxiety, and a lack of motivation in young adults.</p><p><em>Educational Note: This article is designed to provide scientific, European-standard sex education and psychological insights regarding the consumption of adult materials.</em></p>",https://images.unsplash.com/photo-1499209974431-9dddcece7f88?auto=format&fit=crop&w=800&q=80,2026-08-15T22:25:15.716Z,"Teen Adult Content, Mental Health, Psychology, Education, Relationships"
"Searching for Mature Adult Tube? The Link Between Adult Content and Severe Anxiety",searching-for-mature-adult-tube-142-7020,"Looking for Mature Adult Tube? Before you click, discover the link between adult content and severe anxiety in this comprehensive psychological deep-dive based on European educational standards.","<h2>The Reality Behind Your Search</h2><p>European sex educators emphasize the importance of distinguishing between fantasy and reality. The adult industry portrays highly choreographed, unrealistic scenarios that create false expectations for real-world intimacy. When individuals attempt to translate these fantasies into their personal lives, it often leads to disappointment and relationship friction.</p><h2>Understanding the Neurological Impact</h2><p>Beyond the neurological impacts, the ethical implications of the adult industry are profound. Many viewers are unaware of the exploitative practices occurring behind the scenes. Educating yourself on the realities of production can often break the illusion and help individuals detach from compulsive viewing habits.</p><h2>The Path to Real Intimacy</h2><p>Recovery starts with awareness. If you find yourself mindlessly scrolling through tube sites late at night, your brain is likely seeking an escape from stress or loneliness. Replacing this habit with healthy coping mechanisms, such as exercise, meditation, or genuine social interaction, is the first step toward reclaiming your mental clarity.</p><p><em>Educational Note: This article is designed to provide scientific, European-standard sex education and psychological insights regarding the consumption of adult materials.</em></p>",https://images.unsplash.com/photo-1505506874110-6a7a6c9924cb?auto=format&fit=crop&w=800&q=80,2026-08-30T09:59:41.819Z,"Mature Adult Tube, Mental Health, Psychology, Education, Relationships"
"Searching for Adult Movies Free? The Link Between Adult Content and Severe Anxiety",searching-for-adult-movies-free-143-7020,"Looking for Adult Movies Free? Before you click, discover the link between adult content and severe anxiety in this comprehensive psychological deep-dive based on European educational standards.","<h2>The Reality Behind Your Search</h2><p>Beyond the neurological impacts, the ethical implications of the adult industry are profound. Many viewers are unaware of the exploitative practices occurring behind the scenes. Educating yourself on the realities of production can often break the illusion and help individuals detach from compulsive viewing habits.</p><h2>Understanding the Neurological Impact</h2><p>In recent years, neuroscientists have discovered that excessive consumption of adult content drastically alters the brain's reward system. The constant flood of dopamine downregulates receptors, meaning everyday pleasures no longer feel satisfying. This is often the root cause of lethargy, anxiety, and a lack of motivation in young adults.</p><h2>The Path to Real Intimacy</h2><p>Mental health professionals often draw parallels between streaming adult videos and substance abuse. The ease of access on smartphones means the 'drug' is always available. Over time, users need more extreme or novel content to achieve the same baseline level of satisfaction, a classic hallmark of escalating addiction.</p><p><em>Educational Note: This article is designed to provide scientific, European-standard sex education and psychological insights regarding the consumption of adult materials.</em></p>",https://images.unsplash.com/photo-1520607162513-77705c0f0d4a?auto=format&fit=crop&w=800&q=80,2026-08-12T03:36:54.290Z,"Adult Movies Free, Mental Health, Psychology, Education, Relationships"
"Searching for Free Adult Videos? How Your Brain Rewires Itself After 30 Days",searching-for-free-adult-videos-144-7020,"Looking for Free Adult Videos? Before you click, discover how your brain rewires itself after 30 days in this comprehensive psychological deep-dive based on European educational standards.","<h2>The Reality Behind Your Search</h2><p>Recovery starts with awareness. If you find yourself mindlessly scrolling through tube sites late at night, your brain is likely seeking an escape from stress or loneliness. Replacing this habit with healthy coping mechanisms, such as exercise, meditation, or genuine social interaction, is the first step toward reclaiming your mental clarity.</p><h2>Understanding the Neurological Impact</h2><p>One of the most alarming trends identified by psychologists is the rise of PIED (Porn-Induced Erectile Dysfunction). Unlike physical dysfunction, PIED is strictly neurological. The brain becomes so accustomed to extreme, high-speed visual stimulation that it can no longer respond to a real human partner. The good news is that abstaining from this content can reverse the damage within months.</p><h2>The Path to Real Intimacy</h2><p>European sex educators emphasize the importance of distinguishing between fantasy and reality. The adult industry portrays highly choreographed, unrealistic scenarios that create false expectations for real-world intimacy. When individuals attempt to translate these fantasies into their personal lives, it often leads to disappointment and relationship friction.</p><p><em>Educational Note: This article is designed to provide scientific, European-standard sex education and psychological insights regarding the consumption of adult materials.</em></p>",https://images.unsplash.com/photo-1559650656-5d1d361ad10e?auto=format&fit=crop&w=800&q=80,2026-09-04T15:33:21.873Z,"Free Adult Videos, Mental Health, Psychology, Education, Relationships"
"Searching for Porn Videos? How It Distorts Your View of Real Intimacy",searching-for-porn-videos-145-7020,"Looking for Porn Videos? Before you click, discover how it distorts your view of real intimacy in this comprehensive psychological deep-dive based on European educational standards.","<h2>The Reality Behind Your Search</h2><p>In recent years, neuroscientists have discovered that excessive consumption of adult content drastically alters the brain's reward system. The constant flood of dopamine downregulates receptors, meaning everyday pleasures no longer feel satisfying. This is often the root cause of lethargy, anxiety, and a lack of motivation in young adults.</p><h2>Understanding the Neurological Impact</h2><p>Beyond the neurological impacts, the ethical implications of the adult industry are profound. Many viewers are unaware of the exploitative practices occurring behind the scenes. Educating yourself on the realities of production can often break the illusion and help individuals detach from compulsive viewing habits.</p><h2>The Path to Real Intimacy</h2><p>Recovery starts with awareness. If you find yourself mindlessly scrolling through tube sites late at night, your brain is likely seeking an escape from stress or loneliness. Replacing this habit with healthy coping mechanisms, such as exercise, meditation, or genuine social interaction, is the first step toward reclaiming your mental clarity.</p><p><em>Educational Note: This article is designed to provide scientific, European-standard sex education and psychological insights regarding the consumption of adult materials.</em></p>",https://images.unsplash.com/photo-1550831107-1553da8c8464?auto=format&fit=crop&w=800&q=80,2026-06-17T11:44:57.547Z,"Porn Videos, Mental Health, Psychology, Education, Relationships"
"Searching for XXX Movies? Why It Causes Erectile Dysfunction in Young Men",searching-for-xxx-movies-146-7020,"Looking for XXX Movies? Before you click, discover why it causes erectile dysfunction in young men in this comprehensive psychological deep-dive based on European educational standards.","<h2>The Reality Behind Your Search</h2><p>In recent years, neuroscientists have discovered that excessive consumption of adult content drastically alters the brain's reward system. The constant flood of dopamine downregulates receptors, meaning everyday pleasures no longer feel satisfying. This is often the root cause of lethargy, anxiety, and a lack of motivation in young adults.</p><h2>Understanding the Neurological Impact</h2><p>Beyond the neurological impacts, the ethical implications of the adult industry are profound. Many viewers are unaware of the exploitative practices occurring behind the scenes. Educating yourself on the realities of production can often break the illusion and help individuals detach from compulsive viewing habits.</p><h2>The Path to Real Intimacy</h2><p>Recovery starts with awareness. If you find yourself mindlessly scrolling through tube sites late at night, your brain is likely seeking an escape from stress or loneliness. Replacing this habit with healthy coping mechanisms, such as exercise, meditation, or genuine social interaction, is the first step toward reclaiming your mental clarity.</p><p><em>Educational Note: This article is designed to provide scientific, European-standard sex education and psychological insights regarding the consumption of adult materials.</em></p>",https://images.unsplash.com/photo-1493836512294-502baa1986e2?auto=format&fit=crop&w=800&q=80,2026-08-10T21:33:42.383Z,"XXX Movies, Mental Health, Psychology, Education, Relationships"
"Searching for Sex Tube? How Your Brain Rewires Itself After 30 Days",searching-for-sex-tube-147-7020,"Looking for Sex Tube? Before you click, discover how your brain rewires itself after 30 days in this comprehensive psychological deep-dive based on European educational standards.","<h2>The Reality Behind Your Search</h2><p>In recent years, neuroscientists have discovered that excessive consumption of adult content drastically alters the brain's reward system. The constant flood of dopamine downregulates receptors, meaning everyday pleasures no longer feel satisfying. This is often the root cause of lethargy, anxiety, and a lack of motivation in young adults.</p><h2>Understanding the Neurological Impact</h2><p>One of the most alarming trends identified by psychologists is the rise of PIED (Porn-Induced Erectile Dysfunction). Unlike physical dysfunction, PIED is strictly neurological. The brain becomes so accustomed to extreme, high-speed visual stimulation that it can no longer respond to a real human partner. The good news is that abstaining from this content can reverse the damage within months.</p><h2>The Path to Real Intimacy</h2><p>Beyond the neurological impacts, the ethical implications of the adult industry are profound. Many viewers are unaware of the exploitative practices occurring behind the scenes. Educating yourself on the realities of production can often break the illusion and help individuals detach from compulsive viewing habits.</p><p><em>Educational Note: This article is designed to provide scientific, European-standard sex education and psychological insights regarding the consumption of adult materials.</em></p>",https://images.unsplash.com/photo-1499209974431-9dddcece7f88?auto=format&fit=crop&w=800&q=80,2026-09-12T17:57:37.612Z,"Sex Tube, Mental Health, Psychology, Education, Relationships"
"Searching for Hot Adult Content? Why It Causes Erectile Dysfunction in Young Men",searching-for-hot-adult-content-148-7020,"Looking for Hot Adult Content? Before you click, discover why it causes erectile dysfunction in young men in this comprehensive psychological deep-dive based on European educational standards.","<h2>The Reality Behind Your Search</h2><p>One of the most alarming trends identified by psychologists is the rise of PIED (Porn-Induced Erectile Dysfunction). Unlike physical dysfunction, PIED is strictly neurological. The brain becomes so accustomed to extreme, high-speed visual stimulation that it can no longer respond to a real human partner. The good news is that abstaining from this content can reverse the damage within months.</p><h2>Understanding the Neurological Impact</h2><p>European sex educators emphasize the importance of distinguishing between fantasy and reality. The adult industry portrays highly choreographed, unrealistic scenarios that create false expectations for real-world intimacy. When individuals attempt to translate these fantasies into their personal lives, it often leads to disappointment and relationship friction.</p><h2>The Path to Real Intimacy</h2><p>European sex educators emphasize the importance of distinguishing between fantasy and reality. The adult industry portrays highly choreographed, unrealistic scenarios that create false expectations for real-world intimacy. When individuals attempt to translate these fantasies into their personal lives, it often leads to disappointment and relationship friction.</p><p><em>Educational Note: This article is designed to provide scientific, European-standard sex education and psychological insights regarding the consumption of adult materials.</em></p>",https://images.unsplash.com/photo-1505506874110-6a7a6c9924cb?auto=format&fit=crop&w=800&q=80,2026-09-14T14:36:33.956Z,"Hot Adult Content, Mental Health, Psychology, Education, Relationships"
"Searching for Free Sex Videos? How It Distorts Your View of Real Intimacy",searching-for-free-sex-videos-149-7020,"Looking for Free Sex Videos? Before you click, discover how it distorts your view of real intimacy in this comprehensive psychological deep-dive based on European educational standards.","<h2>The Reality Behind Your Search</h2><p>One of the most alarming trends identified by psychologists is the rise of PIED (Porn-Induced Erectile Dysfunction). Unlike physical dysfunction, PIED is strictly neurological. The brain becomes so accustomed to extreme, high-speed visual stimulation that it can no longer respond to a real human partner. The good news is that abstaining from this content can reverse the damage within months.</p><h2>Understanding the Neurological Impact</h2><p>European sex educators emphasize the importance of distinguishing between fantasy and reality. The adult industry portrays highly choreographed, unrealistic scenarios that create false expectations for real-world intimacy. When individuals attempt to translate these fantasies into their personal lives, it often leads to disappointment and relationship friction.</p><h2>The Path to Real Intimacy</h2><p>Real intimacy requires vulnerability, patience, and emotional connection—three things completely absent in synthetic adult content. By rewiring the brain to expect instant, on-demand gratification, individuals lose the capacity to navigate the beautiful complexities of genuine human relationships.</p><p><em>Educational Note: This article is designed to provide scientific, European-standard sex education and psychological insights regarding the consumption of adult materials.</em></p>",https://images.unsplash.com/photo-1520607162513-77705c0f0d4a?auto=format&fit=crop&w=800&q=80,2026-08-07T01:07:29.728Z,"Free Sex Videos, Mental Health, Psychology, Education, Relationships"
"Searching for Adult Streaming? How Your Brain Rewires Itself After 30 Days",searching-for-adult-streaming-150-7020,"Looking for Adult Streaming? Before you click, discover how your brain rewires itself after 30 days in this comprehensive psychological deep-dive based on European educational standards.","<h2>The Reality Behind Your Search</h2><p>In recent years, neuroscientists have discovered that excessive consumption of adult content drastically alters the brain's reward system. The constant flood of dopamine downregulates receptors, meaning everyday pleasures no longer feel satisfying. This is often the root cause of lethargy, anxiety, and a lack of motivation in young adults.</p><h2>Understanding the Neurological Impact</h2><p>European sex educators emphasize the importance of distinguishing between fantasy and reality. The adult industry portrays highly choreographed, unrealistic scenarios that create false expectations for real-world intimacy. When individuals attempt to translate these fantasies into their personal lives, it often leads to disappointment and relationship friction.</p><h2>The Path to Real Intimacy</h2><p>Real intimacy requires vulnerability, patience, and emotional connection—three things completely absent in synthetic adult content. By rewiring the brain to expect instant, on-demand gratification, individuals lose the capacity to navigate the beautiful complexities of genuine human relationships.</p><p><em>Educational Note: This article is designed to provide scientific, European-standard sex education and psychological insights regarding the consumption of adult materials.</em></p>",https://images.unsplash.com/photo-1559650656-5d1d361ad10e?auto=format&fit=crop&w=800&q=80,2026-09-11T18:39:40.626Z,"Adult Streaming, Mental Health, Psychology, Education, Relationships"
"Searching for Pornography Free? The Science of Addiction and Recovery",searching-for-pornography-free-151-7020,"Looking for Pornography Free? Before you click, discover the science of addiction and recovery in this comprehensive psychological deep-dive based on European educational standards.","<h2>The Reality Behind Your Search</h2><p>One of the most alarming trends identified by psychologists is the rise of PIED (Porn-Induced Erectile Dysfunction). Unlike physical dysfunction, PIED is strictly neurological. The brain becomes so accustomed to extreme, high-speed visual stimulation that it can no longer respond to a real human partner. The good news is that abstaining from this content can reverse the damage within months.</p><h2>Understanding the Neurological Impact</h2><p>Beyond the neurological impacts, the ethical implications of the adult industry are profound. Many viewers are unaware of the exploitative practices occurring behind the scenes. Educating yourself on the realities of production can often break the illusion and help individuals detach from compulsive viewing habits.</p><h2>The Path to Real Intimacy</h2><p>Beyond the neurological impacts, the ethical implications of the adult industry are profound. Many viewers are unaware of the exploitative practices occurring behind the scenes. Educating yourself on the realities of production can often break the illusion and help individuals detach from compulsive viewing habits.</p><p><em>Educational Note: This article is designed to provide scientific, European-standard sex education and psychological insights regarding the consumption of adult materials.</em></p>",https://images.unsplash.com/photo-1550831107-1553da8c8464?auto=format&fit=crop&w=800&q=80,2026-08-22T06:56:21.583Z,"Pornography Free, Mental Health, Psychology, Education, Relationships"
"Searching for Hardcore Videos? The Hidden Impact on Intimate Relationships",searching-for-hardcore-videos-152-7020,"Looking for Hardcore Videos? Before you click, discover the hidden impact on intimate relationships in this comprehensive psychological deep-dive based on European educational standards.","<h2>The Reality Behind Your Search</h2><p>Mental health professionals often draw parallels between streaming adult videos and substance abuse. The ease of access on smartphones means the 'drug' is always available. Over time, users need more extreme or novel content to achieve the same baseline level of satisfaction, a classic hallmark of escalating addiction.</p><h2>Understanding the Neurological Impact</h2><p>Recovery starts with awareness. If you find yourself mindlessly scrolling through tube sites late at night, your brain is likely seeking an escape from stress or loneliness. Replacing this habit with healthy coping mechanisms, such as exercise, meditation, or genuine social interaction, is the first step toward reclaiming your mental clarity.</p><h2>The Path to Real Intimacy</h2><p>One of the most alarming trends identified by psychologists is the rise of PIED (Porn-Induced Erectile Dysfunction). Unlike physical dysfunction, PIED is strictly neurological. The brain becomes so accustomed to extreme, high-speed visual stimulation that it can no longer respond to a real human partner. The good news is that abstaining from this content can reverse the damage within months.</p><p><em>Educational Note: This article is designed to provide scientific, European-standard sex education and psychological insights regarding the consumption of adult materials.</em></p>",https://images.unsplash.com/photo-1493836512294-502baa1986e2?auto=format&fit=crop&w=800&q=80,2026-08-01T09:41:34.180Z,"Hardcore Videos, Mental Health, Psychology, Education, Relationships"
"Searching for Teen Adult Content? Why It Causes Erectile Dysfunction in Young Men",searching-for-teen-adult-content-153-7020,"Looking for Teen Adult Content? Before you click, discover why it causes erectile dysfunction in young men in this comprehensive psychological deep-dive based on European educational standards.","<h2>The Reality Behind Your Search</h2><p>European sex educators emphasize the importance of distinguishing between fantasy and reality. The adult industry portrays highly choreographed, unrealistic scenarios that create false expectations for real-world intimacy. When individuals attempt to translate these fantasies into their personal lives, it often leads to disappointment and relationship friction.</p><h2>Understanding the Neurological Impact</h2><p>Mental health professionals often draw parallels between streaming adult videos and substance abuse. The ease of access on smartphones means the 'drug' is always available. Over time, users need more extreme or novel content to achieve the same baseline level of satisfaction, a classic hallmark of escalating addiction.</p><h2>The Path to Real Intimacy</h2><p>European sex educators emphasize the importance of distinguishing between fantasy and reality. The adult industry portrays highly choreographed, unrealistic scenarios that create false expectations for real-world intimacy. When individuals attempt to translate these fantasies into their personal lives, it often leads to disappointment and relationship friction.</p><p><em>Educational Note: This article is designed to provide scientific, European-standard sex education and psychological insights regarding the consumption of adult materials.</em></p>",https://images.unsplash.com/photo-1499209974431-9dddcece7f88?auto=format&fit=crop&w=800&q=80,2026-09-26T04:55:00.131Z,"Teen Adult Content, Mental Health, Psychology, Education, Relationships"
"Searching for Mature Adult Tube? Why It Causes Erectile Dysfunction in Young Men",searching-for-mature-adult-tube-154-7020,"Looking for Mature Adult Tube? Before you click, discover why it causes erectile dysfunction in young men in this comprehensive psychological deep-dive based on European educational standards.","<h2>The Reality Behind Your Search</h2><p>Real intimacy requires vulnerability, patience, and emotional connection—three things completely absent in synthetic adult content. By rewiring the brain to expect instant, on-demand gratification, individuals lose the capacity to navigate the beautiful complexities of genuine human relationships.</p><h2>Understanding the Neurological Impact</h2><p>Recovery starts with awareness. If you find yourself mindlessly scrolling through tube sites late at night, your brain is likely seeking an escape from stress or loneliness. Replacing this habit with healthy coping mechanisms, such as exercise, meditation, or genuine social interaction, is the first step toward reclaiming your mental clarity.</p><h2>The Path to Real Intimacy</h2><p>Recovery starts with awareness. If you find yourself mindlessly scrolling through tube sites late at night, your brain is likely seeking an escape from stress or loneliness. Replacing this habit with healthy coping mechanisms, such as exercise, meditation, or genuine social interaction, is the first step toward reclaiming your mental clarity.</p><p><em>Educational Note: This article is designed to provide scientific, European-standard sex education and psychological insights regarding the consumption of adult materials.</em></p>",https://images.unsplash.com/photo-1505506874110-6a7a6c9924cb?auto=format&fit=crop&w=800&q=80,2026-10-01T02:53:02.564Z,"Mature Adult Tube, Mental Health, Psychology, Education, Relationships"
"Searching for Adult Movies Free? How it Destroys Your Dopamine Receptors",searching-for-adult-movies-free-155-7020,"Looking for Adult Movies Free? Before you click, discover how it destroys your dopamine receptors in this comprehensive psychological deep-dive based on European educational standards.","<h2>The Reality Behind Your Search</h2><p>In recent years, neuroscientists have discovered that excessive consumption of adult content drastically alters the brain's reward system. The constant flood of dopamine downregulates receptors, meaning everyday pleasures no longer feel satisfying. This is often the root cause of lethargy, anxiety, and a lack of motivation in young adults.</p><h2>Understanding the Neurological Impact</h2><p>Recovery starts with awareness. If you find yourself mindlessly scrolling through tube sites late at night, your brain is likely seeking an escape from stress or loneliness. Replacing this habit with healthy coping mechanisms, such as exercise, meditation, or genuine social interaction, is the first step toward reclaiming your mental clarity.</p><h2>The Path to Real Intimacy</h2><p>Mental health professionals often draw parallels between streaming adult videos and substance abuse. The ease of access on smartphones means the 'drug' is always available. Over time, users need more extreme or novel content to achieve the same baseline level of satisfaction, a classic hallmark of escalating addiction.</p><p><em>Educational Note: This article is designed to provide scientific, European-standard sex education and psychological insights regarding the consumption of adult materials.</em></p>",https://images.unsplash.com/photo-1520607162513-77705c0f0d4a?auto=format&fit=crop&w=800&q=80,2026-09-14T03:10:54.882Z,"Adult Movies Free, Mental Health, Psychology, Education, Relationships"
"Searching for Free Adult Videos? The Hidden Impact on Intimate Relationships",searching-for-free-adult-videos-156-7020,"Looking for Free Adult Videos? Before you click, discover the hidden impact on intimate relationships in this comprehensive psychological deep-dive based on European educational standards.","<h2>The Reality Behind Your Search</h2><p>One of the most alarming trends identified by psychologists is the rise of PIED (Porn-Induced Erectile Dysfunction). Unlike physical dysfunction, PIED is strictly neurological. The brain becomes so accustomed to extreme, high-speed visual stimulation that it can no longer respond to a real human partner. The good news is that abstaining from this content can reverse the damage within months.</p><h2>Understanding the Neurological Impact</h2><p>Mental health professionals often draw parallels between streaming adult videos and substance abuse. The ease of access on smartphones means the 'drug' is always available. Over time, users need more extreme or novel content to achieve the same baseline level of satisfaction, a classic hallmark of escalating addiction.</p><h2>The Path to Real Intimacy</h2><p>European sex educators emphasize the importance of distinguishing between fantasy and reality. The adult industry portrays highly choreographed, unrealistic scenarios that create false expectations for real-world intimacy. When individuals attempt to translate these fantasies into their personal lives, it often leads to disappointment and relationship friction.</p><p><em>Educational Note: This article is designed to provide scientific, European-standard sex education and psychological insights regarding the consumption of adult materials.</em></p>",https://images.unsplash.com/photo-1559650656-5d1d361ad10e?auto=format&fit=crop&w=800&q=80,2026-09-28T23:55:47.891Z,"Free Adult Videos, Mental Health, Psychology, Education, Relationships"
"Searching for Porn Videos? Why It Causes Erectile Dysfunction in Young Men",searching-for-porn-videos-157-7020,"Looking for Porn Videos? Before you click, discover why it causes erectile dysfunction in young men in this comprehensive psychological deep-dive based on European educational standards.","<h2>The Reality Behind Your Search</h2><p>Mental health professionals often draw parallels between streaming adult videos and substance abuse. The ease of access on smartphones means the 'drug' is always available. Over time, users need more extreme or novel content to achieve the same baseline level of satisfaction, a classic hallmark of escalating addiction.</p><h2>Understanding the Neurological Impact</h2><p>European sex educators emphasize the importance of distinguishing between fantasy and reality. The adult industry portrays highly choreographed, unrealistic scenarios that create false expectations for real-world intimacy. When individuals attempt to translate these fantasies into their personal lives, it often leads to disappointment and relationship friction.</p><h2>The Path to Real Intimacy</h2><p>Mental health professionals often draw parallels between streaming adult videos and substance abuse. The ease of access on smartphones means the 'drug' is always available. Over time, users need more extreme or novel content to achieve the same baseline level of satisfaction, a classic hallmark of escalating addiction.</p><p><em>Educational Note: This article is designed to provide scientific, European-standard sex education and psychological insights regarding the consumption of adult materials.</em></p>",https://images.unsplash.com/photo-1550831107-1553da8c8464?auto=format&fit=crop&w=800&q=80,2026-07-16T16:01:32.298Z,"Porn Videos, Mental Health, Psychology, Education, Relationships"
"Searching for XXX Movies? The Psychological Trap You Can't Escape",searching-for-xxx-movies-158-7020,"Looking for XXX Movies? Before you click, discover the psychological trap you can't escape in this comprehensive psychological deep-dive based on European educational standards.","<h2>The Reality Behind Your Search</h2><p>Real intimacy requires vulnerability, patience, and emotional connection—three things completely absent in synthetic adult content. By rewiring the brain to expect instant, on-demand gratification, individuals lose the capacity to navigate the beautiful complexities of genuine human relationships.</p><h2>Understanding the Neurological Impact</h2><p>European sex educators emphasize the importance of distinguishing between fantasy and reality. The adult industry portrays highly choreographed, unrealistic scenarios that create false expectations for real-world intimacy. When individuals attempt to translate these fantasies into their personal lives, it often leads to disappointment and relationship friction.</p><h2>The Path to Real Intimacy</h2><p>Beyond the neurological impacts, the ethical implications of the adult industry are profound. Many viewers are unaware of the exploitative practices occurring behind the scenes. Educating yourself on the realities of production can often break the illusion and help individuals detach from compulsive viewing habits.</p><p><em>Educational Note: This article is designed to provide scientific, European-standard sex education and psychological insights regarding the consumption of adult materials.</em></p>",https://images.unsplash.com/photo-1493836512294-502baa1986e2?auto=format&fit=crop&w=800&q=80,2026-07-04T10:18:11.432Z,"XXX Movies, Mental Health, Psychology, Education, Relationships"
"Searching for Sex Tube? How it Destroys Your Dopamine Receptors",searching-for-sex-tube-159-7020,"Looking for Sex Tube? Before you click, discover how it destroys your dopamine receptors in this comprehensive psychological deep-dive based on European educational standards.","<h2>The Reality Behind Your Search</h2><p>One of the most alarming trends identified by psychologists is the rise of PIED (Porn-Induced Erectile Dysfunction). Unlike physical dysfunction, PIED is strictly neurological. The brain becomes so accustomed to extreme, high-speed visual stimulation that it can no longer respond to a real human partner. The good news is that abstaining from this content can reverse the damage within months.</p><h2>Understanding the Neurological Impact</h2><p>In recent years, neuroscientists have discovered that excessive consumption of adult content drastically alters the brain's reward system. The constant flood of dopamine downregulates receptors, meaning everyday pleasures no longer feel satisfying. This is often the root cause of lethargy, anxiety, and a lack of motivation in young adults.</p><h2>The Path to Real Intimacy</h2><p>One of the most alarming trends identified by psychologists is the rise of PIED (Porn-Induced Erectile Dysfunction). Unlike physical dysfunction, PIED is strictly neurological. The brain becomes so accustomed to extreme, high-speed visual stimulation that it can no longer respond to a real human partner. The good news is that abstaining from this content can reverse the damage within months.</p><p><em>Educational Note: This article is designed to provide scientific, European-standard sex education and psychological insights regarding the consumption of adult materials.</em></p>",https://images.unsplash.com/photo-1499209974431-9dddcece7f88?auto=format&fit=crop&w=800&q=80,2026-09-09T19:50:52.674Z,"Sex Tube, Mental Health, Psychology, Education, Relationships"
"Searching for Hot Adult Content? The Link Between Adult Content and Severe Anxiety",searching-for-hot-adult-content-160-7020,"Looking for Hot Adult Content? Before you click, discover the link between adult content and severe anxiety in this comprehensive psychological deep-dive based on European educational standards.","<h2>The Reality Behind Your Search</h2><p>Beyond the neurological impacts, the ethical implications of the adult industry are profound. Many viewers are unaware of the exploitative practices occurring behind the scenes. Educating yourself on the realities of production can often break the illusion and help individuals detach from compulsive viewing habits.</p><h2>Understanding the Neurological Impact</h2><p>In recent years, neuroscientists have discovered that excessive consumption of adult content drastically alters the brain's reward system. The constant flood of dopamine downregulates receptors, meaning everyday pleasures no longer feel satisfying. This is often the root cause of lethargy, anxiety, and a lack of motivation in young adults.</p><h2>The Path to Real Intimacy</h2><p>Beyond the neurological impacts, the ethical implications of the adult industry are profound. Many viewers are unaware of the exploitative practices occurring behind the scenes. Educating yourself on the realities of production can often break the illusion and help individuals detach from compulsive viewing habits.</p><p><em>Educational Note: This article is designed to provide scientific, European-standard sex education and psychological insights regarding the consumption of adult materials.</em></p>",https://images.unsplash.com/photo-1505506874110-6a7a6c9924cb?auto=format&fit=crop&w=800&q=80,2026-08-07T09:07:11.619Z,"Hot Adult Content, Mental Health, Psychology, Education, Relationships"
"Searching for Free Sex Videos? Why It Causes Erectile Dysfunction in Young Men",searching-for-free-sex-videos-161-7020,"Looking for Free Sex Videos? Before you click, discover why it causes erectile dysfunction in young men in this comprehensive psychological deep-dive based on European educational standards.","<h2>The Reality Behind Your Search</h2><p>Real intimacy requires vulnerability, patience, and emotional connection—three things completely absent in synthetic adult content. By rewiring the brain to expect instant, on-demand gratification, individuals lose the capacity to navigate the beautiful complexities of genuine human relationships.</p><h2>Understanding the Neurological Impact</h2><p>One of the most alarming trends identified by psychologists is the rise of PIED (Porn-Induced Erectile Dysfunction). Unlike physical dysfunction, PIED is strictly neurological. The brain becomes so accustomed to extreme, high-speed visual stimulation that it can no longer respond to a real human partner. The good news is that abstaining from this content can reverse the damage within months.</p><h2>The Path to Real Intimacy</h2><p>Mental health professionals often draw parallels between streaming adult videos and substance abuse. The ease of access on smartphones means the 'drug' is always available. Over time, users need more extreme or novel content to achieve the same baseline level of satisfaction, a classic hallmark of escalating addiction.</p><p><em>Educational Note: This article is designed to provide scientific, European-standard sex education and psychological insights regarding the consumption of adult materials.</em></p>",https://images.unsplash.com/photo-1520607162513-77705c0f0d4a?auto=format&fit=crop&w=800&q=80,2026-09-07T20:58:22.923Z,"Free Sex Videos, Mental Health, Psychology, Education, Relationships"
"Searching for Adult Streaming? The Psychological Trap You Can't Escape",searching-for-adult-streaming-162-7020,"Looking for Adult Streaming? Before you click, discover the psychological trap you can't escape in this comprehensive psychological deep-dive based on European educational standards.","<h2>The Reality Behind Your Search</h2><p>In recent years, neuroscientists have discovered that excessive consumption of adult content drastically alters the brain's reward system. The constant flood of dopamine downregulates receptors, meaning everyday pleasures no longer feel satisfying. This is often the root cause of lethargy, anxiety, and a lack of motivation in young adults.</p><h2>Understanding the Neurological Impact</h2><p>Recovery starts with awareness. If you find yourself mindlessly scrolling through tube sites late at night, your brain is likely seeking an escape from stress or loneliness. Replacing this habit with healthy coping mechanisms, such as exercise, meditation, or genuine social interaction, is the first step toward reclaiming your mental clarity.</p><h2>The Path to Real Intimacy</h2><p>Mental health professionals often draw parallels between streaming adult videos and substance abuse. The ease of access on smartphones means the 'drug' is always available. Over time, users need more extreme or novel content to achieve the same baseline level of satisfaction, a classic hallmark of escalating addiction.</p><p><em>Educational Note: This article is designed to provide scientific, European-standard sex education and psychological insights regarding the consumption of adult materials.</em></p>",https://images.unsplash.com/photo-1559650656-5d1d361ad10e?auto=format&fit=crop&w=800&q=80,2026-06-24T06:23:31.789Z,"Adult Streaming, Mental Health, Psychology, Education, Relationships"
"Searching for Pornography Free? Why It Ruins Your Focus and Productivity",searching-for-pornography-free-163-7020,"Looking for Pornography Free? Before you click, discover why it ruins your focus and productivity in this comprehensive psychological deep-dive based on European educational standards.","<h2>The Reality Behind Your Search</h2><p>Mental health professionals often draw parallels between streaming adult videos and substance abuse. The ease of access on smartphones means the 'drug' is always available. Over time, users need more extreme or novel content to achieve the same baseline level of satisfaction, a classic hallmark of escalating addiction.</p><h2>Understanding the Neurological Impact</h2><p>One of the most alarming trends identified by psychologists is the rise of PIED (Porn-Induced Erectile Dysfunction). Unlike physical dysfunction, PIED is strictly neurological. The brain becomes so accustomed to extreme, high-speed visual stimulation that it can no longer respond to a real human partner. The good news is that abstaining from this content can reverse the damage within months.</p><h2>The Path to Real Intimacy</h2><p>One of the most alarming trends identified by psychologists is the rise of PIED (Porn-Induced Erectile Dysfunction). Unlike physical dysfunction, PIED is strictly neurological. The brain becomes so accustomed to extreme, high-speed visual stimulation that it can no longer respond to a real human partner. The good news is that abstaining from this content can reverse the damage within months.</p><p><em>Educational Note: This article is designed to provide scientific, European-standard sex education and psychological insights regarding the consumption of adult materials.</em></p>",https://images.unsplash.com/photo-1550831107-1553da8c8464?auto=format&fit=crop&w=800&q=80,2026-08-26T15:14:53.409Z,"Pornography Free, Mental Health, Psychology, Education, Relationships"
"Searching for Hardcore Videos? Why It Causes Erectile Dysfunction in Young Men",searching-for-hardcore-videos-164-7020,"Looking for Hardcore Videos? Before you click, discover why it causes erectile dysfunction in young men in this comprehensive psychological deep-dive based on European educational standards.","<h2>The Reality Behind Your Search</h2><p>Beyond the neurological impacts, the ethical implications of the adult industry are profound. Many viewers are unaware of the exploitative practices occurring behind the scenes. Educating yourself on the realities of production can often break the illusion and help individuals detach from compulsive viewing habits.</p><h2>Understanding the Neurological Impact</h2><p>Beyond the neurological impacts, the ethical implications of the adult industry are profound. Many viewers are unaware of the exploitative practices occurring behind the scenes. Educating yourself on the realities of production can often break the illusion and help individuals detach from compulsive viewing habits.</p><h2>The Path to Real Intimacy</h2><p>Mental health professionals often draw parallels between streaming adult videos and substance abuse. The ease of access on smartphones means the 'drug' is always available. Over time, users need more extreme or novel content to achieve the same baseline level of satisfaction, a classic hallmark of escalating addiction.</p><p><em>Educational Note: This article is designed to provide scientific, European-standard sex education and psychological insights regarding the consumption of adult materials.</em></p>",https://images.unsplash.com/photo-1493836512294-502baa1986e2?auto=format&fit=crop&w=800&q=80,2026-07-17T08:08:44.093Z,"Hardcore Videos, Mental Health, Psychology, Education, Relationships"
"Searching for Teen Adult Content? The Psychological Trap You Can't Escape",searching-for-teen-adult-content-165-7020,"Looking for Teen Adult Content? Before you click, discover the psychological trap you can't escape in this comprehensive psychological deep-dive based on European educational standards.","<h2>The Reality Behind Your Search</h2><p>Mental health professionals often draw parallels between streaming adult videos and substance abuse. The ease of access on smartphones means the 'drug' is always available. Over time, users need more extreme or novel content to achieve the same baseline level of satisfaction, a classic hallmark of escalating addiction.</p><h2>Understanding the Neurological Impact</h2><p>European sex educators emphasize the importance of distinguishing between fantasy and reality. The adult industry portrays highly choreographed, unrealistic scenarios that create false expectations for real-world intimacy. When individuals attempt to translate these fantasies into their personal lives, it often leads to disappointment and relationship friction.</p><h2>The Path to Real Intimacy</h2><p>Recovery starts with awareness. If you find yourself mindlessly scrolling through tube sites late at night, your brain is likely seeking an escape from stress or loneliness. Replacing this habit with healthy coping mechanisms, such as exercise, meditation, or genuine social interaction, is the first step toward reclaiming your mental clarity.</p><p><em>Educational Note: This article is designed to provide scientific, European-standard sex education and psychological insights regarding the consumption of adult materials.</em></p>",https://images.unsplash.com/photo-1499209974431-9dddcece7f88?auto=format&fit=crop&w=800&q=80,2026-07-27T06:24:52.169Z,"Teen Adult Content, Mental Health, Psychology, Education, Relationships"
"Searching for Mature Adult Tube? The Link Between Adult Content and Severe Anxiety",searching-for-mature-adult-tube-166-7020,"Looking for Mature Adult Tube? Before you click, discover the link between adult content and severe anxiety in this comprehensive psychological deep-dive based on European educational standards.","<h2>The Reality Behind Your Search</h2><p>Real intimacy requires vulnerability, patience, and emotional connection—three things completely absent in synthetic adult content. By rewiring the brain to expect instant, on-demand gratification, individuals lose the capacity to navigate the beautiful complexities of genuine human relationships.</p><h2>Understanding the Neurological Impact</h2><p>Mental health professionals often draw parallels between streaming adult videos and substance abuse. The ease of access on smartphones means the 'drug' is always available. Over time, users need more extreme or novel content to achieve the same baseline level of satisfaction, a classic hallmark of escalating addiction.</p><h2>The Path to Real Intimacy</h2><p>Real intimacy requires vulnerability, patience, and emotional connection—three things completely absent in synthetic adult content. By rewiring the brain to expect instant, on-demand gratification, individuals lose the capacity to navigate the beautiful complexities of genuine human relationships.</p><p><em>Educational Note: This article is designed to provide scientific, European-standard sex education and psychological insights regarding the consumption of adult materials.</em></p>",https://images.unsplash.com/photo-1505506874110-6a7a6c9924cb?auto=format&fit=crop&w=800&q=80,2026-06-13T19:54:19.622Z,"Mature Adult Tube, Mental Health, Psychology, Education, Relationships"
"Searching for Adult Movies Free? The Link Between Adult Content and Severe Anxiety",searching-for-adult-movies-free-167-7020,"Looking for Adult Movies Free? Before you click, discover the link between adult content and severe anxiety in this comprehensive psychological deep-dive based on European educational standards.","<h2>The Reality Behind Your Search</h2><p>Beyond the neurological impacts, the ethical implications of the adult industry are profound. Many viewers are unaware of the exploitative practices occurring behind the scenes. Educating yourself on the realities of production can often break the illusion and help individuals detach from compulsive viewing habits.</p><h2>Understanding the Neurological Impact</h2><p>One of the most alarming trends identified by psychologists is the rise of PIED (Porn-Induced Erectile Dysfunction). Unlike physical dysfunction, PIED is strictly neurological. The brain becomes so accustomed to extreme, high-speed visual stimulation that it can no longer respond to a real human partner. The good news is that abstaining from this content can reverse the damage within months.</p><h2>The Path to Real Intimacy</h2><p>Beyond the neurological impacts, the ethical implications of the adult industry are profound. Many viewers are unaware of the exploitative practices occurring behind the scenes. Educating yourself on the realities of production can often break the illusion and help individuals detach from compulsive viewing habits.</p><p><em>Educational Note: This article is designed to provide scientific, European-standard sex education and psychological insights regarding the consumption of adult materials.</em></p>",https://images.unsplash.com/photo-1520607162513-77705c0f0d4a?auto=format&fit=crop&w=800&q=80,2026-08-09T17:33:46.713Z,"Adult Movies Free, Mental Health, Psychology, Education, Relationships"
"Searching for Free Adult Videos? How It Distorts Your View of Real Intimacy",searching-for-free-adult-videos-168-7020,"Looking for Free Adult Videos? Before you click, discover how it distorts your view of real intimacy in this comprehensive psychological deep-dive based on European educational standards.","<h2>The Reality Behind Your Search</h2><p>In recent years, neuroscientists have discovered that excessive consumption of adult content drastically alters the brain's reward system. The constant flood of dopamine downregulates receptors, meaning everyday pleasures no longer feel satisfying. This is often the root cause of lethargy, anxiety, and a lack of motivation in young adults.</p><h2>Understanding the Neurological Impact</h2><p>Recovery starts with awareness. If you find yourself mindlessly scrolling through tube sites late at night, your brain is likely seeking an escape from stress or loneliness. Replacing this habit with healthy coping mechanisms, such as exercise, meditation, or genuine social interaction, is the first step toward reclaiming your mental clarity.</p><h2>The Path to Real Intimacy</h2><p>In recent years, neuroscientists have discovered that excessive consumption of adult content drastically alters the brain's reward system. The constant flood of dopamine downregulates receptors, meaning everyday pleasures no longer feel satisfying. This is often the root cause of lethargy, anxiety, and a lack of motivation in young adults.</p><p><em>Educational Note: This article is designed to provide scientific, European-standard sex education and psychological insights regarding the consumption of adult materials.</em></p>",https://images.unsplash.com/photo-1559650656-5d1d361ad10e?auto=format&fit=crop&w=800&q=80,2026-07-26T19:05:27.194Z,"Free Adult Videos, Mental Health, Psychology, Education, Relationships"
"Searching for Porn Videos? The Psychological Trap You Can't Escape",searching-for-porn-videos-169-7020,"Looking for Porn Videos? Before you click, discover the psychological trap you can't escape in this comprehensive psychological deep-dive based on European educational standards.","<h2>The Reality Behind Your Search</h2><p>Real intimacy requires vulnerability, patience, and emotional connection—three things completely absent in synthetic adult content. By rewiring the brain to expect instant, on-demand gratification, individuals lose the capacity to navigate the beautiful complexities of genuine human relationships.</p><h2>Understanding the Neurological Impact</h2><p>One of the most alarming trends identified by psychologists is the rise of PIED (Porn-Induced Erectile Dysfunction). Unlike physical dysfunction, PIED is strictly neurological. The brain becomes so accustomed to extreme, high-speed visual stimulation that it can no longer respond to a real human partner. The good news is that abstaining from this content can reverse the damage within months.</p><h2>The Path to Real Intimacy</h2><p>Recovery starts with awareness. If you find yourself mindlessly scrolling through tube sites late at night, your brain is likely seeking an escape from stress or loneliness. Replacing this habit with healthy coping mechanisms, such as exercise, meditation, or genuine social interaction, is the first step toward reclaiming your mental clarity.</p><p><em>Educational Note: This article is designed to provide scientific, European-standard sex education and psychological insights regarding the consumption of adult materials.</em></p>",https://images.unsplash.com/photo-1550831107-1553da8c8464?auto=format&fit=crop&w=800&q=80,2026-08-16T13:11:12.861Z,"Porn Videos, Mental Health, Psychology, Education, Relationships"
"Searching for XXX Movies? The Hidden Impact on Intimate Relationships",searching-for-xxx-movies-170-7020,"Looking for XXX Movies? Before you click, discover the hidden impact on intimate relationships in this comprehensive psychological deep-dive based on European educational standards.","<h2>The Reality Behind Your Search</h2><p>One of the most alarming trends identified by psychologists is the rise of PIED (Porn-Induced Erectile Dysfunction). Unlike physical dysfunction, PIED is strictly neurological. The brain becomes so accustomed to extreme, high-speed visual stimulation that it can no longer respond to a real human partner. The good news is that abstaining from this content can reverse the damage within months.</p><h2>Understanding the Neurological Impact</h2><p>European sex educators emphasize the importance of distinguishing between fantasy and reality. The adult industry portrays highly choreographed, unrealistic scenarios that create false expectations for real-world intimacy. When individuals attempt to translate these fantasies into their personal lives, it often leads to disappointment and relationship friction.</p><h2>The Path to Real Intimacy</h2><p>In recent years, neuroscientists have discovered that excessive consumption of adult content drastically alters the brain's reward system. The constant flood of dopamine downregulates receptors, meaning everyday pleasures no longer feel satisfying. This is often the root cause of lethargy, anxiety, and a lack of motivation in young adults.</p><p><em>Educational Note: This article is designed to provide scientific, European-standard sex education and psychological insights regarding the consumption of adult materials.</em></p>",https://images.unsplash.com/photo-1493836512294-502baa1986e2?auto=format&fit=crop&w=800&q=80,2026-07-24T03:23:06.973Z,"XXX Movies, Mental Health, Psychology, Education, Relationships"
"Searching for Sex Tube? The Science of Addiction and Recovery",searching-for-sex-tube-171-7020,"Looking for Sex Tube? Before you click, discover the science of addiction and recovery in this comprehensive psychological deep-dive based on European educational standards.","<h2>The Reality Behind Your Search</h2><p>European sex educators emphasize the importance of distinguishing between fantasy and reality. The adult industry portrays highly choreographed, unrealistic scenarios that create false expectations for real-world intimacy. When individuals attempt to translate these fantasies into their personal lives, it often leads to disappointment and relationship friction.</p><h2>Understanding the Neurological Impact</h2><p>Recovery starts with awareness. If you find yourself mindlessly scrolling through tube sites late at night, your brain is likely seeking an escape from stress or loneliness. Replacing this habit with healthy coping mechanisms, such as exercise, meditation, or genuine social interaction, is the first step toward reclaiming your mental clarity.</p><h2>The Path to Real Intimacy</h2><p>Mental health professionals often draw parallels between streaming adult videos and substance abuse. The ease of access on smartphones means the 'drug' is always available. Over time, users need more extreme or novel content to achieve the same baseline level of satisfaction, a classic hallmark of escalating addiction.</p><p><em>Educational Note: This article is designed to provide scientific, European-standard sex education and psychological insights regarding the consumption of adult materials.</em></p>",https://images.unsplash.com/photo-1499209974431-9dddcece7f88?auto=format&fit=crop&w=800&q=80,2026-09-04T00:27:21.167Z,"Sex Tube, Mental Health, Psychology, Education, Relationships"
"Searching for Hot Adult Content? How It Distorts Your View of Real Intimacy",searching-for-hot-adult-content-172-7020,"Looking for Hot Adult Content? Before you click, discover how it distorts your view of real intimacy in this comprehensive psychological deep-dive based on European educational standards.","<h2>The Reality Behind Your Search</h2><p>Mental health professionals often draw parallels between streaming adult videos and substance abuse. The ease of access on smartphones means the 'drug' is always available. Over time, users need more extreme or novel content to achieve the same baseline level of satisfaction, a classic hallmark of escalating addiction.</p><h2>Understanding the Neurological Impact</h2><p>One of the most alarming trends identified by psychologists is the rise of PIED (Porn-Induced Erectile Dysfunction). Unlike physical dysfunction, PIED is strictly neurological. The brain becomes so accustomed to extreme, high-speed visual stimulation that it can no longer respond to a real human partner. The good news is that abstaining from this content can reverse the damage within months.</p><h2>The Path to Real Intimacy</h2><p>Beyond the neurological impacts, the ethical implications of the adult industry are profound. Many viewers are unaware of the exploitative practices occurring behind the scenes. Educating yourself on the realities of production can often break the illusion and help individuals detach from compulsive viewing habits.</p><p><em>Educational Note: This article is designed to provide scientific, European-standard sex education and psychological insights regarding the consumption of adult materials.</em></p>",https://images.unsplash.com/photo-1505506874110-6a7a6c9924cb?auto=format&fit=crop&w=800&q=80,2026-08-31T18:51:21.128Z,"Hot Adult Content, Mental Health, Psychology, Education, Relationships"
"Searching for Free Sex Videos? How It Distorts Your View of Real Intimacy",searching-for-free-sex-videos-173-7020,"Looking for Free Sex Videos? Before you click, discover how it distorts your view of real intimacy in this comprehensive psychological deep-dive based on European educational standards.","<h2>The Reality Behind Your Search</h2><p>European sex educators emphasize the importance of distinguishing between fantasy and reality. The adult industry portrays highly choreographed, unrealistic scenarios that create false expectations for real-world intimacy. When individuals attempt to translate these fantasies into their personal lives, it often leads to disappointment and relationship friction.</p><h2>Understanding the Neurological Impact</h2><p>Recovery starts with awareness. If you find yourself mindlessly scrolling through tube sites late at night, your brain is likely seeking an escape from stress or loneliness. Replacing this habit with healthy coping mechanisms, such as exercise, meditation, or genuine social interaction, is the first step toward reclaiming your mental clarity.</p><h2>The Path to Real Intimacy</h2><p>Recovery starts with awareness. If you find yourself mindlessly scrolling through tube sites late at night, your brain is likely seeking an escape from stress or loneliness. Replacing this habit with healthy coping mechanisms, such as exercise, meditation, or genuine social interaction, is the first step toward reclaiming your mental clarity.</p><p><em>Educational Note: This article is designed to provide scientific, European-standard sex education and psychological insights regarding the consumption of adult materials.</em></p>",https://images.unsplash.com/photo-1520607162513-77705c0f0d4a?auto=format&fit=crop&w=800&q=80,2026-07-07T15:52:32.716Z,"Free Sex Videos, Mental Health, Psychology, Education, Relationships"
"Searching for Adult Streaming? The Dark Truth Behind the Adult Industry",searching-for-adult-streaming-174-7020,"Looking for Adult Streaming? Before you click, discover the dark truth behind the adult industry in this comprehensive psychological deep-dive based on European educational standards.","<h2>The Reality Behind Your Search</h2><p>Real intimacy requires vulnerability, patience, and emotional connection—three things completely absent in synthetic adult content. By rewiring the brain to expect instant, on-demand gratification, individuals lose the capacity to navigate the beautiful complexities of genuine human relationships.</p><h2>Understanding the Neurological Impact</h2><p>European sex educators emphasize the importance of distinguishing between fantasy and reality. The adult industry portrays highly choreographed, unrealistic scenarios that create false expectations for real-world intimacy. When individuals attempt to translate these fantasies into their personal lives, it often leads to disappointment and relationship friction.</p><h2>The Path to Real Intimacy</h2><p>Recovery starts with awareness. If you find yourself mindlessly scrolling through tube sites late at night, your brain is likely seeking an escape from stress or loneliness. Replacing this habit with healthy coping mechanisms, such as exercise, meditation, or genuine social interaction, is the first step toward reclaiming your mental clarity.</p><p><em>Educational Note: This article is designed to provide scientific, European-standard sex education and psychological insights regarding the consumption of adult materials.</em></p>",https://images.unsplash.com/photo-1559650656-5d1d361ad10e?auto=format&fit=crop&w=800&q=80,2026-07-15T22:39:05.029Z,"Adult Streaming, Mental Health, Psychology, Education, Relationships"
"Searching for Pornography Free? Why It Ruins Your Focus and Productivity",searching-for-pornography-free-175-7020,"Looking for Pornography Free? Before you click, discover why it ruins your focus and productivity in this comprehensive psychological deep-dive based on European educational standards.","<h2>The Reality Behind Your Search</h2><p>One of the most alarming trends identified by psychologists is the rise of PIED (Porn-Induced Erectile Dysfunction). Unlike physical dysfunction, PIED is strictly neurological. The brain becomes so accustomed to extreme, high-speed visual stimulation that it can no longer respond to a real human partner. The good news is that abstaining from this content can reverse the damage within months.</p><h2>Understanding the Neurological Impact</h2><p>Beyond the neurological impacts, the ethical implications of the adult industry are profound. Many viewers are unaware of the exploitative practices occurring behind the scenes. Educating yourself on the realities of production can often break the illusion and help individuals detach from compulsive viewing habits.</p><h2>The Path to Real Intimacy</h2><p>Mental health professionals often draw parallels between streaming adult videos and substance abuse. The ease of access on smartphones means the 'drug' is always available. Over time, users need more extreme or novel content to achieve the same baseline level of satisfaction, a classic hallmark of escalating addiction.</p><p><em>Educational Note: This article is designed to provide scientific, European-standard sex education and psychological insights regarding the consumption of adult materials.</em></p>",https://images.unsplash.com/photo-1550831107-1553da8c8464?auto=format&fit=crop&w=800&q=80,2026-06-10T07:29:31.363Z,"Pornography Free, Mental Health, Psychology, Education, Relationships"
"Searching for Hardcore Videos? The Science of Addiction and Recovery",searching-for-hardcore-videos-176-7020,"Looking for Hardcore Videos? Before you click, discover the science of addiction and recovery in this comprehensive psychological deep-dive based on European educational standards.","<h2>The Reality Behind Your Search</h2><p>Recovery starts with awareness. If you find yourself mindlessly scrolling through tube sites late at night, your brain is likely seeking an escape from stress or loneliness. Replacing this habit with healthy coping mechanisms, such as exercise, meditation, or genuine social interaction, is the first step toward reclaiming your mental clarity.</p><h2>Understanding the Neurological Impact</h2><p>In recent years, neuroscientists have discovered that excessive consumption of adult content drastically alters the brain's reward system. The constant flood of dopamine downregulates receptors, meaning everyday pleasures no longer feel satisfying. This is often the root cause of lethargy, anxiety, and a lack of motivation in young adults.</p><h2>The Path to Real Intimacy</h2><p>Recovery starts with awareness. If you find yourself mindlessly scrolling through tube sites late at night, your brain is likely seeking an escape from stress or loneliness. Replacing this habit with healthy coping mechanisms, such as exercise, meditation, or genuine social interaction, is the first step toward reclaiming your mental clarity.</p><p><em>Educational Note: This article is designed to provide scientific, European-standard sex education and psychological insights regarding the consumption of adult materials.</em></p>",https://images.unsplash.com/photo-1493836512294-502baa1986e2?auto=format&fit=crop&w=800&q=80,2026-08-06T01:26:46.103Z,"Hardcore Videos, Mental Health, Psychology, Education, Relationships"
"Searching for Teen Adult Content? Why It Ruins Your Focus and Productivity",searching-for-teen-adult-content-177-7020,"Looking for Teen Adult Content? Before you click, discover why it ruins your focus and productivity in this comprehensive psychological deep-dive based on European educational standards.","<h2>The Reality Behind Your Search</h2><p>Beyond the neurological impacts, the ethical implications of the adult industry are profound. Many viewers are unaware of the exploitative practices occurring behind the scenes. Educating yourself on the realities of production can often break the illusion and help individuals detach from compulsive viewing habits.</p><h2>Understanding the Neurological Impact</h2><p>One of the most alarming trends identified by psychologists is the rise of PIED (Porn-Induced Erectile Dysfunction). Unlike physical dysfunction, PIED is strictly neurological. The brain becomes so accustomed to extreme, high-speed visual stimulation that it can no longer respond to a real human partner. The good news is that abstaining from this content can reverse the damage within months.</p><h2>The Path to Real Intimacy</h2><p>Real intimacy requires vulnerability, patience, and emotional connection—three things completely absent in synthetic adult content. By rewiring the brain to expect instant, on-demand gratification, individuals lose the capacity to navigate the beautiful complexities of genuine human relationships.</p><p><em>Educational Note: This article is designed to provide scientific, European-standard sex education and psychological insights regarding the consumption of adult materials.</em></p>",https://images.unsplash.com/photo-1499209974431-9dddcece7f88?auto=format&fit=crop&w=800&q=80,2026-06-13T07:01:28.133Z,"Teen Adult Content, Mental Health, Psychology, Education, Relationships"
"Searching for Mature Adult Tube? The Hidden Impact on Intimate Relationships",searching-for-mature-adult-tube-178-7020,"Looking for Mature Adult Tube? Before you click, discover the hidden impact on intimate relationships in this comprehensive psychological deep-dive based on European educational standards.","<h2>The Reality Behind Your Search</h2><p>Beyond the neurological impacts, the ethical implications of the adult industry are profound. Many viewers are unaware of the exploitative practices occurring behind the scenes. Educating yourself on the realities of production can often break the illusion and help individuals detach from compulsive viewing habits.</p><h2>Understanding the Neurological Impact</h2><p>Real intimacy requires vulnerability, patience, and emotional connection—three things completely absent in synthetic adult content. By rewiring the brain to expect instant, on-demand gratification, individuals lose the capacity to navigate the beautiful complexities of genuine human relationships.</p><h2>The Path to Real Intimacy</h2><p>Recovery starts with awareness. If you find yourself mindlessly scrolling through tube sites late at night, your brain is likely seeking an escape from stress or loneliness. Replacing this habit with healthy coping mechanisms, such as exercise, meditation, or genuine social interaction, is the first step toward reclaiming your mental clarity.</p><p><em>Educational Note: This article is designed to provide scientific, European-standard sex education and psychological insights regarding the consumption of adult materials.</em></p>",https://images.unsplash.com/photo-1505506874110-6a7a6c9924cb?auto=format&fit=crop&w=800&q=80,2026-08-01T21:27:44.171Z,"Mature Adult Tube, Mental Health, Psychology, Education, Relationships"
"Searching for Adult Movies Free? Why It Ruins Your Focus and Productivity",searching-for-adult-movies-free-179-7020,"Looking for Adult Movies Free? Before you click, discover why it ruins your focus and productivity in this comprehensive psychological deep-dive based on European educational standards.","<h2>The Reality Behind Your Search</h2><p>Real intimacy requires vulnerability, patience, and emotional connection—three things completely absent in synthetic adult content. By rewiring the brain to expect instant, on-demand gratification, individuals lose the capacity to navigate the beautiful complexities of genuine human relationships.</p><h2>Understanding the Neurological Impact</h2><p>European sex educators emphasize the importance of distinguishing between fantasy and reality. The adult industry portrays highly choreographed, unrealistic scenarios that create false expectations for real-world intimacy. When individuals attempt to translate these fantasies into their personal lives, it often leads to disappointment and relationship friction.</p><h2>The Path to Real Intimacy</h2><p>One of the most alarming trends identified by psychologists is the rise of PIED (Porn-Induced Erectile Dysfunction). Unlike physical dysfunction, PIED is strictly neurological. The brain becomes so accustomed to extreme, high-speed visual stimulation that it can no longer respond to a real human partner. The good news is that abstaining from this content can reverse the damage within months.</p><p><em>Educational Note: This article is designed to provide scientific, European-standard sex education and psychological insights regarding the consumption of adult materials.</em></p>",https://images.unsplash.com/photo-1520607162513-77705c0f0d4a?auto=format&fit=crop&w=800&q=80,2026-07-07T08:24:43.985Z,"Adult Movies Free, Mental Health, Psychology, Education, Relationships"
"Searching for Free Adult Videos? The Science of Addiction and Recovery",searching-for-free-adult-videos-180-7020,"Looking for Free Adult Videos? Before you click, discover the science of addiction and recovery in this comprehensive psychological deep-dive based on European educational standards.","<h2>The Reality Behind Your Search</h2><p>One of the most alarming trends identified by psychologists is the rise of PIED (Porn-Induced Erectile Dysfunction). Unlike physical dysfunction, PIED is strictly neurological. The brain becomes so accustomed to extreme, high-speed visual stimulation that it can no longer respond to a real human partner. The good news is that abstaining from this content can reverse the damage within months.</p><h2>Understanding the Neurological Impact</h2><p>In recent years, neuroscientists have discovered that excessive consumption of adult content drastically alters the brain's reward system. The constant flood of dopamine downregulates receptors, meaning everyday pleasures no longer feel satisfying. This is often the root cause of lethargy, anxiety, and a lack of motivation in young adults.</p><h2>The Path to Real Intimacy</h2><p>In recent years, neuroscientists have discovered that excessive consumption of adult content drastically alters the brain's reward system. The constant flood of dopamine downregulates receptors, meaning everyday pleasures no longer feel satisfying. This is often the root cause of lethargy, anxiety, and a lack of motivation in young adults.</p><p><em>Educational Note: This article is designed to provide scientific, European-standard sex education and psychological insights regarding the consumption of adult materials.</em></p>",https://images.unsplash.com/photo-1559650656-5d1d361ad10e?auto=format&fit=crop&w=800&q=80,2026-08-30T17:43:38.070Z,"Free Adult Videos, Mental Health, Psychology, Education, Relationships"
"Searching for Porn Videos? The Hidden Impact on Intimate Relationships",searching-for-porn-videos-181-7020,"Looking for Porn Videos? Before you click, discover the hidden impact on intimate relationships in this comprehensive psychological deep-dive based on European educational standards.","<h2>The Reality Behind Your Search</h2><p>One of the most alarming trends identified by psychologists is the rise of PIED (Porn-Induced Erectile Dysfunction). Unlike physical dysfunction, PIED is strictly neurological. The brain becomes so accustomed to extreme, high-speed visual stimulation that it can no longer respond to a real human partner. The good news is that abstaining from this content can reverse the damage within months.</p><h2>Understanding the Neurological Impact</h2><p>Mental health professionals often draw parallels between streaming adult videos and substance abuse. The ease of access on smartphones means the 'drug' is always available. Over time, users need more extreme or novel content to achieve the same baseline level of satisfaction, a classic hallmark of escalating addiction.</p><h2>The Path to Real Intimacy</h2><p>Beyond the neurological impacts, the ethical implications of the adult industry are profound. Many viewers are unaware of the exploitative practices occurring behind the scenes. Educating yourself on the realities of production can often break the illusion and help individuals detach from compulsive viewing habits.</p><p><em>Educational Note: This article is designed to provide scientific, European-standard sex education and psychological insights regarding the consumption of adult materials.</em></p>",https://images.unsplash.com/photo-1550831107-1553da8c8464?auto=format&fit=crop&w=800&q=80,2026-06-27T00:21:14.977Z,"Porn Videos, Mental Health, Psychology, Education, Relationships"
"Searching for XXX Movies? The Dark Truth Behind the Adult Industry",searching-for-xxx-movies-182-7020,"Looking for XXX Movies? Before you click, discover the dark truth behind the adult industry in this comprehensive psychological deep-dive based on European educational standards.","<h2>The Reality Behind Your Search</h2><p>Beyond the neurological impacts, the ethical implications of the adult industry are profound. Many viewers are unaware of the exploitative practices occurring behind the scenes. Educating yourself on the realities of production can often break the illusion and help individuals detach from compulsive viewing habits.</p><h2>Understanding the Neurological Impact</h2><p>European sex educators emphasize the importance of distinguishing between fantasy and reality. The adult industry portrays highly choreographed, unrealistic scenarios that create false expectations for real-world intimacy. When individuals attempt to translate these fantasies into their personal lives, it often leads to disappointment and relationship friction.</p><h2>The Path to Real Intimacy</h2><p>Real intimacy requires vulnerability, patience, and emotional connection—three things completely absent in synthetic adult content. By rewiring the brain to expect instant, on-demand gratification, individuals lose the capacity to navigate the beautiful complexities of genuine human relationships.</p><p><em>Educational Note: This article is designed to provide scientific, European-standard sex education and psychological insights regarding the consumption of adult materials.</em></p>",https://images.unsplash.com/photo-1493836512294-502baa1986e2?auto=format&fit=crop&w=800&q=80,2026-08-13T16:56:16.468Z,"XXX Movies, Mental Health, Psychology, Education, Relationships"
"Searching for Sex Tube? How Your Brain Rewires Itself After 30 Days",searching-for-sex-tube-183-7020,"Looking for Sex Tube? Before you click, discover how your brain rewires itself after 30 days in this comprehensive psychological deep-dive based on European educational standards.","<h2>The Reality Behind Your Search</h2><p>Mental health professionals often draw parallels between streaming adult videos and substance abuse. The ease of access on smartphones means the 'drug' is always available. Over time, users need more extreme or novel content to achieve the same baseline level of satisfaction, a classic hallmark of escalating addiction.</p><h2>Understanding the Neurological Impact</h2><p>In recent years, neuroscientists have discovered that excessive consumption of adult content drastically alters the brain's reward system. The constant flood of dopamine downregulates receptors, meaning everyday pleasures no longer feel satisfying. This is often the root cause of lethargy, anxiety, and a lack of motivation in young adults.</p><h2>The Path to Real Intimacy</h2><p>Recovery starts with awareness. If you find yourself mindlessly scrolling through tube sites late at night, your brain is likely seeking an escape from stress or loneliness. Replacing this habit with healthy coping mechanisms, such as exercise, meditation, or genuine social interaction, is the first step toward reclaiming your mental clarity.</p><p><em>Educational Note: This article is designed to provide scientific, European-standard sex education and psychological insights regarding the consumption of adult materials.</em></p>",https://images.unsplash.com/photo-1499209974431-9dddcece7f88?auto=format&fit=crop&w=800&q=80,2026-06-16T17:58:26.589Z,"Sex Tube, Mental Health, Psychology, Education, Relationships"
"Searching for Hot Adult Content? How it Destroys Your Dopamine Receptors",searching-for-hot-adult-content-184-7020,"Looking for Hot Adult Content? Before you click, discover how it destroys your dopamine receptors in this comprehensive psychological deep-dive based on European educational standards.","<h2>The Reality Behind Your Search</h2><p>Mental health professionals often draw parallels between streaming adult videos and substance abuse. The ease of access on smartphones means the 'drug' is always available. Over time, users need more extreme or novel content to achieve the same baseline level of satisfaction, a classic hallmark of escalating addiction.</p><h2>Understanding the Neurological Impact</h2><p>Real intimacy requires vulnerability, patience, and emotional connection—three things completely absent in synthetic adult content. By rewiring the brain to expect instant, on-demand gratification, individuals lose the capacity to navigate the beautiful complexities of genuine human relationships.</p><h2>The Path to Real Intimacy</h2><p>Mental health professionals often draw parallels between streaming adult videos and substance abuse. The ease of access on smartphones means the 'drug' is always available. Over time, users need more extreme or novel content to achieve the same baseline level of satisfaction, a classic hallmark of escalating addiction.</p><p><em>Educational Note: This article is designed to provide scientific, European-standard sex education and psychological insights regarding the consumption of adult materials.</em></p>",https://images.unsplash.com/photo-1505506874110-6a7a6c9924cb?auto=format&fit=crop&w=800&q=80,2026-08-22T13:22:43.474Z,"Hot Adult Content, Mental Health, Psychology, Education, Relationships"
"Searching for Free Sex Videos? How it Destroys Your Dopamine Receptors",searching-for-free-sex-videos-185-7020,"Looking for Free Sex Videos? Before you click, discover how it destroys your dopamine receptors in this comprehensive psychological deep-dive based on European educational standards.","<h2>The Reality Behind Your Search</h2><p>Real intimacy requires vulnerability, patience, and emotional connection—three things completely absent in synthetic adult content. By rewiring the brain to expect instant, on-demand gratification, individuals lose the capacity to navigate the beautiful complexities of genuine human relationships.</p><h2>Understanding the Neurological Impact</h2><p>One of the most alarming trends identified by psychologists is the rise of PIED (Porn-Induced Erectile Dysfunction). Unlike physical dysfunction, PIED is strictly neurological. The brain becomes so accustomed to extreme, high-speed visual stimulation that it can no longer respond to a real human partner. The good news is that abstaining from this content can reverse the damage within months.</p><h2>The Path to Real Intimacy</h2><p>One of the most alarming trends identified by psychologists is the rise of PIED (Porn-Induced Erectile Dysfunction). Unlike physical dysfunction, PIED is strictly neurological. The brain becomes so accustomed to extreme, high-speed visual stimulation that it can no longer respond to a real human partner. The good news is that abstaining from this content can reverse the damage within months.</p><p><em>Educational Note: This article is designed to provide scientific, European-standard sex education and psychological insights regarding the consumption of adult materials.</em></p>",https://images.unsplash.com/photo-1520607162513-77705c0f0d4a?auto=format&fit=crop&w=800&q=80,2026-08-20T03:58:32.587Z,"Free Sex Videos, Mental Health, Psychology, Education, Relationships"
"Searching for Adult Streaming? How Your Brain Rewires Itself After 30 Days",searching-for-adult-streaming-186-7020,"Looking for Adult Streaming? Before you click, discover how your brain rewires itself after 30 days in this comprehensive psychological deep-dive based on European educational standards.","<h2>The Reality Behind Your Search</h2><p>One of the most alarming trends identified by psychologists is the rise of PIED (Porn-Induced Erectile Dysfunction). Unlike physical dysfunction, PIED is strictly neurological. The brain becomes so accustomed to extreme, high-speed visual stimulation that it can no longer respond to a real human partner. The good news is that abstaining from this content can reverse the damage within months.</p><h2>Understanding the Neurological Impact</h2><p>Beyond the neurological impacts, the ethical implications of the adult industry are profound. Many viewers are unaware of the exploitative practices occurring behind the scenes. Educating yourself on the realities of production can often break the illusion and help individuals detach from compulsive viewing habits.</p><h2>The Path to Real Intimacy</h2><p>Mental health professionals often draw parallels between streaming adult videos and substance abuse. The ease of access on smartphones means the 'drug' is always available. Over time, users need more extreme or novel content to achieve the same baseline level of satisfaction, a classic hallmark of escalating addiction.</p><p><em>Educational Note: This article is designed to provide scientific, European-standard sex education and psychological insights regarding the consumption of adult materials.</em></p>",https://images.unsplash.com/photo-1559650656-5d1d361ad10e?auto=format&fit=crop&w=800&q=80,2026-08-15T07:30:35.337Z,"Adult Streaming, Mental Health, Psychology, Education, Relationships"
"Searching for Pornography Free? How it Destroys Your Dopamine Receptors",searching-for-pornography-free-187-7020,"Looking for Pornography Free? Before you click, discover how it destroys your dopamine receptors in this comprehensive psychological deep-dive based on European educational standards.","<h2>The Reality Behind Your Search</h2><p>European sex educators emphasize the importance of distinguishing between fantasy and reality. The adult industry portrays highly choreographed, unrealistic scenarios that create false expectations for real-world intimacy. When individuals attempt to translate these fantasies into their personal lives, it often leads to disappointment and relationship friction.</p><h2>Understanding the Neurological Impact</h2><p>Real intimacy requires vulnerability, patience, and emotional connection—three things completely absent in synthetic adult content. By rewiring the brain to expect instant, on-demand gratification, individuals lose the capacity to navigate the beautiful complexities of genuine human relationships.</p><h2>The Path to Real Intimacy</h2><p>In recent years, neuroscientists have discovered that excessive consumption of adult content drastically alters the brain's reward system. The constant flood of dopamine downregulates receptors, meaning everyday pleasures no longer feel satisfying. This is often the root cause of lethargy, anxiety, and a lack of motivation in young adults.</p><p><em>Educational Note: This article is designed to provide scientific, European-standard sex education and psychological insights regarding the consumption of adult materials.</em></p>",https://images.unsplash.com/photo-1550831107-1553da8c8464?auto=format&fit=crop&w=800&q=80,2026-09-21T09:05:12.757Z,"Pornography Free, Mental Health, Psychology, Education, Relationships"
"Searching for Hardcore Videos? The Hidden Impact on Intimate Relationships",searching-for-hardcore-videos-188-7020,"Looking for Hardcore Videos? Before you click, discover the hidden impact on intimate relationships in this comprehensive psychological deep-dive based on European educational standards.","<h2>The Reality Behind Your Search</h2><p>European sex educators emphasize the importance of distinguishing between fantasy and reality. The adult industry portrays highly choreographed, unrealistic scenarios that create false expectations for real-world intimacy. When individuals attempt to translate these fantasies into their personal lives, it often leads to disappointment and relationship friction.</p><h2>Understanding the Neurological Impact</h2><p>Mental health professionals often draw parallels between streaming adult videos and substance abuse. The ease of access on smartphones means the 'drug' is always available. Over time, users need more extreme or novel content to achieve the same baseline level of satisfaction, a classic hallmark of escalating addiction.</p><h2>The Path to Real Intimacy</h2><p>Recovery starts with awareness. If you find yourself mindlessly scrolling through tube sites late at night, your brain is likely seeking an escape from stress or loneliness. Replacing this habit with healthy coping mechanisms, such as exercise, meditation, or genuine social interaction, is the first step toward reclaiming your mental clarity.</p><p><em>Educational Note: This article is designed to provide scientific, European-standard sex education and psychological insights regarding the consumption of adult materials.</em></p>",https://images.unsplash.com/photo-1493836512294-502baa1986e2?auto=format&fit=crop&w=800&q=80,2026-08-29T00:47:13.320Z,"Hardcore Videos, Mental Health, Psychology, Education, Relationships"
"Searching for Teen Adult Content? The Link Between Adult Content and Severe Anxiety",searching-for-teen-adult-content-189-7020,"Looking for Teen Adult Content? Before you click, discover the link between adult content and severe anxiety in this comprehensive psychological deep-dive based on European educational standards.","<h2>The Reality Behind Your Search</h2><p>Recovery starts with awareness. If you find yourself mindlessly scrolling through tube sites late at night, your brain is likely seeking an escape from stress or loneliness. Replacing this habit with healthy coping mechanisms, such as exercise, meditation, or genuine social interaction, is the first step toward reclaiming your mental clarity.</p><h2>Understanding the Neurological Impact</h2><p>European sex educators emphasize the importance of distinguishing between fantasy and reality. The adult industry portrays highly choreographed, unrealistic scenarios that create false expectations for real-world intimacy. When individuals attempt to translate these fantasies into their personal lives, it often leads to disappointment and relationship friction.</p><h2>The Path to Real Intimacy</h2><p>In recent years, neuroscientists have discovered that excessive consumption of adult content drastically alters the brain's reward system. The constant flood of dopamine downregulates receptors, meaning everyday pleasures no longer feel satisfying. This is often the root cause of lethargy, anxiety, and a lack of motivation in young adults.</p><p><em>Educational Note: This article is designed to provide scientific, European-standard sex education and psychological insights regarding the consumption of adult materials.</em></p>",https://images.unsplash.com/photo-1499209974431-9dddcece7f88?auto=format&fit=crop&w=800&q=80,2026-08-06T15:17:21.847Z,"Teen Adult Content, Mental Health, Psychology, Education, Relationships"
"Searching for Mature Adult Tube? Why It Ruins Your Focus and Productivity",searching-for-mature-adult-tube-190-7020,"Looking for Mature Adult Tube? Before you click, discover why it ruins your focus and productivity in this comprehensive psychological deep-dive based on European educational standards.","<h2>The Reality Behind Your Search</h2><p>One of the most alarming trends identified by psychologists is the rise of PIED (Porn-Induced Erectile Dysfunction). Unlike physical dysfunction, PIED is strictly neurological. The brain becomes so accustomed to extreme, high-speed visual stimulation that it can no longer respond to a real human partner. The good news is that abstaining from this content can reverse the damage within months.</p><h2>Understanding the Neurological Impact</h2><p>Beyond the neurological impacts, the ethical implications of the adult industry are profound. Many viewers are unaware of the exploitative practices occurring behind the scenes. Educating yourself on the realities of production can often break the illusion and help individuals detach from compulsive viewing habits.</p><h2>The Path to Real Intimacy</h2><p>In recent years, neuroscientists have discovered that excessive consumption of adult content drastically alters the brain's reward system. The constant flood of dopamine downregulates receptors, meaning everyday pleasures no longer feel satisfying. This is often the root cause of lethargy, anxiety, and a lack of motivation in young adults.</p><p><em>Educational Note: This article is designed to provide scientific, European-standard sex education and psychological insights regarding the consumption of adult materials.</em></p>",https://images.unsplash.com/photo-1505506874110-6a7a6c9924cb?auto=format&fit=crop&w=800&q=80,2026-06-28T13:51:48.997Z,"Mature Adult Tube, Mental Health, Psychology, Education, Relationships"
"Searching for Adult Movies Free? Why It Causes Erectile Dysfunction in Young Men",searching-for-adult-movies-free-191-7020,"Looking for Adult Movies Free? Before you click, discover why it causes erectile dysfunction in young men in this comprehensive psychological deep-dive based on European educational standards.","<h2>The Reality Behind Your Search</h2><p>European sex educators emphasize the importance of distinguishing between fantasy and reality. The adult industry portrays highly choreographed, unrealistic scenarios that create false expectations for real-world intimacy. When individuals attempt to translate these fantasies into their personal lives, it often leads to disappointment and relationship friction.</p><h2>Understanding the Neurological Impact</h2><p>Mental health professionals often draw parallels between streaming adult videos and substance abuse. The ease of access on smartphones means the 'drug' is always available. Over time, users need more extreme or novel content to achieve the same baseline level of satisfaction, a classic hallmark of escalating addiction.</p><h2>The Path to Real Intimacy</h2><p>Beyond the neurological impacts, the ethical implications of the adult industry are profound. Many viewers are unaware of the exploitative practices occurring behind the scenes. Educating yourself on the realities of production can often break the illusion and help individuals detach from compulsive viewing habits.</p><p><em>Educational Note: This article is designed to provide scientific, European-standard sex education and psychological insights regarding the consumption of adult materials.</em></p>",https://images.unsplash.com/photo-1520607162513-77705c0f0d4a?auto=format&fit=crop&w=800&q=80,2026-07-20T15:20:40.182Z,"Adult Movies Free, Mental Health, Psychology, Education, Relationships"
"Searching for Free Adult Videos? How It Distorts Your View of Real Intimacy",searching-for-free-adult-videos-192-7020,"Looking for Free Adult Videos? Before you click, discover how it distorts your view of real intimacy in this comprehensive psychological deep-dive based on European educational standards.","<h2>The Reality Behind Your Search</h2><p>European sex educators emphasize the importance of distinguishing between fantasy and reality. The adult industry portrays highly choreographed, unrealistic scenarios that create false expectations for real-world intimacy. When individuals attempt to translate these fantasies into their personal lives, it often leads to disappointment and relationship friction.</p><h2>Understanding the Neurological Impact</h2><p>One of the most alarming trends identified by psychologists is the rise of PIED (Porn-Induced Erectile Dysfunction). Unlike physical dysfunction, PIED is strictly neurological. The brain becomes so accustomed to extreme, high-speed visual stimulation that it can no longer respond to a real human partner. The good news is that abstaining from this content can reverse the damage within months.</p><h2>The Path to Real Intimacy</h2><p>Mental health professionals often draw parallels between streaming adult videos and substance abuse. The ease of access on smartphones means the 'drug' is always available. Over time, users need more extreme or novel content to achieve the same baseline level of satisfaction, a classic hallmark of escalating addiction.</p><p><em>Educational Note: This article is designed to provide scientific, European-standard sex education and psychological insights regarding the consumption of adult materials.</em></p>",https://images.unsplash.com/photo-1559650656-5d1d361ad10e?auto=format&fit=crop&w=800&q=80,2026-07-11T23:18:49.271Z,"Free Adult Videos, Mental Health, Psychology, Education, Relationships"
"Searching for Porn Videos? How Your Brain Rewires Itself After 30 Days",searching-for-porn-videos-193-7020,"Looking for Porn Videos? Before you click, discover how your brain rewires itself after 30 days in this comprehensive psychological deep-dive based on European educational standards.","<h2>The Reality Behind Your Search</h2><p>One of the most alarming trends identified by psychologists is the rise of PIED (Porn-Induced Erectile Dysfunction). Unlike physical dysfunction, PIED is strictly neurological. The brain becomes so accustomed to extreme, high-speed visual stimulation that it can no longer respond to a real human partner. The good news is that abstaining from this content can reverse the damage within months.</p><h2>Understanding the Neurological Impact</h2><p>One of the most alarming trends identified by psychologists is the rise of PIED (Porn-Induced Erectile Dysfunction). Unlike physical dysfunction, PIED is strictly neurological. The brain becomes so accustomed to extreme, high-speed visual stimulation that it can no longer respond to a real human partner. The good news is that abstaining from this content can reverse the damage within months.</p><h2>The Path to Real Intimacy</h2><p>One of the most alarming trends identified by psychologists is the rise of PIED (Porn-Induced Erectile Dysfunction). Unlike physical dysfunction, PIED is strictly neurological. The brain becomes so accustomed to extreme, high-speed visual stimulation that it can no longer respond to a real human partner. The good news is that abstaining from this content can reverse the damage within months.</p><p><em>Educational Note: This article is designed to provide scientific, European-standard sex education and psychological insights regarding the consumption of adult materials.</em></p>",https://images.unsplash.com/photo-1550831107-1553da8c8464?auto=format&fit=crop&w=800&q=80,2026-07-28T08:27:09.702Z,"Porn Videos, Mental Health, Psychology, Education, Relationships"
"Searching for XXX Movies? How Your Brain Rewires Itself After 30 Days",searching-for-xxx-movies-194-7020,"Looking for XXX Movies? Before you click, discover how your brain rewires itself after 30 days in this comprehensive psychological deep-dive based on European educational standards.","<h2>The Reality Behind Your Search</h2><p>Real intimacy requires vulnerability, patience, and emotional connection—three things completely absent in synthetic adult content. By rewiring the brain to expect instant, on-demand gratification, individuals lose the capacity to navigate the beautiful complexities of genuine human relationships.</p><h2>Understanding the Neurological Impact</h2><p>Mental health professionals often draw parallels between streaming adult videos and substance abuse. The ease of access on smartphones means the 'drug' is always available. Over time, users need more extreme or novel content to achieve the same baseline level of satisfaction, a classic hallmark of escalating addiction.</p><h2>The Path to Real Intimacy</h2><p>Beyond the neurological impacts, the ethical implications of the adult industry are profound. Many viewers are unaware of the exploitative practices occurring behind the scenes. Educating yourself on the realities of production can often break the illusion and help individuals detach from compulsive viewing habits.</p><p><em>Educational Note: This article is designed to provide scientific, European-standard sex education and psychological insights regarding the consumption of adult materials.</em></p>",https://images.unsplash.com/photo-1493836512294-502baa1986e2?auto=format&fit=crop&w=800&q=80,2026-09-29T08:08:42.561Z,"XXX Movies, Mental Health, Psychology, Education, Relationships"
"Searching for Sex Tube? How it Destroys Your Dopamine Receptors",searching-for-sex-tube-195-7020,"Looking for Sex Tube? Before you click, discover how it destroys your dopamine receptors in this comprehensive psychological deep-dive based on European educational standards.","<h2>The Reality Behind Your Search</h2><p>Real intimacy requires vulnerability, patience, and emotional connection—three things completely absent in synthetic adult content. By rewiring the brain to expect instant, on-demand gratification, individuals lose the capacity to navigate the beautiful complexities of genuine human relationships.</p><h2>Understanding the Neurological Impact</h2><p>Recovery starts with awareness. If you find yourself mindlessly scrolling through tube sites late at night, your brain is likely seeking an escape from stress or loneliness. Replacing this habit with healthy coping mechanisms, such as exercise, meditation, or genuine social interaction, is the first step toward reclaiming your mental clarity.</p><h2>The Path to Real Intimacy</h2><p>Real intimacy requires vulnerability, patience, and emotional connection—three things completely absent in synthetic adult content. By rewiring the brain to expect instant, on-demand gratification, individuals lose the capacity to navigate the beautiful complexities of genuine human relationships.</p><p><em>Educational Note: This article is designed to provide scientific, European-standard sex education and psychological insights regarding the consumption of adult materials.</em></p>",https://images.unsplash.com/photo-1499209974431-9dddcece7f88?auto=format&fit=crop&w=800&q=80,2026-09-05T22:42:22.385Z,"Sex Tube, Mental Health, Psychology, Education, Relationships"
"Searching for Hot Adult Content? Why It Causes Erectile Dysfunction in Young Men",searching-for-hot-adult-content-196-7021,"Looking for Hot Adult Content? Before you click, discover why it causes erectile dysfunction in young men in this comprehensive psychological deep-dive based on European educational standards.","<h2>The Reality Behind Your Search</h2><p>In recent years, neuroscientists have discovered that excessive consumption of adult content drastically alters the brain's reward system. The constant flood of dopamine downregulates receptors, meaning everyday pleasures no longer feel satisfying. This is often the root cause of lethargy, anxiety, and a lack of motivation in young adults.</p><h2>Understanding the Neurological Impact</h2><p>Recovery starts with awareness. If you find yourself mindlessly scrolling through tube sites late at night, your brain is likely seeking an escape from stress or loneliness. Replacing this habit with healthy coping mechanisms, such as exercise, meditation, or genuine social interaction, is the first step toward reclaiming your mental clarity.</p><h2>The Path to Real Intimacy</h2><p>Real intimacy requires vulnerability, patience, and emotional connection—three things completely absent in synthetic adult content. By rewiring the brain to expect instant, on-demand gratification, individuals lose the capacity to navigate the beautiful complexities of genuine human relationships.</p><p><em>Educational Note: This article is designed to provide scientific, European-standard sex education and psychological insights regarding the consumption of adult materials.</em></p>",https://images.unsplash.com/photo-1505506874110-6a7a6c9924cb?auto=format&fit=crop&w=800&q=80,2026-09-21T21:47:21.079Z,"Hot Adult Content, Mental Health, Psychology, Education, Relationships"
"Searching for Free Sex Videos? How it Destroys Your Dopamine Receptors",searching-for-free-sex-videos-197-7021,"Looking for Free Sex Videos? Before you click, discover how it destroys your dopamine receptors in this comprehensive psychological deep-dive based on European educational standards.","<h2>The Reality Behind Your Search</h2><p>European sex educators emphasize the importance of distinguishing between fantasy and reality. The adult industry portrays highly choreographed, unrealistic scenarios that create false expectations for real-world intimacy. When individuals attempt to translate these fantasies into their personal lives, it often leads to disappointment and relationship friction.</p><h2>Understanding the Neurological Impact</h2><p>Mental health professionals often draw parallels between streaming adult videos and substance abuse. The ease of access on smartphones means the 'drug' is always available. Over time, users need more extreme or novel content to achieve the same baseline level of satisfaction, a classic hallmark of escalating addiction.</p><h2>The Path to Real Intimacy</h2><p>Mental health professionals often draw parallels between streaming adult videos and substance abuse. The ease of access on smartphones means the 'drug' is always available. Over time, users need more extreme or novel content to achieve the same baseline level of satisfaction, a classic hallmark of escalating addiction.</p><p><em>Educational Note: This article is designed to provide scientific, European-standard sex education and psychological insights regarding the consumption of adult materials.</em></p>",https://images.unsplash.com/photo-1520607162513-77705c0f0d4a?auto=format&fit=crop&w=800&q=80,2026-07-07T13:40:21.728Z,"Free Sex Videos, Mental Health, Psychology, Education, Relationships"
"Searching for Adult Streaming? How Your Brain Rewires Itself After 30 Days",searching-for-adult-streaming-198-7021,"Looking for Adult Streaming? Before you click, discover how your brain rewires itself after 30 days in this comprehensive psychological deep-dive based on European educational standards.","<h2>The Reality Behind Your Search</h2><p>European sex educators emphasize the importance of distinguishing between fantasy and reality. The adult industry portrays highly choreographed, unrealistic scenarios that create false expectations for real-world intimacy. When individuals attempt to translate these fantasies into their personal lives, it often leads to disappointment and relationship friction.</p><h2>Understanding the Neurological Impact</h2><p>European sex educators emphasize the importance of distinguishing between fantasy and reality. The adult industry portrays highly choreographed, unrealistic scenarios that create false expectations for real-world intimacy. When individuals attempt to translate these fantasies into their personal lives, it often leads to disappointment and relationship friction.</p><h2>The Path to Real Intimacy</h2><p>Mental health professionals often draw parallels between streaming adult videos and substance abuse. The ease of access on smartphones means the 'drug' is always available. Over time, users need more extreme or novel content to achieve the same baseline level of satisfaction, a classic hallmark of escalating addiction.</p><p><em>Educational Note: This article is designed to provide scientific, European-standard sex education and psychological insights regarding the consumption of adult materials.</em></p>",https://images.unsplash.com/photo-1559650656-5d1d361ad10e?auto=format&fit=crop&w=800&q=80,2026-06-25T07:48:09.720Z,"Adult Streaming, Mental Health, Psychology, Education, Relationships"
"Searching for Pornography Free? The Science of Addiction and Recovery",searching-for-pornography-free-199-7021,"Looking for Pornography Free? Before you click, discover the science of addiction and recovery in this comprehensive psychological deep-dive based on European educational standards.","<h2>The Reality Behind Your Search</h2><p>One of the most alarming trends identified by psychologists is the rise of PIED (Porn-Induced Erectile Dysfunction). Unlike physical dysfunction, PIED is strictly neurological. The brain becomes so accustomed to extreme, high-speed visual stimulation that it can no longer respond to a real human partner. The good news is that abstaining from this content can reverse the damage within months.</p><h2>Understanding the Neurological Impact</h2><p>Recovery starts with awareness. If you find yourself mindlessly scrolling through tube sites late at night, your brain is likely seeking an escape from stress or loneliness. Replacing this habit with healthy coping mechanisms, such as exercise, meditation, or genuine social interaction, is the first step toward reclaiming your mental clarity.</p><h2>The Path to Real Intimacy</h2><p>Beyond the neurological impacts, the ethical implications of the adult industry are profound. Many viewers are unaware of the exploitative practices occurring behind the scenes. Educating yourself on the realities of production can often break the illusion and help individuals detach from compulsive viewing habits.</p><p><em>Educational Note: This article is designed to provide scientific, European-standard sex education and psychological insights regarding the consumption of adult materials.</em></p>",https://images.unsplash.com/photo-1550831107-1553da8c8464?auto=format&fit=crop&w=800&q=80,2026-07-04T11:52:30.841Z,"Pornography Free, Mental Health, Psychology, Education, Relationships"
