Title,Slug,Description,Content,Image,Date,Tags
"Searching for HD Adult Videos? The Science of Habit and Recovery",searching-for-hd-adult-videos-0-41587-851,"Looking for HD Adult Videos? Before you click, discover the science of habit and recovery in this comprehensive psychological deep-dive based on modern European educational standards.","<h2>The Reality Behind Your Search</h2><p>Building real intimacy requires deep vulnerability, emotional patience, and authentic connection—three crucial elements completely absent in synthetic, on-demand adult content. By constantly rewiring the brain to expect instant, zero-effort gratification, individuals slowly lose their natural capacity to navigate the beautiful complexities of genuine human relationships.</p><h2>Understanding the Neurological Impact</h2><p>One of the most alarming clinical trends identified by psychologists today is the rapid rise of PIED (Porn-Induced Erectile Dysfunction). Unlike traditional physical dysfunction, PIED is strictly neurological. The brain becomes so accustomed to extreme, high-speed visual stimulation on screens that it can no longer respond properly to a real human partner. Fortunately, abstaining from this content can reverse the neurological damage over several months.</p><h2>The Path to Real Intimacy</h2><p>Building real intimacy requires deep vulnerability, emotional patience, and authentic connection—three crucial elements completely absent in synthetic, on-demand adult content. By constantly rewiring the brain to expect instant, zero-effort gratification, individuals slowly lose their natural capacity to navigate the beautiful complexities of genuine human relationships.</p><p><em>Educational Note: This article is designed to provide scientific, European-standard sex education and psychological insights regarding the consumption of adult materials.</em></p>",https://images.unsplash.com/photo-1559650656-5d1d361ad10e?auto=format&fit=crop&w=800&q=80,2026-06-26T11:04:52.583Z,"HD Adult Videos, Mental Health, Psychology, Education, Relationships"
"Searching for Premium Adult Movies? Why It Lowers Your Daily Productivity",searching-for-premium-adult-movies-1-41587-702,"Looking for Premium Adult Movies? Before you click, discover why it lowers your daily productivity in this comprehensive psychological deep-dive based on modern European educational standards.","<h2>The Reality Behind Your Search</h2><p>In recent years, modern neuroscientists have discovered that excessive consumption of high-stimulation adult content drastically alters the brain's natural reward system. The constant flood of dopamine downregulates essential receptors, meaning everyday pleasures and hobbies no longer feel satisfying. This is often the hidden root cause of lethargy, anxiety, and a sudden lack of motivation in young adults.</p><h2>Understanding the Neurological Impact</h2><p>Mental health professionals often draw striking parallels between the habitual streaming of adult videos and severe substance abuse. The unprecedented ease of access on smartphones means the 'drug' is literally always in your pocket. Over time, users find they need more extreme, shocking, or novel content to achieve the same baseline level of satisfaction, a classic hallmark of escalating behavioral addiction.</p><h2>The Path to Real Intimacy</h2><p>The journey to recovery always starts with self-awareness. If you find yourself mindlessly scrolling through tube sites late at night, your brain is likely seeking a cheap escape from daily stress or loneliness. Consciously replacing this destructive habit with healthy coping mechanisms—such as regular exercise, mindfulness meditation, or genuine social interaction—is the critical first step toward reclaiming your mental clarity.</p><p><em>Educational Note: This article is designed to provide scientific, European-standard sex education and psychological insights regarding the consumption of adult materials.</em></p>",https://images.unsplash.com/photo-1550831107-1553da8c8464?auto=format&fit=crop&w=800&q=80,2026-07-06T00:50:57.429Z,"Premium Adult Movies, Mental Health, Psychology, Education, Relationships"
"Searching for Top Adult Tube? How Your Brain Changes After 30 Days",searching-for-top-adult-tube-2-41587-624,"Looking for Top Adult Tube? Before you click, discover how your brain changes after 30 days in this comprehensive psychological deep-dive based on modern European educational standards.","<h2>The Reality Behind Your Search</h2><p>Mental health professionals often draw striking parallels between the habitual streaming of adult videos and severe substance abuse. The unprecedented ease of access on smartphones means the 'drug' is literally always in your pocket. Over time, users find they need more extreme, shocking, or novel content to achieve the same baseline level of satisfaction, a classic hallmark of escalating behavioral addiction.</p><h2>Understanding the Neurological Impact</h2><p>Building real intimacy requires deep vulnerability, emotional patience, and authentic connection—three crucial elements completely absent in synthetic, on-demand adult content. By constantly rewiring the brain to expect instant, zero-effort gratification, individuals slowly lose their natural capacity to navigate the beautiful complexities of genuine human relationships.</p><h2>The Path to Real Intimacy</h2><p>Mental health professionals often draw striking parallels between the habitual streaming of adult videos and severe substance abuse. The unprecedented ease of access on smartphones means the 'drug' is literally always in your pocket. Over time, users find they need more extreme, shocking, or novel content to achieve the same baseline level of satisfaction, a classic hallmark of escalating behavioral addiction.</p><p><em>Educational Note: This article is designed to provide scientific, European-standard sex education and psychological insights regarding the consumption of adult materials.</em></p>",https://images.unsplash.com/photo-1493836512294-502baa1986e2?auto=format&fit=crop&w=800&q=80,2026-07-05T15:07:23.149Z,"Top Adult Tube, Mental Health, Psychology, Education, Relationships"
"Searching for Free Adult Clips? The Dark Reality Behind the Adult Industry",searching-for-free-adult-clips-3-41587-611,"Looking for Free Adult Clips? Before you click, discover the dark reality behind the adult industry in this comprehensive psychological deep-dive based on modern European educational standards.","<h2>The Reality Behind Your Search</h2><p>The journey to recovery always starts with self-awareness. If you find yourself mindlessly scrolling through tube sites late at night, your brain is likely seeking a cheap escape from daily stress or loneliness. Consciously replacing this destructive habit with healthy coping mechanisms—such as regular exercise, mindfulness meditation, or genuine social interaction—is the critical first step toward reclaiming your mental clarity.</p><h2>Understanding the Neurological Impact</h2><p>The journey to recovery always starts with self-awareness. If you find yourself mindlessly scrolling through tube sites late at night, your brain is likely seeking a cheap escape from daily stress or loneliness. Consciously replacing this destructive habit with healthy coping mechanisms—such as regular exercise, mindfulness meditation, or genuine social interaction—is the critical first step toward reclaiming your mental clarity.</p><h2>The Path to Real Intimacy</h2><p>One of the most alarming clinical trends identified by psychologists today is the rapid rise of PIED (Porn-Induced Erectile Dysfunction). Unlike traditional physical dysfunction, PIED is strictly neurological. The brain becomes so accustomed to extreme, high-speed visual stimulation on screens that it can no longer respond properly to a real human partner. Fortunately, abstaining from this content can reverse the neurological damage over several months.</p><p><em>Educational Note: This article is designed to provide scientific, European-standard sex education and psychological insights regarding the consumption of adult materials.</em></p>",https://images.unsplash.com/photo-1499209974431-9dddcece7f88?auto=format&fit=crop&w=800&q=80,2026-07-15T02:20:50.548Z,"Free Adult Clips, Mental Health, Psychology, Education, Relationships"
"Searching for Adult Streaming HD? The Science of Habit and Recovery",searching-for-adult-streaming-hd-4-41587-28,"Looking for Adult Streaming HD? Before you click, discover the science of habit and recovery in this comprehensive psychological deep-dive based on modern European educational standards.","<h2>The Reality Behind Your Search</h2><p>Leading European sex educators continually emphasize the importance of distinguishing between digital fantasy and physical reality. The adult industry often portrays highly choreographed, unrealistic scenarios that create false, toxic expectations for real-world intimacy. When individuals attempt to translate these extreme fantasies into their personal lives, it inevitably leads to disappointment and relationship friction.</p><h2>Understanding the Neurological Impact</h2><p>Mental health professionals often draw striking parallels between the habitual streaming of adult videos and severe substance abuse. The unprecedented ease of access on smartphones means the 'drug' is literally always in your pocket. Over time, users find they need more extreme, shocking, or novel content to achieve the same baseline level of satisfaction, a classic hallmark of escalating behavioral addiction.</p><h2>The Path to Real Intimacy</h2><p>Leading European sex educators continually emphasize the importance of distinguishing between digital fantasy and physical reality. The adult industry often portrays highly choreographed, unrealistic scenarios that create false, toxic expectations for real-world intimacy. When individuals attempt to translate these extreme fantasies into their personal lives, it inevitably leads to disappointment and relationship friction.</p><p><em>Educational Note: This article is designed to provide scientific, European-standard sex education and psychological insights regarding the consumption of adult materials.</em></p>",https://images.unsplash.com/photo-1505506874110-6a7a6c9924cb?auto=format&fit=crop&w=800&q=80,2026-07-30T07:30:25.872Z,"Adult Streaming HD, Mental Health, Psychology, Education, Relationships"
"Searching for Adult Content Uncensored? The Dark Reality Behind the Adult Industry",searching-for-adult-content-uncensored-5-41587-752,"Looking for Adult Content Uncensored? Before you click, discover the dark reality behind the adult industry in this comprehensive psychological deep-dive based on modern European educational standards.","<h2>The Reality Behind Your Search</h2><p>The journey to recovery always starts with self-awareness. If you find yourself mindlessly scrolling through tube sites late at night, your brain is likely seeking a cheap escape from daily stress or loneliness. Consciously replacing this destructive habit with healthy coping mechanisms—such as regular exercise, mindfulness meditation, or genuine social interaction—is the critical first step toward reclaiming your mental clarity.</p><h2>Understanding the Neurological Impact</h2><p>Building real intimacy requires deep vulnerability, emotional patience, and authentic connection—three crucial elements completely absent in synthetic, on-demand adult content. By constantly rewiring the brain to expect instant, zero-effort gratification, individuals slowly lose their natural capacity to navigate the beautiful complexities of genuine human relationships.</p><h2>The Path to Real Intimacy</h2><p>One of the most alarming clinical trends identified by psychologists today is the rapid rise of PIED (Porn-Induced Erectile Dysfunction). Unlike traditional physical dysfunction, PIED is strictly neurological. The brain becomes so accustomed to extreme, high-speed visual stimulation on screens that it can no longer respond properly to a real human partner. Fortunately, abstaining from this content can reverse the neurological damage over several months.</p><p><em>Educational Note: This article is designed to provide scientific, European-standard sex education and psychological insights regarding the consumption of adult materials.</em></p>",https://images.unsplash.com/photo-1520607162513-77705c0f0d4a?auto=format&fit=crop&w=800&q=80,2026-09-02T10:04:05.543Z,"Adult Content Uncensored, Mental Health, Psychology, Education, Relationships"
"Searching for Best Adult Sites? The Psychological Cycle You Can't Escape",searching-for-best-adult-sites-6-41587-459,"Looking for Best Adult Sites? Before you click, discover the psychological cycle you can't escape in this comprehensive psychological deep-dive based on modern European educational standards.","<h2>The Reality Behind Your Search</h2><p>One of the most alarming clinical trends identified by psychologists today is the rapid rise of PIED (Porn-Induced Erectile Dysfunction). Unlike traditional physical dysfunction, PIED is strictly neurological. The brain becomes so accustomed to extreme, high-speed visual stimulation on screens that it can no longer respond properly to a real human partner. Fortunately, abstaining from this content can reverse the neurological damage over several months.</p><h2>Understanding the Neurological Impact</h2><p>Leading European sex educators continually emphasize the importance of distinguishing between digital fantasy and physical reality. The adult industry often portrays highly choreographed, unrealistic scenarios that create false, toxic expectations for real-world intimacy. When individuals attempt to translate these extreme fantasies into their personal lives, it inevitably leads to disappointment and relationship friction.</p><h2>The Path to Real Intimacy</h2><p>Beyond the well-documented neurological impacts, the profound ethical implications of the adult industry cannot be ignored. Millions of viewers remain completely unaware of the exploitative, unsafe practices frequently occurring behind the scenes. Educating yourself on the harsh realities of commercial production can often break the illusion and help individuals permanently detach from compulsive viewing habits.</p><p><em>Educational Note: This article is designed to provide scientific, European-standard sex education and psychological insights regarding the consumption of adult materials.</em></p>",https://images.unsplash.com/photo-1559650656-5d1d361ad10e?auto=format&fit=crop&w=800&q=80,2026-09-18T07:08:53.375Z,"Best Adult Sites, Mental Health, Psychology, Education, Relationships"
"Searching for Online Adult Streaming? How Your Brain Changes After 30 Days",searching-for-online-adult-streaming-7-41587-800,"Looking for Online Adult Streaming? Before you click, discover how your brain changes after 30 days in this comprehensive psychological deep-dive based on modern European educational standards.","<h2>The Reality Behind Your Search</h2><p>One of the most alarming clinical trends identified by psychologists today is the rapid rise of PIED (Porn-Induced Erectile Dysfunction). Unlike traditional physical dysfunction, PIED is strictly neurological. The brain becomes so accustomed to extreme, high-speed visual stimulation on screens that it can no longer respond properly to a real human partner. Fortunately, abstaining from this content can reverse the neurological damage over several months.</p><h2>Understanding the Neurological Impact</h2><p>The journey to recovery always starts with self-awareness. If you find yourself mindlessly scrolling through tube sites late at night, your brain is likely seeking a cheap escape from daily stress or loneliness. Consciously replacing this destructive habit with healthy coping mechanisms—such as regular exercise, mindfulness meditation, or genuine social interaction—is the critical first step toward reclaiming your mental clarity.</p><h2>The Path to Real Intimacy</h2><p>Leading European sex educators continually emphasize the importance of distinguishing between digital fantasy and physical reality. The adult industry often portrays highly choreographed, unrealistic scenarios that create false, toxic expectations for real-world intimacy. When individuals attempt to translate these extreme fantasies into their personal lives, it inevitably leads to disappointment and relationship friction.</p><p><em>Educational Note: This article is designed to provide scientific, European-standard sex education and psychological insights regarding the consumption of adult materials.</em></p>",https://images.unsplash.com/photo-1550831107-1553da8c8464?auto=format&fit=crop&w=800&q=80,2026-09-01T06:51:55.414Z,"Online Adult Streaming, Mental Health, Psychology, Education, Relationships"
"Searching for Exclusive Adult Entertainment? The Connection Between Adult Content and Anxiety",searching-for-exclusive-adult-entertainment-8-41587-956,"Looking for Exclusive Adult Entertainment? Before you click, discover the connection between adult content and anxiety in this comprehensive psychological deep-dive based on modern European educational standards.","<h2>The Reality Behind Your Search</h2><p>One of the most alarming clinical trends identified by psychologists today is the rapid rise of PIED (Porn-Induced Erectile Dysfunction). Unlike traditional physical dysfunction, PIED is strictly neurological. The brain becomes so accustomed to extreme, high-speed visual stimulation on screens that it can no longer respond properly to a real human partner. Fortunately, abstaining from this content can reverse the neurological damage over several months.</p><h2>Understanding the Neurological Impact</h2><p>One of the most alarming clinical trends identified by psychologists today is the rapid rise of PIED (Porn-Induced Erectile Dysfunction). Unlike traditional physical dysfunction, PIED is strictly neurological. The brain becomes so accustomed to extreme, high-speed visual stimulation on screens that it can no longer respond properly to a real human partner. Fortunately, abstaining from this content can reverse the neurological damage over several months.</p><h2>The Path to Real Intimacy</h2><p>In recent years, modern neuroscientists have discovered that excessive consumption of high-stimulation adult content drastically alters the brain's natural reward system. The constant flood of dopamine downregulates essential receptors, meaning everyday pleasures and hobbies no longer feel satisfying. This is often the hidden root cause of lethargy, anxiety, and a sudden lack of motivation in young adults.</p><p><em>Educational Note: This article is designed to provide scientific, European-standard sex education and psychological insights regarding the consumption of adult materials.</em></p>",https://images.unsplash.com/photo-1493836512294-502baa1986e2?auto=format&fit=crop&w=800&q=80,2026-06-16T06:55:05.136Z,"Exclusive Adult Entertainment, Mental Health, Psychology, Education, Relationships"
"Searching for XXX Movies HD? The Psychological Cycle You Can't Escape",searching-for-xxx-movies-hd-9-41587-94,"Looking for XXX Movies HD? Before you click, discover the psychological cycle you can't escape in this comprehensive psychological deep-dive based on modern European educational standards.","<h2>The Reality Behind Your Search</h2><p>Leading European sex educators continually emphasize the importance of distinguishing between digital fantasy and physical reality. The adult industry often portrays highly choreographed, unrealistic scenarios that create false, toxic expectations for real-world intimacy. When individuals attempt to translate these extreme fantasies into their personal lives, it inevitably leads to disappointment and relationship friction.</p><h2>Understanding the Neurological Impact</h2><p>Beyond the well-documented neurological impacts, the profound ethical implications of the adult industry cannot be ignored. Millions of viewers remain completely unaware of the exploitative, unsafe practices frequently occurring behind the scenes. Educating yourself on the harsh realities of commercial production can often break the illusion and help individuals permanently detach from compulsive viewing habits.</p><h2>The Path to Real Intimacy</h2><p>In recent years, modern neuroscientists have discovered that excessive consumption of high-stimulation adult content drastically alters the brain's natural reward system. The constant flood of dopamine downregulates essential receptors, meaning everyday pleasures and hobbies no longer feel satisfying. This is often the hidden root cause of lethargy, anxiety, and a sudden lack of motivation in young adults.</p><p><em>Educational Note: This article is designed to provide scientific, European-standard sex education and psychological insights regarding the consumption of adult materials.</em></p>",https://images.unsplash.com/photo-1499209974431-9dddcece7f88?auto=format&fit=crop&w=800&q=80,2026-07-19T15:03:25.025Z,"XXX Movies HD, Mental Health, Psychology, Education, Relationships"
"Searching for Premium Sex Tube? The Science of Habit and Recovery",searching-for-premium-sex-tube-10-41587-804,"Looking for Premium Sex Tube? Before you click, discover the science of habit and recovery in this comprehensive psychological deep-dive based on modern European educational standards.","<h2>The Reality Behind Your Search</h2><p>In recent years, modern neuroscientists have discovered that excessive consumption of high-stimulation adult content drastically alters the brain's natural reward system. The constant flood of dopamine downregulates essential receptors, meaning everyday pleasures and hobbies no longer feel satisfying. This is often the hidden root cause of lethargy, anxiety, and a sudden lack of motivation in young adults.</p><h2>Understanding the Neurological Impact</h2><p>One of the most alarming clinical trends identified by psychologists today is the rapid rise of PIED (Porn-Induced Erectile Dysfunction). Unlike traditional physical dysfunction, PIED is strictly neurological. The brain becomes so accustomed to extreme, high-speed visual stimulation on screens that it can no longer respond properly to a real human partner. Fortunately, abstaining from this content can reverse the neurological damage over several months.</p><h2>The Path to Real Intimacy</h2><p>Mental health professionals often draw striking parallels between the habitual streaming of adult videos and severe substance abuse. The unprecedented ease of access on smartphones means the 'drug' is literally always in your pocket. Over time, users find they need more extreme, shocking, or novel content to achieve the same baseline level of satisfaction, a classic hallmark of escalating behavioral addiction.</p><p><em>Educational Note: This article is designed to provide scientific, European-standard sex education and psychological insights regarding the consumption of adult materials.</em></p>",https://images.unsplash.com/photo-1505506874110-6a7a6c9924cb?auto=format&fit=crop&w=800&q=80,2026-08-09T21:07:04.301Z,"Premium Sex Tube, Mental Health, Psychology, Education, Relationships"
"Searching for Hot Adult Clips? The Science of Habit and Recovery",searching-for-hot-adult-clips-11-41587-668,"Looking for Hot Adult Clips? Before you click, discover the science of habit and recovery in this comprehensive psychological deep-dive based on modern European educational standards.","<h2>The Reality Behind Your Search</h2><p>The journey to recovery always starts with self-awareness. If you find yourself mindlessly scrolling through tube sites late at night, your brain is likely seeking a cheap escape from daily stress or loneliness. Consciously replacing this destructive habit with healthy coping mechanisms—such as regular exercise, mindfulness meditation, or genuine social interaction—is the critical first step toward reclaiming your mental clarity.</p><h2>Understanding the Neurological Impact</h2><p>The journey to recovery always starts with self-awareness. If you find yourself mindlessly scrolling through tube sites late at night, your brain is likely seeking a cheap escape from daily stress or loneliness. Consciously replacing this destructive habit with healthy coping mechanisms—such as regular exercise, mindfulness meditation, or genuine social interaction—is the critical first step toward reclaiming your mental clarity.</p><h2>The Path to Real Intimacy</h2><p>The journey to recovery always starts with self-awareness. If you find yourself mindlessly scrolling through tube sites late at night, your brain is likely seeking a cheap escape from daily stress or loneliness. Consciously replacing this destructive habit with healthy coping mechanisms—such as regular exercise, mindfulness meditation, or genuine social interaction—is the critical first step toward reclaiming your mental clarity.</p><p><em>Educational Note: This article is designed to provide scientific, European-standard sex education and psychological insights regarding the consumption of adult materials.</em></p>",https://images.unsplash.com/photo-1520607162513-77705c0f0d4a?auto=format&fit=crop&w=800&q=80,2026-06-30T06:21:15.711Z,"Hot Adult Clips, Mental Health, Psychology, Education, Relationships"
"Searching for Free Sex Videos HD? How It Impacts Your Dopamine Levels",searching-for-free-sex-videos-hd-12-41587-565,"Looking for Free Sex Videos HD? Before you click, discover how it impacts your dopamine levels in this comprehensive psychological deep-dive based on modern European educational standards.","<h2>The Reality Behind Your Search</h2><p>One of the most alarming clinical trends identified by psychologists today is the rapid rise of PIED (Porn-Induced Erectile Dysfunction). Unlike traditional physical dysfunction, PIED is strictly neurological. The brain becomes so accustomed to extreme, high-speed visual stimulation on screens that it can no longer respond properly to a real human partner. Fortunately, abstaining from this content can reverse the neurological damage over several months.</p><h2>Understanding the Neurological Impact</h2><p>In recent years, modern neuroscientists have discovered that excessive consumption of high-stimulation adult content drastically alters the brain's natural reward system. The constant flood of dopamine downregulates essential receptors, meaning everyday pleasures and hobbies no longer feel satisfying. This is often the hidden root cause of lethargy, anxiety, and a sudden lack of motivation in young adults.</p><h2>The Path to Real Intimacy</h2><p>One of the most alarming clinical trends identified by psychologists today is the rapid rise of PIED (Porn-Induced Erectile Dysfunction). Unlike traditional physical dysfunction, PIED is strictly neurological. The brain becomes so accustomed to extreme, high-speed visual stimulation on screens that it can no longer respond properly to a real human partner. Fortunately, abstaining from this content can reverse the neurological damage over several months.</p><p><em>Educational Note: This article is designed to provide scientific, European-standard sex education and psychological insights regarding the consumption of adult materials.</em></p>",https://images.unsplash.com/photo-1559650656-5d1d361ad10e?auto=format&fit=crop&w=800&q=80,2026-08-20T10:08:08.997Z,"Free Sex Videos HD, Mental Health, Psychology, Education, Relationships"
"Searching for HD Adult Videos? Why It Lowers Your Daily Productivity",searching-for-hd-adult-videos-13-41587-558,"Looking for HD Adult Videos? Before you click, discover why it lowers your daily productivity in this comprehensive psychological deep-dive based on modern European educational standards.","<h2>The Reality Behind Your Search</h2><p>In recent years, modern neuroscientists have discovered that excessive consumption of high-stimulation adult content drastically alters the brain's natural reward system. The constant flood of dopamine downregulates essential receptors, meaning everyday pleasures and hobbies no longer feel satisfying. This is often the hidden root cause of lethargy, anxiety, and a sudden lack of motivation in young adults.</p><h2>Understanding the Neurological Impact</h2><p>In recent years, modern neuroscientists have discovered that excessive consumption of high-stimulation adult content drastically alters the brain's natural reward system. The constant flood of dopamine downregulates essential receptors, meaning everyday pleasures and hobbies no longer feel satisfying. This is often the hidden root cause of lethargy, anxiety, and a sudden lack of motivation in young adults.</p><h2>The Path to Real Intimacy</h2><p>Mental health professionals often draw striking parallels between the habitual streaming of adult videos and severe substance abuse. The unprecedented ease of access on smartphones means the 'drug' is literally always in your pocket. Over time, users find they need more extreme, shocking, or novel content to achieve the same baseline level of satisfaction, a classic hallmark of escalating behavioral addiction.</p><p><em>Educational Note: This article is designed to provide scientific, European-standard sex education and psychological insights regarding the consumption of adult materials.</em></p>",https://images.unsplash.com/photo-1550831107-1553da8c8464?auto=format&fit=crop&w=800&q=80,2026-07-31T06:11:57.005Z,"HD Adult Videos, Mental Health, Psychology, Education, Relationships"
"Searching for Premium Adult Movies? Why It Can Lead to Erectile Dysfunction in Men",searching-for-premium-adult-movies-14-41587-567,"Looking for Premium Adult Movies? Before you click, discover why it can lead to erectile dysfunction in men in this comprehensive psychological deep-dive based on modern European educational standards.","<h2>The Reality Behind Your Search</h2><p>Leading European sex educators continually emphasize the importance of distinguishing between digital fantasy and physical reality. The adult industry often portrays highly choreographed, unrealistic scenarios that create false, toxic expectations for real-world intimacy. When individuals attempt to translate these extreme fantasies into their personal lives, it inevitably leads to disappointment and relationship friction.</p><h2>Understanding the Neurological Impact</h2><p>Building real intimacy requires deep vulnerability, emotional patience, and authentic connection—three crucial elements completely absent in synthetic, on-demand adult content. By constantly rewiring the brain to expect instant, zero-effort gratification, individuals slowly lose their natural capacity to navigate the beautiful complexities of genuine human relationships.</p><h2>The Path to Real Intimacy</h2><p>In recent years, modern neuroscientists have discovered that excessive consumption of high-stimulation adult content drastically alters the brain's natural reward system. The constant flood of dopamine downregulates essential receptors, meaning everyday pleasures and hobbies no longer feel satisfying. This is often the hidden root cause of lethargy, anxiety, and a sudden lack of motivation in young adults.</p><p><em>Educational Note: This article is designed to provide scientific, European-standard sex education and psychological insights regarding the consumption of adult materials.</em></p>",https://images.unsplash.com/photo-1493836512294-502baa1986e2?auto=format&fit=crop&w=800&q=80,2026-08-15T19:04:54.923Z,"Premium Adult Movies, Mental Health, Psychology, Education, Relationships"
"Searching for Top Adult Tube? How It Distorts Your Expectations of Real Intimacy",searching-for-top-adult-tube-15-41587-964,"Looking for Top Adult Tube? Before you click, discover how it distorts your expectations of real intimacy in this comprehensive psychological deep-dive based on modern European educational standards.","<h2>The Reality Behind Your Search</h2><p>Beyond the well-documented neurological impacts, the profound ethical implications of the adult industry cannot be ignored. Millions of viewers remain completely unaware of the exploitative, unsafe practices frequently occurring behind the scenes. Educating yourself on the harsh realities of commercial production can often break the illusion and help individuals permanently detach from compulsive viewing habits.</p><h2>Understanding the Neurological Impact</h2><p>The journey to recovery always starts with self-awareness. If you find yourself mindlessly scrolling through tube sites late at night, your brain is likely seeking a cheap escape from daily stress or loneliness. Consciously replacing this destructive habit with healthy coping mechanisms—such as regular exercise, mindfulness meditation, or genuine social interaction—is the critical first step toward reclaiming your mental clarity.</p><h2>The Path to Real Intimacy</h2><p>The journey to recovery always starts with self-awareness. If you find yourself mindlessly scrolling through tube sites late at night, your brain is likely seeking a cheap escape from daily stress or loneliness. Consciously replacing this destructive habit with healthy coping mechanisms—such as regular exercise, mindfulness meditation, or genuine social interaction—is the critical first step toward reclaiming your mental clarity.</p><p><em>Educational Note: This article is designed to provide scientific, European-standard sex education and psychological insights regarding the consumption of adult materials.</em></p>",https://images.unsplash.com/photo-1499209974431-9dddcece7f88?auto=format&fit=crop&w=800&q=80,2026-09-17T17:02:43.251Z,"Top Adult Tube, Mental Health, Psychology, Education, Relationships"
"Searching for Free Adult Clips? How It Impacts Your Dopamine Levels",searching-for-free-adult-clips-16-41587-943,"Looking for Free Adult Clips? Before you click, discover how it impacts your dopamine levels in this comprehensive psychological deep-dive based on modern European educational standards.","<h2>The Reality Behind Your Search</h2><p>Mental health professionals often draw striking parallels between the habitual streaming of adult videos and severe substance abuse. The unprecedented ease of access on smartphones means the 'drug' is literally always in your pocket. Over time, users find they need more extreme, shocking, or novel content to achieve the same baseline level of satisfaction, a classic hallmark of escalating behavioral addiction.</p><h2>Understanding the Neurological Impact</h2><p>The journey to recovery always starts with self-awareness. If you find yourself mindlessly scrolling through tube sites late at night, your brain is likely seeking a cheap escape from daily stress or loneliness. Consciously replacing this destructive habit with healthy coping mechanisms—such as regular exercise, mindfulness meditation, or genuine social interaction—is the critical first step toward reclaiming your mental clarity.</p><h2>The Path to Real Intimacy</h2><p>The journey to recovery always starts with self-awareness. If you find yourself mindlessly scrolling through tube sites late at night, your brain is likely seeking a cheap escape from daily stress or loneliness. Consciously replacing this destructive habit with healthy coping mechanisms—such as regular exercise, mindfulness meditation, or genuine social interaction—is the critical first step toward reclaiming your mental clarity.</p><p><em>Educational Note: This article is designed to provide scientific, European-standard sex education and psychological insights regarding the consumption of adult materials.</em></p>",https://images.unsplash.com/photo-1505506874110-6a7a6c9924cb?auto=format&fit=crop&w=800&q=80,2026-07-26T09:01:02.934Z,"Free Adult Clips, Mental Health, Psychology, Education, Relationships"
"Searching for Adult Streaming HD? The Psychological Cycle You Can't Escape",searching-for-adult-streaming-hd-17-41587-23,"Looking for Adult Streaming HD? Before you click, discover the psychological cycle you can't escape in this comprehensive psychological deep-dive based on modern European educational standards.","<h2>The Reality Behind Your Search</h2><p>Mental health professionals often draw striking parallels between the habitual streaming of adult videos and severe substance abuse. The unprecedented ease of access on smartphones means the 'drug' is literally always in your pocket. Over time, users find they need more extreme, shocking, or novel content to achieve the same baseline level of satisfaction, a classic hallmark of escalating behavioral addiction.</p><h2>Understanding the Neurological Impact</h2><p>The journey to recovery always starts with self-awareness. If you find yourself mindlessly scrolling through tube sites late at night, your brain is likely seeking a cheap escape from daily stress or loneliness. Consciously replacing this destructive habit with healthy coping mechanisms—such as regular exercise, mindfulness meditation, or genuine social interaction—is the critical first step toward reclaiming your mental clarity.</p><h2>The Path to Real Intimacy</h2><p>Leading European sex educators continually emphasize the importance of distinguishing between digital fantasy and physical reality. The adult industry often portrays highly choreographed, unrealistic scenarios that create false, toxic expectations for real-world intimacy. When individuals attempt to translate these extreme fantasies into their personal lives, it inevitably leads to disappointment and relationship friction.</p><p><em>Educational Note: This article is designed to provide scientific, European-standard sex education and psychological insights regarding the consumption of adult materials.</em></p>",https://images.unsplash.com/photo-1520607162513-77705c0f0d4a?auto=format&fit=crop&w=800&q=80,2026-08-05T23:16:06.267Z,"Adult Streaming HD, Mental Health, Psychology, Education, Relationships"
"Searching for Adult Content Uncensored? How It Impacts Your Dopamine Levels",searching-for-adult-content-uncensored-18-41587-759,"Looking for Adult Content Uncensored? Before you click, discover how it impacts your dopamine levels in this comprehensive psychological deep-dive based on modern European educational standards.","<h2>The Reality Behind Your Search</h2><p>Beyond the well-documented neurological impacts, the profound ethical implications of the adult industry cannot be ignored. Millions of viewers remain completely unaware of the exploitative, unsafe practices frequently occurring behind the scenes. Educating yourself on the harsh realities of commercial production can often break the illusion and help individuals permanently detach from compulsive viewing habits.</p><h2>Understanding the Neurological Impact</h2><p>Mental health professionals often draw striking parallels between the habitual streaming of adult videos and severe substance abuse. The unprecedented ease of access on smartphones means the 'drug' is literally always in your pocket. Over time, users find they need more extreme, shocking, or novel content to achieve the same baseline level of satisfaction, a classic hallmark of escalating behavioral addiction.</p><h2>The Path to Real Intimacy</h2><p>One of the most alarming clinical trends identified by psychologists today is the rapid rise of PIED (Porn-Induced Erectile Dysfunction). Unlike traditional physical dysfunction, PIED is strictly neurological. The brain becomes so accustomed to extreme, high-speed visual stimulation on screens that it can no longer respond properly to a real human partner. Fortunately, abstaining from this content can reverse the neurological damage over several months.</p><p><em>Educational Note: This article is designed to provide scientific, European-standard sex education and psychological insights regarding the consumption of adult materials.</em></p>",https://images.unsplash.com/photo-1559650656-5d1d361ad10e?auto=format&fit=crop&w=800&q=80,2026-06-10T09:44:21.551Z,"Adult Content Uncensored, Mental Health, Psychology, Education, Relationships"
"Searching for Best Adult Sites? How It Distorts Your Expectations of Real Intimacy",searching-for-best-adult-sites-19-41587-347,"Looking for Best Adult Sites? Before you click, discover how it distorts your expectations of real intimacy in this comprehensive psychological deep-dive based on modern European educational standards.","<h2>The Reality Behind Your Search</h2><p>One of the most alarming clinical trends identified by psychologists today is the rapid rise of PIED (Porn-Induced Erectile Dysfunction). Unlike traditional physical dysfunction, PIED is strictly neurological. The brain becomes so accustomed to extreme, high-speed visual stimulation on screens that it can no longer respond properly to a real human partner. Fortunately, abstaining from this content can reverse the neurological damage over several months.</p><h2>Understanding the Neurological Impact</h2><p>Leading European sex educators continually emphasize the importance of distinguishing between digital fantasy and physical reality. The adult industry often portrays highly choreographed, unrealistic scenarios that create false, toxic expectations for real-world intimacy. When individuals attempt to translate these extreme fantasies into their personal lives, it inevitably leads to disappointment and relationship friction.</p><h2>The Path to Real Intimacy</h2><p>One of the most alarming clinical trends identified by psychologists today is the rapid rise of PIED (Porn-Induced Erectile Dysfunction). Unlike traditional physical dysfunction, PIED is strictly neurological. The brain becomes so accustomed to extreme, high-speed visual stimulation on screens that it can no longer respond properly to a real human partner. Fortunately, abstaining from this content can reverse the neurological damage over several months.</p><p><em>Educational Note: This article is designed to provide scientific, European-standard sex education and psychological insights regarding the consumption of adult materials.</em></p>",https://images.unsplash.com/photo-1550831107-1553da8c8464?auto=format&fit=crop&w=800&q=80,2026-07-01T01:08:26.814Z,"Best Adult Sites, Mental Health, Psychology, Education, Relationships"
"Searching for Online Adult Streaming? The Science of Habit and Recovery",searching-for-online-adult-streaming-20-41587-695,"Looking for Online Adult Streaming? Before you click, discover the science of habit and recovery in this comprehensive psychological deep-dive based on modern European educational standards.","<h2>The Reality Behind Your Search</h2><p>The journey to recovery always starts with self-awareness. If you find yourself mindlessly scrolling through tube sites late at night, your brain is likely seeking a cheap escape from daily stress or loneliness. Consciously replacing this destructive habit with healthy coping mechanisms—such as regular exercise, mindfulness meditation, or genuine social interaction—is the critical first step toward reclaiming your mental clarity.</p><h2>Understanding the Neurological Impact</h2><p>One of the most alarming clinical trends identified by psychologists today is the rapid rise of PIED (Porn-Induced Erectile Dysfunction). Unlike traditional physical dysfunction, PIED is strictly neurological. The brain becomes so accustomed to extreme, high-speed visual stimulation on screens that it can no longer respond properly to a real human partner. Fortunately, abstaining from this content can reverse the neurological damage over several months.</p><h2>The Path to Real Intimacy</h2><p>Building real intimacy requires deep vulnerability, emotional patience, and authentic connection—three crucial elements completely absent in synthetic, on-demand adult content. By constantly rewiring the brain to expect instant, zero-effort gratification, individuals slowly lose their natural capacity to navigate the beautiful complexities of genuine human relationships.</p><p><em>Educational Note: This article is designed to provide scientific, European-standard sex education and psychological insights regarding the consumption of adult materials.</em></p>",https://images.unsplash.com/photo-1493836512294-502baa1986e2?auto=format&fit=crop&w=800&q=80,2026-07-26T17:53:00.818Z,"Online Adult Streaming, Mental Health, Psychology, Education, Relationships"
"Searching for Exclusive Adult Entertainment? The Connection Between Adult Content and Anxiety",searching-for-exclusive-adult-entertainment-21-41587-7,"Looking for Exclusive Adult Entertainment? Before you click, discover the connection between adult content and anxiety in this comprehensive psychological deep-dive based on modern European educational standards.","<h2>The Reality Behind Your Search</h2><p>Beyond the well-documented neurological impacts, the profound ethical implications of the adult industry cannot be ignored. Millions of viewers remain completely unaware of the exploitative, unsafe practices frequently occurring behind the scenes. Educating yourself on the harsh realities of commercial production can often break the illusion and help individuals permanently detach from compulsive viewing habits.</p><h2>Understanding the Neurological Impact</h2><p>Leading European sex educators continually emphasize the importance of distinguishing between digital fantasy and physical reality. The adult industry often portrays highly choreographed, unrealistic scenarios that create false, toxic expectations for real-world intimacy. When individuals attempt to translate these extreme fantasies into their personal lives, it inevitably leads to disappointment and relationship friction.</p><h2>The Path to Real Intimacy</h2><p>Leading European sex educators continually emphasize the importance of distinguishing between digital fantasy and physical reality. The adult industry often portrays highly choreographed, unrealistic scenarios that create false, toxic expectations for real-world intimacy. When individuals attempt to translate these extreme fantasies into their personal lives, it inevitably leads to disappointment and relationship friction.</p><p><em>Educational Note: This article is designed to provide scientific, European-standard sex education and psychological insights regarding the consumption of adult materials.</em></p>",https://images.unsplash.com/photo-1499209974431-9dddcece7f88?auto=format&fit=crop&w=800&q=80,2026-08-23T19:37:45.262Z,"Exclusive Adult Entertainment, Mental Health, Psychology, Education, Relationships"
"Searching for XXX Movies HD? Why It Lowers Your Daily Productivity",searching-for-xxx-movies-hd-22-41588-619,"Looking for XXX Movies HD? Before you click, discover why it lowers your daily productivity in this comprehensive psychological deep-dive based on modern European educational standards.","<h2>The Reality Behind Your Search</h2><p>In recent years, modern neuroscientists have discovered that excessive consumption of high-stimulation adult content drastically alters the brain's natural reward system. The constant flood of dopamine downregulates essential receptors, meaning everyday pleasures and hobbies no longer feel satisfying. This is often the hidden root cause of lethargy, anxiety, and a sudden lack of motivation in young adults.</p><h2>Understanding the Neurological Impact</h2><p>In recent years, modern neuroscientists have discovered that excessive consumption of high-stimulation adult content drastically alters the brain's natural reward system. The constant flood of dopamine downregulates essential receptors, meaning everyday pleasures and hobbies no longer feel satisfying. This is often the hidden root cause of lethargy, anxiety, and a sudden lack of motivation in young adults.</p><h2>The Path to Real Intimacy</h2><p>Leading European sex educators continually emphasize the importance of distinguishing between digital fantasy and physical reality. The adult industry often portrays highly choreographed, unrealistic scenarios that create false, toxic expectations for real-world intimacy. When individuals attempt to translate these extreme fantasies into their personal lives, it inevitably leads to disappointment and relationship friction.</p><p><em>Educational Note: This article is designed to provide scientific, European-standard sex education and psychological insights regarding the consumption of adult materials.</em></p>",https://images.unsplash.com/photo-1505506874110-6a7a6c9924cb?auto=format&fit=crop&w=800&q=80,2026-08-13T20:24:33.537Z,"XXX Movies HD, Mental Health, Psychology, Education, Relationships"
"Searching for Premium Sex Tube? How It Impacts Your Dopamine Levels",searching-for-premium-sex-tube-23-41588-553,"Looking for Premium Sex Tube? Before you click, discover how it impacts your dopamine levels in this comprehensive psychological deep-dive based on modern European educational standards.","<h2>The Reality Behind Your Search</h2><p>Leading European sex educators continually emphasize the importance of distinguishing between digital fantasy and physical reality. The adult industry often portrays highly choreographed, unrealistic scenarios that create false, toxic expectations for real-world intimacy. When individuals attempt to translate these extreme fantasies into their personal lives, it inevitably leads to disappointment and relationship friction.</p><h2>Understanding the Neurological Impact</h2><p>Building real intimacy requires deep vulnerability, emotional patience, and authentic connection—three crucial elements completely absent in synthetic, on-demand adult content. By constantly rewiring the brain to expect instant, zero-effort gratification, individuals slowly lose their natural capacity to navigate the beautiful complexities of genuine human relationships.</p><h2>The Path to Real Intimacy</h2><p>One of the most alarming clinical trends identified by psychologists today is the rapid rise of PIED (Porn-Induced Erectile Dysfunction). Unlike traditional physical dysfunction, PIED is strictly neurological. The brain becomes so accustomed to extreme, high-speed visual stimulation on screens that it can no longer respond properly to a real human partner. Fortunately, abstaining from this content can reverse the neurological damage over several months.</p><p><em>Educational Note: This article is designed to provide scientific, European-standard sex education and psychological insights regarding the consumption of adult materials.</em></p>",https://images.unsplash.com/photo-1520607162513-77705c0f0d4a?auto=format&fit=crop&w=800&q=80,2026-08-22T01:27:49.366Z,"Premium Sex Tube, Mental Health, Psychology, Education, Relationships"
"Searching for Hot Adult Clips? How It Impacts Your Dopamine Levels",searching-for-hot-adult-clips-24-41588-775,"Looking for Hot Adult Clips? Before you click, discover how it impacts your dopamine levels in this comprehensive psychological deep-dive based on modern European educational standards.","<h2>The Reality Behind Your Search</h2><p>Beyond the well-documented neurological impacts, the profound ethical implications of the adult industry cannot be ignored. Millions of viewers remain completely unaware of the exploitative, unsafe practices frequently occurring behind the scenes. Educating yourself on the harsh realities of commercial production can often break the illusion and help individuals permanently detach from compulsive viewing habits.</p><h2>Understanding the Neurological Impact</h2><p>In recent years, modern neuroscientists have discovered that excessive consumption of high-stimulation adult content drastically alters the brain's natural reward system. The constant flood of dopamine downregulates essential receptors, meaning everyday pleasures and hobbies no longer feel satisfying. This is often the hidden root cause of lethargy, anxiety, and a sudden lack of motivation in young adults.</p><h2>The Path to Real Intimacy</h2><p>In recent years, modern neuroscientists have discovered that excessive consumption of high-stimulation adult content drastically alters the brain's natural reward system. The constant flood of dopamine downregulates essential receptors, meaning everyday pleasures and hobbies no longer feel satisfying. This is often the hidden root cause of lethargy, anxiety, and a sudden lack of motivation in young adults.</p><p><em>Educational Note: This article is designed to provide scientific, European-standard sex education and psychological insights regarding the consumption of adult materials.</em></p>",https://images.unsplash.com/photo-1559650656-5d1d361ad10e?auto=format&fit=crop&w=800&q=80,2026-06-13T03:53:52.465Z,"Hot Adult Clips, Mental Health, Psychology, Education, Relationships"
"Searching for Free Sex Videos HD? The Psychological Cycle You Can't Escape",searching-for-free-sex-videos-hd-25-41588-251,"Looking for Free Sex Videos HD? Before you click, discover the psychological cycle you can't escape in this comprehensive psychological deep-dive based on modern European educational standards.","<h2>The Reality Behind Your Search</h2><p>One of the most alarming clinical trends identified by psychologists today is the rapid rise of PIED (Porn-Induced Erectile Dysfunction). Unlike traditional physical dysfunction, PIED is strictly neurological. The brain becomes so accustomed to extreme, high-speed visual stimulation on screens that it can no longer respond properly to a real human partner. Fortunately, abstaining from this content can reverse the neurological damage over several months.</p><h2>Understanding the Neurological Impact</h2><p>Beyond the well-documented neurological impacts, the profound ethical implications of the adult industry cannot be ignored. Millions of viewers remain completely unaware of the exploitative, unsafe practices frequently occurring behind the scenes. Educating yourself on the harsh realities of commercial production can often break the illusion and help individuals permanently detach from compulsive viewing habits.</p><h2>The Path to Real Intimacy</h2><p>One of the most alarming clinical trends identified by psychologists today is the rapid rise of PIED (Porn-Induced Erectile Dysfunction). Unlike traditional physical dysfunction, PIED is strictly neurological. The brain becomes so accustomed to extreme, high-speed visual stimulation on screens that it can no longer respond properly to a real human partner. Fortunately, abstaining from this content can reverse the neurological damage over several months.</p><p><em>Educational Note: This article is designed to provide scientific, European-standard sex education and psychological insights regarding the consumption of adult materials.</em></p>",https://images.unsplash.com/photo-1550831107-1553da8c8464?auto=format&fit=crop&w=800&q=80,2026-06-11T21:26:19.910Z,"Free Sex Videos HD, Mental Health, Psychology, Education, Relationships"
"Searching for HD Adult Videos? How It Distorts Your Expectations of Real Intimacy",searching-for-hd-adult-videos-26-41588-673,"Looking for HD Adult Videos? Before you click, discover how it distorts your expectations of real intimacy in this comprehensive psychological deep-dive based on modern European educational standards.","<h2>The Reality Behind Your Search</h2><p>Beyond the well-documented neurological impacts, the profound ethical implications of the adult industry cannot be ignored. Millions of viewers remain completely unaware of the exploitative, unsafe practices frequently occurring behind the scenes. Educating yourself on the harsh realities of commercial production can often break the illusion and help individuals permanently detach from compulsive viewing habits.</p><h2>Understanding the Neurological Impact</h2><p>The journey to recovery always starts with self-awareness. If you find yourself mindlessly scrolling through tube sites late at night, your brain is likely seeking a cheap escape from daily stress or loneliness. Consciously replacing this destructive habit with healthy coping mechanisms—such as regular exercise, mindfulness meditation, or genuine social interaction—is the critical first step toward reclaiming your mental clarity.</p><h2>The Path to Real Intimacy</h2><p>In recent years, modern neuroscientists have discovered that excessive consumption of high-stimulation adult content drastically alters the brain's natural reward system. The constant flood of dopamine downregulates essential receptors, meaning everyday pleasures and hobbies no longer feel satisfying. This is often the hidden root cause of lethargy, anxiety, and a sudden lack of motivation in young adults.</p><p><em>Educational Note: This article is designed to provide scientific, European-standard sex education and psychological insights regarding the consumption of adult materials.</em></p>",https://images.unsplash.com/photo-1493836512294-502baa1986e2?auto=format&fit=crop&w=800&q=80,2026-08-06T18:59:15.504Z,"HD Adult Videos, Mental Health, Psychology, Education, Relationships"
"Searching for Premium Adult Movies? How It Impacts Your Dopamine Levels",searching-for-premium-adult-movies-27-41588-386,"Looking for Premium Adult Movies? Before you click, discover how it impacts your dopamine levels in this comprehensive psychological deep-dive based on modern European educational standards.","<h2>The Reality Behind Your Search</h2><p>The journey to recovery always starts with self-awareness. If you find yourself mindlessly scrolling through tube sites late at night, your brain is likely seeking a cheap escape from daily stress or loneliness. Consciously replacing this destructive habit with healthy coping mechanisms—such as regular exercise, mindfulness meditation, or genuine social interaction—is the critical first step toward reclaiming your mental clarity.</p><h2>Understanding the Neurological Impact</h2><p>In recent years, modern neuroscientists have discovered that excessive consumption of high-stimulation adult content drastically alters the brain's natural reward system. The constant flood of dopamine downregulates essential receptors, meaning everyday pleasures and hobbies no longer feel satisfying. This is often the hidden root cause of lethargy, anxiety, and a sudden lack of motivation in young adults.</p><h2>The Path to Real Intimacy</h2><p>In recent years, modern neuroscientists have discovered that excessive consumption of high-stimulation adult content drastically alters the brain's natural reward system. The constant flood of dopamine downregulates essential receptors, meaning everyday pleasures and hobbies no longer feel satisfying. This is often the hidden root cause of lethargy, anxiety, and a sudden lack of motivation in young adults.</p><p><em>Educational Note: This article is designed to provide scientific, European-standard sex education and psychological insights regarding the consumption of adult materials.</em></p>",https://images.unsplash.com/photo-1499209974431-9dddcece7f88?auto=format&fit=crop&w=800&q=80,2026-09-08T05:03:41.400Z,"Premium Adult Movies, Mental Health, Psychology, Education, Relationships"
"Searching for Top Adult Tube? How It Impacts Your Dopamine Levels",searching-for-top-adult-tube-28-41588-199,"Looking for Top Adult Tube? Before you click, discover how it impacts your dopamine levels in this comprehensive psychological deep-dive based on modern European educational standards.","<h2>The Reality Behind Your Search</h2><p>Leading European sex educators continually emphasize the importance of distinguishing between digital fantasy and physical reality. The adult industry often portrays highly choreographed, unrealistic scenarios that create false, toxic expectations for real-world intimacy. When individuals attempt to translate these extreme fantasies into their personal lives, it inevitably leads to disappointment and relationship friction.</p><h2>Understanding the Neurological Impact</h2><p>Building real intimacy requires deep vulnerability, emotional patience, and authentic connection—three crucial elements completely absent in synthetic, on-demand adult content. By constantly rewiring the brain to expect instant, zero-effort gratification, individuals slowly lose their natural capacity to navigate the beautiful complexities of genuine human relationships.</p><h2>The Path to Real Intimacy</h2><p>One of the most alarming clinical trends identified by psychologists today is the rapid rise of PIED (Porn-Induced Erectile Dysfunction). Unlike traditional physical dysfunction, PIED is strictly neurological. The brain becomes so accustomed to extreme, high-speed visual stimulation on screens that it can no longer respond properly to a real human partner. Fortunately, abstaining from this content can reverse the neurological damage over several months.</p><p><em>Educational Note: This article is designed to provide scientific, European-standard sex education and psychological insights regarding the consumption of adult materials.</em></p>",https://images.unsplash.com/photo-1505506874110-6a7a6c9924cb?auto=format&fit=crop&w=800&q=80,2026-07-11T15:58:12.286Z,"Top Adult Tube, Mental Health, Psychology, Education, Relationships"
"Searching for Free Adult Clips? The Dark Reality Behind the Adult Industry",searching-for-free-adult-clips-29-41588-640,"Looking for Free Adult Clips? Before you click, discover the dark reality behind the adult industry in this comprehensive psychological deep-dive based on modern European educational standards.","<h2>The Reality Behind Your Search</h2><p>Building real intimacy requires deep vulnerability, emotional patience, and authentic connection—three crucial elements completely absent in synthetic, on-demand adult content. By constantly rewiring the brain to expect instant, zero-effort gratification, individuals slowly lose their natural capacity to navigate the beautiful complexities of genuine human relationships.</p><h2>Understanding the Neurological Impact</h2><p>Beyond the well-documented neurological impacts, the profound ethical implications of the adult industry cannot be ignored. Millions of viewers remain completely unaware of the exploitative, unsafe practices frequently occurring behind the scenes. Educating yourself on the harsh realities of commercial production can often break the illusion and help individuals permanently detach from compulsive viewing habits.</p><h2>The Path to Real Intimacy</h2><p>In recent years, modern neuroscientists have discovered that excessive consumption of high-stimulation adult content drastically alters the brain's natural reward system. The constant flood of dopamine downregulates essential receptors, meaning everyday pleasures and hobbies no longer feel satisfying. This is often the hidden root cause of lethargy, anxiety, and a sudden lack of motivation in young adults.</p><p><em>Educational Note: This article is designed to provide scientific, European-standard sex education and psychological insights regarding the consumption of adult materials.</em></p>",https://images.unsplash.com/photo-1520607162513-77705c0f0d4a?auto=format&fit=crop&w=800&q=80,2026-09-28T14:38:53.700Z,"Free Adult Clips, Mental Health, Psychology, Education, Relationships"
"Searching for Adult Streaming HD? The Connection Between Adult Content and Anxiety",searching-for-adult-streaming-hd-30-41588-518,"Looking for Adult Streaming HD? Before you click, discover the connection between adult content and anxiety in this comprehensive psychological deep-dive based on modern European educational standards.","<h2>The Reality Behind Your Search</h2><p>Building real intimacy requires deep vulnerability, emotional patience, and authentic connection—three crucial elements completely absent in synthetic, on-demand adult content. By constantly rewiring the brain to expect instant, zero-effort gratification, individuals slowly lose their natural capacity to navigate the beautiful complexities of genuine human relationships.</p><h2>Understanding the Neurological Impact</h2><p>Building real intimacy requires deep vulnerability, emotional patience, and authentic connection—three crucial elements completely absent in synthetic, on-demand adult content. By constantly rewiring the brain to expect instant, zero-effort gratification, individuals slowly lose their natural capacity to navigate the beautiful complexities of genuine human relationships.</p><h2>The Path to Real Intimacy</h2><p>One of the most alarming clinical trends identified by psychologists today is the rapid rise of PIED (Porn-Induced Erectile Dysfunction). Unlike traditional physical dysfunction, PIED is strictly neurological. The brain becomes so accustomed to extreme, high-speed visual stimulation on screens that it can no longer respond properly to a real human partner. Fortunately, abstaining from this content can reverse the neurological damage over several months.</p><p><em>Educational Note: This article is designed to provide scientific, European-standard sex education and psychological insights regarding the consumption of adult materials.</em></p>",https://images.unsplash.com/photo-1559650656-5d1d361ad10e?auto=format&fit=crop&w=800&q=80,2026-08-14T08:16:42.015Z,"Adult Streaming HD, Mental Health, Psychology, Education, Relationships"
"Searching for Adult Content Uncensored? Why It Lowers Your Daily Productivity",searching-for-adult-content-uncensored-31-41588-813,"Looking for Adult Content Uncensored? Before you click, discover why it lowers your daily productivity in this comprehensive psychological deep-dive based on modern European educational standards.","<h2>The Reality Behind Your Search</h2><p>The journey to recovery always starts with self-awareness. If you find yourself mindlessly scrolling through tube sites late at night, your brain is likely seeking a cheap escape from daily stress or loneliness. Consciously replacing this destructive habit with healthy coping mechanisms—such as regular exercise, mindfulness meditation, or genuine social interaction—is the critical first step toward reclaiming your mental clarity.</p><h2>Understanding the Neurological Impact</h2><p>In recent years, modern neuroscientists have discovered that excessive consumption of high-stimulation adult content drastically alters the brain's natural reward system. The constant flood of dopamine downregulates essential receptors, meaning everyday pleasures and hobbies no longer feel satisfying. This is often the hidden root cause of lethargy, anxiety, and a sudden lack of motivation in young adults.</p><h2>The Path to Real Intimacy</h2><p>Mental health professionals often draw striking parallels between the habitual streaming of adult videos and severe substance abuse. The unprecedented ease of access on smartphones means the 'drug' is literally always in your pocket. Over time, users find they need more extreme, shocking, or novel content to achieve the same baseline level of satisfaction, a classic hallmark of escalating behavioral addiction.</p><p><em>Educational Note: This article is designed to provide scientific, European-standard sex education and psychological insights regarding the consumption of adult materials.</em></p>",https://images.unsplash.com/photo-1550831107-1553da8c8464?auto=format&fit=crop&w=800&q=80,2026-07-04T00:21:11.921Z,"Adult Content Uncensored, Mental Health, Psychology, Education, Relationships"
"Searching for Best Adult Sites? The Connection Between Adult Content and Anxiety",searching-for-best-adult-sites-32-41588-999,"Looking for Best Adult Sites? Before you click, discover the connection between adult content and anxiety in this comprehensive psychological deep-dive based on modern European educational standards.","<h2>The Reality Behind Your Search</h2><p>Building real intimacy requires deep vulnerability, emotional patience, and authentic connection—three crucial elements completely absent in synthetic, on-demand adult content. By constantly rewiring the brain to expect instant, zero-effort gratification, individuals slowly lose their natural capacity to navigate the beautiful complexities of genuine human relationships.</p><h2>Understanding the Neurological Impact</h2><p>Beyond the well-documented neurological impacts, the profound ethical implications of the adult industry cannot be ignored. Millions of viewers remain completely unaware of the exploitative, unsafe practices frequently occurring behind the scenes. Educating yourself on the harsh realities of commercial production can often break the illusion and help individuals permanently detach from compulsive viewing habits.</p><h2>The Path to Real Intimacy</h2><p>One of the most alarming clinical trends identified by psychologists today is the rapid rise of PIED (Porn-Induced Erectile Dysfunction). Unlike traditional physical dysfunction, PIED is strictly neurological. The brain becomes so accustomed to extreme, high-speed visual stimulation on screens that it can no longer respond properly to a real human partner. Fortunately, abstaining from this content can reverse the neurological damage over several months.</p><p><em>Educational Note: This article is designed to provide scientific, European-standard sex education and psychological insights regarding the consumption of adult materials.</em></p>",https://images.unsplash.com/photo-1493836512294-502baa1986e2?auto=format&fit=crop&w=800&q=80,2026-09-21T11:32:54.296Z,"Best Adult Sites, Mental Health, Psychology, Education, Relationships"
"Searching for Online Adult Streaming? How It Distorts Your Expectations of Real Intimacy",searching-for-online-adult-streaming-33-41588-847,"Looking for Online Adult Streaming? Before you click, discover how it distorts your expectations of real intimacy in this comprehensive psychological deep-dive based on modern European educational standards.","<h2>The Reality Behind Your Search</h2><p>One of the most alarming clinical trends identified by psychologists today is the rapid rise of PIED (Porn-Induced Erectile Dysfunction). Unlike traditional physical dysfunction, PIED is strictly neurological. The brain becomes so accustomed to extreme, high-speed visual stimulation on screens that it can no longer respond properly to a real human partner. Fortunately, abstaining from this content can reverse the neurological damage over several months.</p><h2>Understanding the Neurological Impact</h2><p>Building real intimacy requires deep vulnerability, emotional patience, and authentic connection—three crucial elements completely absent in synthetic, on-demand adult content. By constantly rewiring the brain to expect instant, zero-effort gratification, individuals slowly lose their natural capacity to navigate the beautiful complexities of genuine human relationships.</p><h2>The Path to Real Intimacy</h2><p>Mental health professionals often draw striking parallels between the habitual streaming of adult videos and severe substance abuse. The unprecedented ease of access on smartphones means the 'drug' is literally always in your pocket. Over time, users find they need more extreme, shocking, or novel content to achieve the same baseline level of satisfaction, a classic hallmark of escalating behavioral addiction.</p><p><em>Educational Note: This article is designed to provide scientific, European-standard sex education and psychological insights regarding the consumption of adult materials.</em></p>",https://images.unsplash.com/photo-1499209974431-9dddcece7f88?auto=format&fit=crop&w=800&q=80,2026-08-15T10:53:48.125Z,"Online Adult Streaming, Mental Health, Psychology, Education, Relationships"
"Searching for Exclusive Adult Entertainment? The Unseen Effect on Intimate Relationships",searching-for-exclusive-adult-entertainment-34-41588-133,"Looking for Exclusive Adult Entertainment? Before you click, discover the unseen effect on intimate relationships in this comprehensive psychological deep-dive based on modern European educational standards.","<h2>The Reality Behind Your Search</h2><p>Mental health professionals often draw striking parallels between the habitual streaming of adult videos and severe substance abuse. The unprecedented ease of access on smartphones means the 'drug' is literally always in your pocket. Over time, users find they need more extreme, shocking, or novel content to achieve the same baseline level of satisfaction, a classic hallmark of escalating behavioral addiction.</p><h2>Understanding the Neurological Impact</h2><p>One of the most alarming clinical trends identified by psychologists today is the rapid rise of PIED (Porn-Induced Erectile Dysfunction). Unlike traditional physical dysfunction, PIED is strictly neurological. The brain becomes so accustomed to extreme, high-speed visual stimulation on screens that it can no longer respond properly to a real human partner. Fortunately, abstaining from this content can reverse the neurological damage over several months.</p><h2>The Path to Real Intimacy</h2><p>Building real intimacy requires deep vulnerability, emotional patience, and authentic connection—three crucial elements completely absent in synthetic, on-demand adult content. By constantly rewiring the brain to expect instant, zero-effort gratification, individuals slowly lose their natural capacity to navigate the beautiful complexities of genuine human relationships.</p><p><em>Educational Note: This article is designed to provide scientific, European-standard sex education and psychological insights regarding the consumption of adult materials.</em></p>",https://images.unsplash.com/photo-1505506874110-6a7a6c9924cb?auto=format&fit=crop&w=800&q=80,2026-08-04T00:20:41.127Z,"Exclusive Adult Entertainment, Mental Health, Psychology, Education, Relationships"
"Searching for XXX Movies HD? How It Distorts Your Expectations of Real Intimacy",searching-for-xxx-movies-hd-35-41588-95,"Looking for XXX Movies HD? Before you click, discover how it distorts your expectations of real intimacy in this comprehensive psychological deep-dive based on modern European educational standards.","<h2>The Reality Behind Your Search</h2><p>Leading European sex educators continually emphasize the importance of distinguishing between digital fantasy and physical reality. The adult industry often portrays highly choreographed, unrealistic scenarios that create false, toxic expectations for real-world intimacy. When individuals attempt to translate these extreme fantasies into their personal lives, it inevitably leads to disappointment and relationship friction.</p><h2>Understanding the Neurological Impact</h2><p>Mental health professionals often draw striking parallels between the habitual streaming of adult videos and severe substance abuse. The unprecedented ease of access on smartphones means the 'drug' is literally always in your pocket. Over time, users find they need more extreme, shocking, or novel content to achieve the same baseline level of satisfaction, a classic hallmark of escalating behavioral addiction.</p><h2>The Path to Real Intimacy</h2><p>The journey to recovery always starts with self-awareness. If you find yourself mindlessly scrolling through tube sites late at night, your brain is likely seeking a cheap escape from daily stress or loneliness. Consciously replacing this destructive habit with healthy coping mechanisms—such as regular exercise, mindfulness meditation, or genuine social interaction—is the critical first step toward reclaiming your mental clarity.</p><p><em>Educational Note: This article is designed to provide scientific, European-standard sex education and psychological insights regarding the consumption of adult materials.</em></p>",https://images.unsplash.com/photo-1520607162513-77705c0f0d4a?auto=format&fit=crop&w=800&q=80,2026-07-18T10:42:50.184Z,"XXX Movies HD, Mental Health, Psychology, Education, Relationships"
"Searching for Premium Sex Tube? The Psychological Cycle You Can't Escape",searching-for-premium-sex-tube-36-41588-160,"Looking for Premium Sex Tube? Before you click, discover the psychological cycle you can't escape in this comprehensive psychological deep-dive based on modern European educational standards.","<h2>The Reality Behind Your Search</h2><p>In recent years, modern neuroscientists have discovered that excessive consumption of high-stimulation adult content drastically alters the brain's natural reward system. The constant flood of dopamine downregulates essential receptors, meaning everyday pleasures and hobbies no longer feel satisfying. This is often the hidden root cause of lethargy, anxiety, and a sudden lack of motivation in young adults.</p><h2>Understanding the Neurological Impact</h2><p>Leading European sex educators continually emphasize the importance of distinguishing between digital fantasy and physical reality. The adult industry often portrays highly choreographed, unrealistic scenarios that create false, toxic expectations for real-world intimacy. When individuals attempt to translate these extreme fantasies into their personal lives, it inevitably leads to disappointment and relationship friction.</p><h2>The Path to Real Intimacy</h2><p>Mental health professionals often draw striking parallels between the habitual streaming of adult videos and severe substance abuse. The unprecedented ease of access on smartphones means the 'drug' is literally always in your pocket. Over time, users find they need more extreme, shocking, or novel content to achieve the same baseline level of satisfaction, a classic hallmark of escalating behavioral addiction.</p><p><em>Educational Note: This article is designed to provide scientific, European-standard sex education and psychological insights regarding the consumption of adult materials.</em></p>",https://images.unsplash.com/photo-1559650656-5d1d361ad10e?auto=format&fit=crop&w=800&q=80,2026-08-02T07:16:07.311Z,"Premium Sex Tube, Mental Health, Psychology, Education, Relationships"
"Searching for Hot Adult Clips? How It Distorts Your Expectations of Real Intimacy",searching-for-hot-adult-clips-37-41588-817,"Looking for Hot Adult Clips? Before you click, discover how it distorts your expectations of real intimacy in this comprehensive psychological deep-dive based on modern European educational standards.","<h2>The Reality Behind Your Search</h2><p>The journey to recovery always starts with self-awareness. If you find yourself mindlessly scrolling through tube sites late at night, your brain is likely seeking a cheap escape from daily stress or loneliness. Consciously replacing this destructive habit with healthy coping mechanisms—such as regular exercise, mindfulness meditation, or genuine social interaction—is the critical first step toward reclaiming your mental clarity.</p><h2>Understanding the Neurological Impact</h2><p>Beyond the well-documented neurological impacts, the profound ethical implications of the adult industry cannot be ignored. Millions of viewers remain completely unaware of the exploitative, unsafe practices frequently occurring behind the scenes. Educating yourself on the harsh realities of commercial production can often break the illusion and help individuals permanently detach from compulsive viewing habits.</p><h2>The Path to Real Intimacy</h2><p>Building real intimacy requires deep vulnerability, emotional patience, and authentic connection—three crucial elements completely absent in synthetic, on-demand adult content. By constantly rewiring the brain to expect instant, zero-effort gratification, individuals slowly lose their natural capacity to navigate the beautiful complexities of genuine human relationships.</p><p><em>Educational Note: This article is designed to provide scientific, European-standard sex education and psychological insights regarding the consumption of adult materials.</em></p>",https://images.unsplash.com/photo-1550831107-1553da8c8464?auto=format&fit=crop&w=800&q=80,2026-08-31T23:07:42.488Z,"Hot Adult Clips, Mental Health, Psychology, Education, Relationships"
"Searching for Free Sex Videos HD? How It Distorts Your Expectations of Real Intimacy",searching-for-free-sex-videos-hd-38-41588-373,"Looking for Free Sex Videos HD? Before you click, discover how it distorts your expectations of real intimacy in this comprehensive psychological deep-dive based on modern European educational standards.","<h2>The Reality Behind Your Search</h2><p>In recent years, modern neuroscientists have discovered that excessive consumption of high-stimulation adult content drastically alters the brain's natural reward system. The constant flood of dopamine downregulates essential receptors, meaning everyday pleasures and hobbies no longer feel satisfying. This is often the hidden root cause of lethargy, anxiety, and a sudden lack of motivation in young adults.</p><h2>Understanding the Neurological Impact</h2><p>One of the most alarming clinical trends identified by psychologists today is the rapid rise of PIED (Porn-Induced Erectile Dysfunction). Unlike traditional physical dysfunction, PIED is strictly neurological. The brain becomes so accustomed to extreme, high-speed visual stimulation on screens that it can no longer respond properly to a real human partner. Fortunately, abstaining from this content can reverse the neurological damage over several months.</p><h2>The Path to Real Intimacy</h2><p>Leading European sex educators continually emphasize the importance of distinguishing between digital fantasy and physical reality. The adult industry often portrays highly choreographed, unrealistic scenarios that create false, toxic expectations for real-world intimacy. When individuals attempt to translate these extreme fantasies into their personal lives, it inevitably leads to disappointment and relationship friction.</p><p><em>Educational Note: This article is designed to provide scientific, European-standard sex education and psychological insights regarding the consumption of adult materials.</em></p>",https://images.unsplash.com/photo-1493836512294-502baa1986e2?auto=format&fit=crop&w=800&q=80,2026-09-20T10:36:16.125Z,"Free Sex Videos HD, Mental Health, Psychology, Education, Relationships"
"Searching for HD Adult Videos? How It Distorts Your Expectations of Real Intimacy",searching-for-hd-adult-videos-39-41588-795,"Looking for HD Adult Videos? Before you click, discover how it distorts your expectations of real intimacy in this comprehensive psychological deep-dive based on modern European educational standards.","<h2>The Reality Behind Your Search</h2><p>In recent years, modern neuroscientists have discovered that excessive consumption of high-stimulation adult content drastically alters the brain's natural reward system. The constant flood of dopamine downregulates essential receptors, meaning everyday pleasures and hobbies no longer feel satisfying. This is often the hidden root cause of lethargy, anxiety, and a sudden lack of motivation in young adults.</p><h2>Understanding the Neurological Impact</h2><p>Mental health professionals often draw striking parallels between the habitual streaming of adult videos and severe substance abuse. The unprecedented ease of access on smartphones means the 'drug' is literally always in your pocket. Over time, users find they need more extreme, shocking, or novel content to achieve the same baseline level of satisfaction, a classic hallmark of escalating behavioral addiction.</p><h2>The Path to Real Intimacy</h2><p>Beyond the well-documented neurological impacts, the profound ethical implications of the adult industry cannot be ignored. Millions of viewers remain completely unaware of the exploitative, unsafe practices frequently occurring behind the scenes. Educating yourself on the harsh realities of commercial production can often break the illusion and help individuals permanently detach from compulsive viewing habits.</p><p><em>Educational Note: This article is designed to provide scientific, European-standard sex education and psychological insights regarding the consumption of adult materials.</em></p>",https://images.unsplash.com/photo-1499209974431-9dddcece7f88?auto=format&fit=crop&w=800&q=80,2026-08-03T20:23:50.913Z,"HD Adult Videos, Mental Health, Psychology, Education, Relationships"
"Searching for Premium Adult Movies? The Science of Habit and Recovery",searching-for-premium-adult-movies-40-41588-108,"Looking for Premium Adult Movies? Before you click, discover the science of habit and recovery in this comprehensive psychological deep-dive based on modern European educational standards.","<h2>The Reality Behind Your Search</h2><p>The journey to recovery always starts with self-awareness. If you find yourself mindlessly scrolling through tube sites late at night, your brain is likely seeking a cheap escape from daily stress or loneliness. Consciously replacing this destructive habit with healthy coping mechanisms—such as regular exercise, mindfulness meditation, or genuine social interaction—is the critical first step toward reclaiming your mental clarity.</p><h2>Understanding the Neurological Impact</h2><p>One of the most alarming clinical trends identified by psychologists today is the rapid rise of PIED (Porn-Induced Erectile Dysfunction). Unlike traditional physical dysfunction, PIED is strictly neurological. The brain becomes so accustomed to extreme, high-speed visual stimulation on screens that it can no longer respond properly to a real human partner. Fortunately, abstaining from this content can reverse the neurological damage over several months.</p><h2>The Path to Real Intimacy</h2><p>Building real intimacy requires deep vulnerability, emotional patience, and authentic connection—three crucial elements completely absent in synthetic, on-demand adult content. By constantly rewiring the brain to expect instant, zero-effort gratification, individuals slowly lose their natural capacity to navigate the beautiful complexities of genuine human relationships.</p><p><em>Educational Note: This article is designed to provide scientific, European-standard sex education and psychological insights regarding the consumption of adult materials.</em></p>",https://images.unsplash.com/photo-1505506874110-6a7a6c9924cb?auto=format&fit=crop&w=800&q=80,2026-09-06T04:34:41.447Z,"Premium Adult Movies, Mental Health, Psychology, Education, Relationships"
"Searching for Top Adult Tube? The Dark Reality Behind the Adult Industry",searching-for-top-adult-tube-41-41588-421,"Looking for Top Adult Tube? Before you click, discover the dark reality behind the adult industry in this comprehensive psychological deep-dive based on modern European educational standards.","<h2>The Reality Behind Your Search</h2><p>The journey to recovery always starts with self-awareness. If you find yourself mindlessly scrolling through tube sites late at night, your brain is likely seeking a cheap escape from daily stress or loneliness. Consciously replacing this destructive habit with healthy coping mechanisms—such as regular exercise, mindfulness meditation, or genuine social interaction—is the critical first step toward reclaiming your mental clarity.</p><h2>Understanding the Neurological Impact</h2><p>In recent years, modern neuroscientists have discovered that excessive consumption of high-stimulation adult content drastically alters the brain's natural reward system. The constant flood of dopamine downregulates essential receptors, meaning everyday pleasures and hobbies no longer feel satisfying. This is often the hidden root cause of lethargy, anxiety, and a sudden lack of motivation in young adults.</p><h2>The Path to Real Intimacy</h2><p>Mental health professionals often draw striking parallels between the habitual streaming of adult videos and severe substance abuse. The unprecedented ease of access on smartphones means the 'drug' is literally always in your pocket. Over time, users find they need more extreme, shocking, or novel content to achieve the same baseline level of satisfaction, a classic hallmark of escalating behavioral addiction.</p><p><em>Educational Note: This article is designed to provide scientific, European-standard sex education and psychological insights regarding the consumption of adult materials.</em></p>",https://images.unsplash.com/photo-1520607162513-77705c0f0d4a?auto=format&fit=crop&w=800&q=80,2026-09-15T17:26:14.481Z,"Top Adult Tube, Mental Health, Psychology, Education, Relationships"
"Searching for Free Adult Clips? How Your Brain Changes After 30 Days",searching-for-free-adult-clips-42-41588-914,"Looking for Free Adult Clips? Before you click, discover how your brain changes after 30 days in this comprehensive psychological deep-dive based on modern European educational standards.","<h2>The Reality Behind Your Search</h2><p>Mental health professionals often draw striking parallels between the habitual streaming of adult videos and severe substance abuse. The unprecedented ease of access on smartphones means the 'drug' is literally always in your pocket. Over time, users find they need more extreme, shocking, or novel content to achieve the same baseline level of satisfaction, a classic hallmark of escalating behavioral addiction.</p><h2>Understanding the Neurological Impact</h2><p>In recent years, modern neuroscientists have discovered that excessive consumption of high-stimulation adult content drastically alters the brain's natural reward system. The constant flood of dopamine downregulates essential receptors, meaning everyday pleasures and hobbies no longer feel satisfying. This is often the hidden root cause of lethargy, anxiety, and a sudden lack of motivation in young adults.</p><h2>The Path to Real Intimacy</h2><p>Mental health professionals often draw striking parallels between the habitual streaming of adult videos and severe substance abuse. The unprecedented ease of access on smartphones means the 'drug' is literally always in your pocket. Over time, users find they need more extreme, shocking, or novel content to achieve the same baseline level of satisfaction, a classic hallmark of escalating behavioral addiction.</p><p><em>Educational Note: This article is designed to provide scientific, European-standard sex education and psychological insights regarding the consumption of adult materials.</em></p>",https://images.unsplash.com/photo-1559650656-5d1d361ad10e?auto=format&fit=crop&w=800&q=80,2026-07-13T08:52:44.498Z,"Free Adult Clips, Mental Health, Psychology, Education, Relationships"
"Searching for Adult Streaming HD? Why It Can Lead to Erectile Dysfunction in Men",searching-for-adult-streaming-hd-43-41588-70,"Looking for Adult Streaming HD? Before you click, discover why it can lead to erectile dysfunction in men in this comprehensive psychological deep-dive based on modern European educational standards.","<h2>The Reality Behind Your Search</h2><p>Building real intimacy requires deep vulnerability, emotional patience, and authentic connection—three crucial elements completely absent in synthetic, on-demand adult content. By constantly rewiring the brain to expect instant, zero-effort gratification, individuals slowly lose their natural capacity to navigate the beautiful complexities of genuine human relationships.</p><h2>Understanding the Neurological Impact</h2><p>Beyond the well-documented neurological impacts, the profound ethical implications of the adult industry cannot be ignored. Millions of viewers remain completely unaware of the exploitative, unsafe practices frequently occurring behind the scenes. Educating yourself on the harsh realities of commercial production can often break the illusion and help individuals permanently detach from compulsive viewing habits.</p><h2>The Path to Real Intimacy</h2><p>Leading European sex educators continually emphasize the importance of distinguishing between digital fantasy and physical reality. The adult industry often portrays highly choreographed, unrealistic scenarios that create false, toxic expectations for real-world intimacy. When individuals attempt to translate these extreme fantasies into their personal lives, it inevitably leads to disappointment and relationship friction.</p><p><em>Educational Note: This article is designed to provide scientific, European-standard sex education and psychological insights regarding the consumption of adult materials.</em></p>",https://images.unsplash.com/photo-1550831107-1553da8c8464?auto=format&fit=crop&w=800&q=80,2026-07-11T23:44:24.542Z,"Adult Streaming HD, Mental Health, Psychology, Education, Relationships"
"Searching for Adult Content Uncensored? The Science of Habit and Recovery",searching-for-adult-content-uncensored-44-41588-132,"Looking for Adult Content Uncensored? Before you click, discover the science of habit and recovery in this comprehensive psychological deep-dive based on modern European educational standards.","<h2>The Reality Behind Your Search</h2><p>Beyond the well-documented neurological impacts, the profound ethical implications of the adult industry cannot be ignored. Millions of viewers remain completely unaware of the exploitative, unsafe practices frequently occurring behind the scenes. Educating yourself on the harsh realities of commercial production can often break the illusion and help individuals permanently detach from compulsive viewing habits.</p><h2>Understanding the Neurological Impact</h2><p>Leading European sex educators continually emphasize the importance of distinguishing between digital fantasy and physical reality. The adult industry often portrays highly choreographed, unrealistic scenarios that create false, toxic expectations for real-world intimacy. When individuals attempt to translate these extreme fantasies into their personal lives, it inevitably leads to disappointment and relationship friction.</p><h2>The Path to Real Intimacy</h2><p>In recent years, modern neuroscientists have discovered that excessive consumption of high-stimulation adult content drastically alters the brain's natural reward system. The constant flood of dopamine downregulates essential receptors, meaning everyday pleasures and hobbies no longer feel satisfying. This is often the hidden root cause of lethargy, anxiety, and a sudden lack of motivation in young adults.</p><p><em>Educational Note: This article is designed to provide scientific, European-standard sex education and psychological insights regarding the consumption of adult materials.</em></p>",https://images.unsplash.com/photo-1493836512294-502baa1986e2?auto=format&fit=crop&w=800&q=80,2026-06-21T03:40:45.183Z,"Adult Content Uncensored, Mental Health, Psychology, Education, Relationships"
"Searching for Best Adult Sites? Why It Lowers Your Daily Productivity",searching-for-best-adult-sites-45-41588-264,"Looking for Best Adult Sites? Before you click, discover why it lowers your daily productivity in this comprehensive psychological deep-dive based on modern European educational standards.","<h2>The Reality Behind Your Search</h2><p>One of the most alarming clinical trends identified by psychologists today is the rapid rise of PIED (Porn-Induced Erectile Dysfunction). Unlike traditional physical dysfunction, PIED is strictly neurological. The brain becomes so accustomed to extreme, high-speed visual stimulation on screens that it can no longer respond properly to a real human partner. Fortunately, abstaining from this content can reverse the neurological damage over several months.</p><h2>Understanding the Neurological Impact</h2><p>Leading European sex educators continually emphasize the importance of distinguishing between digital fantasy and physical reality. The adult industry often portrays highly choreographed, unrealistic scenarios that create false, toxic expectations for real-world intimacy. When individuals attempt to translate these extreme fantasies into their personal lives, it inevitably leads to disappointment and relationship friction.</p><h2>The Path to Real Intimacy</h2><p>Mental health professionals often draw striking parallels between the habitual streaming of adult videos and severe substance abuse. The unprecedented ease of access on smartphones means the 'drug' is literally always in your pocket. Over time, users find they need more extreme, shocking, or novel content to achieve the same baseline level of satisfaction, a classic hallmark of escalating behavioral addiction.</p><p><em>Educational Note: This article is designed to provide scientific, European-standard sex education and psychological insights regarding the consumption of adult materials.</em></p>",https://images.unsplash.com/photo-1499209974431-9dddcece7f88?auto=format&fit=crop&w=800&q=80,2026-08-19T23:09:09.544Z,"Best Adult Sites, Mental Health, Psychology, Education, Relationships"
"Searching for Online Adult Streaming? The Psychological Cycle You Can't Escape",searching-for-online-adult-streaming-46-41588-801,"Looking for Online Adult Streaming? Before you click, discover the psychological cycle you can't escape in this comprehensive psychological deep-dive based on modern European educational standards.","<h2>The Reality Behind Your Search</h2><p>In recent years, modern neuroscientists have discovered that excessive consumption of high-stimulation adult content drastically alters the brain's natural reward system. The constant flood of dopamine downregulates essential receptors, meaning everyday pleasures and hobbies no longer feel satisfying. This is often the hidden root cause of lethargy, anxiety, and a sudden lack of motivation in young adults.</p><h2>Understanding the Neurological Impact</h2><p>Building real intimacy requires deep vulnerability, emotional patience, and authentic connection—three crucial elements completely absent in synthetic, on-demand adult content. By constantly rewiring the brain to expect instant, zero-effort gratification, individuals slowly lose their natural capacity to navigate the beautiful complexities of genuine human relationships.</p><h2>The Path to Real Intimacy</h2><p>One of the most alarming clinical trends identified by psychologists today is the rapid rise of PIED (Porn-Induced Erectile Dysfunction). Unlike traditional physical dysfunction, PIED is strictly neurological. The brain becomes so accustomed to extreme, high-speed visual stimulation on screens that it can no longer respond properly to a real human partner. Fortunately, abstaining from this content can reverse the neurological damage over several months.</p><p><em>Educational Note: This article is designed to provide scientific, European-standard sex education and psychological insights regarding the consumption of adult materials.</em></p>",https://images.unsplash.com/photo-1505506874110-6a7a6c9924cb?auto=format&fit=crop&w=800&q=80,2026-09-30T09:08:20.799Z,"Online Adult Streaming, Mental Health, Psychology, Education, Relationships"
"Searching for Exclusive Adult Entertainment? The Connection Between Adult Content and Anxiety",searching-for-exclusive-adult-entertainment-47-41588-753,"Looking for Exclusive Adult Entertainment? Before you click, discover the connection between adult content and anxiety in this comprehensive psychological deep-dive based on modern European educational standards.","<h2>The Reality Behind Your Search</h2><p>The journey to recovery always starts with self-awareness. If you find yourself mindlessly scrolling through tube sites late at night, your brain is likely seeking a cheap escape from daily stress or loneliness. Consciously replacing this destructive habit with healthy coping mechanisms—such as regular exercise, mindfulness meditation, or genuine social interaction—is the critical first step toward reclaiming your mental clarity.</p><h2>Understanding the Neurological Impact</h2><p>The journey to recovery always starts with self-awareness. If you find yourself mindlessly scrolling through tube sites late at night, your brain is likely seeking a cheap escape from daily stress or loneliness. Consciously replacing this destructive habit with healthy coping mechanisms—such as regular exercise, mindfulness meditation, or genuine social interaction—is the critical first step toward reclaiming your mental clarity.</p><h2>The Path to Real Intimacy</h2><p>In recent years, modern neuroscientists have discovered that excessive consumption of high-stimulation adult content drastically alters the brain's natural reward system. The constant flood of dopamine downregulates essential receptors, meaning everyday pleasures and hobbies no longer feel satisfying. This is often the hidden root cause of lethargy, anxiety, and a sudden lack of motivation in young adults.</p><p><em>Educational Note: This article is designed to provide scientific, European-standard sex education and psychological insights regarding the consumption of adult materials.</em></p>",https://images.unsplash.com/photo-1520607162513-77705c0f0d4a?auto=format&fit=crop&w=800&q=80,2026-08-18T11:11:58.826Z,"Exclusive Adult Entertainment, Mental Health, Psychology, Education, Relationships"
"Searching for XXX Movies HD? How It Distorts Your Expectations of Real Intimacy",searching-for-xxx-movies-hd-48-41588-320,"Looking for XXX Movies HD? Before you click, discover how it distorts your expectations of real intimacy in this comprehensive psychological deep-dive based on modern European educational standards.","<h2>The Reality Behind Your Search</h2><p>The journey to recovery always starts with self-awareness. If you find yourself mindlessly scrolling through tube sites late at night, your brain is likely seeking a cheap escape from daily stress or loneliness. Consciously replacing this destructive habit with healthy coping mechanisms—such as regular exercise, mindfulness meditation, or genuine social interaction—is the critical first step toward reclaiming your mental clarity.</p><h2>Understanding the Neurological Impact</h2><p>Mental health professionals often draw striking parallels between the habitual streaming of adult videos and severe substance abuse. The unprecedented ease of access on smartphones means the 'drug' is literally always in your pocket. Over time, users find they need more extreme, shocking, or novel content to achieve the same baseline level of satisfaction, a classic hallmark of escalating behavioral addiction.</p><h2>The Path to Real Intimacy</h2><p>Beyond the well-documented neurological impacts, the profound ethical implications of the adult industry cannot be ignored. Millions of viewers remain completely unaware of the exploitative, unsafe practices frequently occurring behind the scenes. Educating yourself on the harsh realities of commercial production can often break the illusion and help individuals permanently detach from compulsive viewing habits.</p><p><em>Educational Note: This article is designed to provide scientific, European-standard sex education and psychological insights regarding the consumption of adult materials.</em></p>",https://images.unsplash.com/photo-1559650656-5d1d361ad10e?auto=format&fit=crop&w=800&q=80,2026-08-12T06:48:27.262Z,"XXX Movies HD, Mental Health, Psychology, Education, Relationships"
"Searching for Premium Sex Tube? How Your Brain Changes After 30 Days",searching-for-premium-sex-tube-49-41588-101,"Looking for Premium Sex Tube? Before you click, discover how your brain changes after 30 days in this comprehensive psychological deep-dive based on modern European educational standards.","<h2>The Reality Behind Your Search</h2><p>One of the most alarming clinical trends identified by psychologists today is the rapid rise of PIED (Porn-Induced Erectile Dysfunction). Unlike traditional physical dysfunction, PIED is strictly neurological. The brain becomes so accustomed to extreme, high-speed visual stimulation on screens that it can no longer respond properly to a real human partner. Fortunately, abstaining from this content can reverse the neurological damage over several months.</p><h2>Understanding the Neurological Impact</h2><p>Building real intimacy requires deep vulnerability, emotional patience, and authentic connection—three crucial elements completely absent in synthetic, on-demand adult content. By constantly rewiring the brain to expect instant, zero-effort gratification, individuals slowly lose their natural capacity to navigate the beautiful complexities of genuine human relationships.</p><h2>The Path to Real Intimacy</h2><p>In recent years, modern neuroscientists have discovered that excessive consumption of high-stimulation adult content drastically alters the brain's natural reward system. The constant flood of dopamine downregulates essential receptors, meaning everyday pleasures and hobbies no longer feel satisfying. This is often the hidden root cause of lethargy, anxiety, and a sudden lack of motivation in young adults.</p><p><em>Educational Note: This article is designed to provide scientific, European-standard sex education and psychological insights regarding the consumption of adult materials.</em></p>",https://images.unsplash.com/photo-1550831107-1553da8c8464?auto=format&fit=crop&w=800&q=80,2026-07-16T17:34:08.826Z,"Premium Sex Tube, Mental Health, Psychology, Education, Relationships"
"Searching for Hot Adult Clips? How Your Brain Changes After 30 Days",searching-for-hot-adult-clips-50-41588-76,"Looking for Hot Adult Clips? Before you click, discover how your brain changes after 30 days in this comprehensive psychological deep-dive based on modern European educational standards.","<h2>The Reality Behind Your Search</h2><p>Leading European sex educators continually emphasize the importance of distinguishing between digital fantasy and physical reality. The adult industry often portrays highly choreographed, unrealistic scenarios that create false, toxic expectations for real-world intimacy. When individuals attempt to translate these extreme fantasies into their personal lives, it inevitably leads to disappointment and relationship friction.</p><h2>Understanding the Neurological Impact</h2><p>The journey to recovery always starts with self-awareness. If you find yourself mindlessly scrolling through tube sites late at night, your brain is likely seeking a cheap escape from daily stress or loneliness. Consciously replacing this destructive habit with healthy coping mechanisms—such as regular exercise, mindfulness meditation, or genuine social interaction—is the critical first step toward reclaiming your mental clarity.</p><h2>The Path to Real Intimacy</h2><p>Leading European sex educators continually emphasize the importance of distinguishing between digital fantasy and physical reality. The adult industry often portrays highly choreographed, unrealistic scenarios that create false, toxic expectations for real-world intimacy. When individuals attempt to translate these extreme fantasies into their personal lives, it inevitably leads to disappointment and relationship friction.</p><p><em>Educational Note: This article is designed to provide scientific, European-standard sex education and psychological insights regarding the consumption of adult materials.</em></p>",https://images.unsplash.com/photo-1493836512294-502baa1986e2?auto=format&fit=crop&w=800&q=80,2026-09-06T12:46:24.482Z,"Hot Adult Clips, Mental Health, Psychology, Education, Relationships"
"Searching for Free Sex Videos HD? The Connection Between Adult Content and Anxiety",searching-for-free-sex-videos-hd-51-41588-922,"Looking for Free Sex Videos HD? Before you click, discover the connection between adult content and anxiety in this comprehensive psychological deep-dive based on modern European educational standards.","<h2>The Reality Behind Your Search</h2><p>The journey to recovery always starts with self-awareness. If you find yourself mindlessly scrolling through tube sites late at night, your brain is likely seeking a cheap escape from daily stress or loneliness. Consciously replacing this destructive habit with healthy coping mechanisms—such as regular exercise, mindfulness meditation, or genuine social interaction—is the critical first step toward reclaiming your mental clarity.</p><h2>Understanding the Neurological Impact</h2><p>The journey to recovery always starts with self-awareness. If you find yourself mindlessly scrolling through tube sites late at night, your brain is likely seeking a cheap escape from daily stress or loneliness. Consciously replacing this destructive habit with healthy coping mechanisms—such as regular exercise, mindfulness meditation, or genuine social interaction—is the critical first step toward reclaiming your mental clarity.</p><h2>The Path to Real Intimacy</h2><p>The journey to recovery always starts with self-awareness. If you find yourself mindlessly scrolling through tube sites late at night, your brain is likely seeking a cheap escape from daily stress or loneliness. Consciously replacing this destructive habit with healthy coping mechanisms—such as regular exercise, mindfulness meditation, or genuine social interaction—is the critical first step toward reclaiming your mental clarity.</p><p><em>Educational Note: This article is designed to provide scientific, European-standard sex education and psychological insights regarding the consumption of adult materials.</em></p>",https://images.unsplash.com/photo-1499209974431-9dddcece7f88?auto=format&fit=crop&w=800&q=80,2026-08-18T07:19:14.836Z,"Free Sex Videos HD, Mental Health, Psychology, Education, Relationships"
"Searching for HD Adult Videos? Why It Lowers Your Daily Productivity",searching-for-hd-adult-videos-52-41588-566,"Looking for HD Adult Videos? Before you click, discover why it lowers your daily productivity in this comprehensive psychological deep-dive based on modern European educational standards.","<h2>The Reality Behind Your Search</h2><p>In recent years, modern neuroscientists have discovered that excessive consumption of high-stimulation adult content drastically alters the brain's natural reward system. The constant flood of dopamine downregulates essential receptors, meaning everyday pleasures and hobbies no longer feel satisfying. This is often the hidden root cause of lethargy, anxiety, and a sudden lack of motivation in young adults.</p><h2>Understanding the Neurological Impact</h2><p>Beyond the well-documented neurological impacts, the profound ethical implications of the adult industry cannot be ignored. Millions of viewers remain completely unaware of the exploitative, unsafe practices frequently occurring behind the scenes. Educating yourself on the harsh realities of commercial production can often break the illusion and help individuals permanently detach from compulsive viewing habits.</p><h2>The Path to Real Intimacy</h2><p>Leading European sex educators continually emphasize the importance of distinguishing between digital fantasy and physical reality. The adult industry often portrays highly choreographed, unrealistic scenarios that create false, toxic expectations for real-world intimacy. When individuals attempt to translate these extreme fantasies into their personal lives, it inevitably leads to disappointment and relationship friction.</p><p><em>Educational Note: This article is designed to provide scientific, European-standard sex education and psychological insights regarding the consumption of adult materials.</em></p>",https://images.unsplash.com/photo-1505506874110-6a7a6c9924cb?auto=format&fit=crop&w=800&q=80,2026-07-12T02:09:40.081Z,"HD Adult Videos, Mental Health, Psychology, Education, Relationships"
"Searching for Premium Adult Movies? The Science of Habit and Recovery",searching-for-premium-adult-movies-53-41588-684,"Looking for Premium Adult Movies? Before you click, discover the science of habit and recovery in this comprehensive psychological deep-dive based on modern European educational standards.","<h2>The Reality Behind Your Search</h2><p>In recent years, modern neuroscientists have discovered that excessive consumption of high-stimulation adult content drastically alters the brain's natural reward system. The constant flood of dopamine downregulates essential receptors, meaning everyday pleasures and hobbies no longer feel satisfying. This is often the hidden root cause of lethargy, anxiety, and a sudden lack of motivation in young adults.</p><h2>Understanding the Neurological Impact</h2><p>The journey to recovery always starts with self-awareness. If you find yourself mindlessly scrolling through tube sites late at night, your brain is likely seeking a cheap escape from daily stress or loneliness. Consciously replacing this destructive habit with healthy coping mechanisms—such as regular exercise, mindfulness meditation, or genuine social interaction—is the critical first step toward reclaiming your mental clarity.</p><h2>The Path to Real Intimacy</h2><p>Building real intimacy requires deep vulnerability, emotional patience, and authentic connection—three crucial elements completely absent in synthetic, on-demand adult content. By constantly rewiring the brain to expect instant, zero-effort gratification, individuals slowly lose their natural capacity to navigate the beautiful complexities of genuine human relationships.</p><p><em>Educational Note: This article is designed to provide scientific, European-standard sex education and psychological insights regarding the consumption of adult materials.</em></p>",https://images.unsplash.com/photo-1520607162513-77705c0f0d4a?auto=format&fit=crop&w=800&q=80,2026-07-13T15:24:59.598Z,"Premium Adult Movies, Mental Health, Psychology, Education, Relationships"
"Searching for Top Adult Tube? The Science of Habit and Recovery",searching-for-top-adult-tube-54-41588-618,"Looking for Top Adult Tube? Before you click, discover the science of habit and recovery in this comprehensive psychological deep-dive based on modern European educational standards.","<h2>The Reality Behind Your Search</h2><p>Building real intimacy requires deep vulnerability, emotional patience, and authentic connection—three crucial elements completely absent in synthetic, on-demand adult content. By constantly rewiring the brain to expect instant, zero-effort gratification, individuals slowly lose their natural capacity to navigate the beautiful complexities of genuine human relationships.</p><h2>Understanding the Neurological Impact</h2><p>Leading European sex educators continually emphasize the importance of distinguishing between digital fantasy and physical reality. The adult industry often portrays highly choreographed, unrealistic scenarios that create false, toxic expectations for real-world intimacy. When individuals attempt to translate these extreme fantasies into their personal lives, it inevitably leads to disappointment and relationship friction.</p><h2>The Path to Real Intimacy</h2><p>Mental health professionals often draw striking parallels between the habitual streaming of adult videos and severe substance abuse. The unprecedented ease of access on smartphones means the 'drug' is literally always in your pocket. Over time, users find they need more extreme, shocking, or novel content to achieve the same baseline level of satisfaction, a classic hallmark of escalating behavioral addiction.</p><p><em>Educational Note: This article is designed to provide scientific, European-standard sex education and psychological insights regarding the consumption of adult materials.</em></p>",https://images.unsplash.com/photo-1559650656-5d1d361ad10e?auto=format&fit=crop&w=800&q=80,2026-08-17T02:50:20.834Z,"Top Adult Tube, Mental Health, Psychology, Education, Relationships"
"Searching for Free Adult Clips? Why It Can Lead to Erectile Dysfunction in Men",searching-for-free-adult-clips-55-41588-820,"Looking for Free Adult Clips? Before you click, discover why it can lead to erectile dysfunction in men in this comprehensive psychological deep-dive based on modern European educational standards.","<h2>The Reality Behind Your Search</h2><p>The journey to recovery always starts with self-awareness. If you find yourself mindlessly scrolling through tube sites late at night, your brain is likely seeking a cheap escape from daily stress or loneliness. Consciously replacing this destructive habit with healthy coping mechanisms—such as regular exercise, mindfulness meditation, or genuine social interaction—is the critical first step toward reclaiming your mental clarity.</p><h2>Understanding the Neurological Impact</h2><p>Leading European sex educators continually emphasize the importance of distinguishing between digital fantasy and physical reality. The adult industry often portrays highly choreographed, unrealistic scenarios that create false, toxic expectations for real-world intimacy. When individuals attempt to translate these extreme fantasies into their personal lives, it inevitably leads to disappointment and relationship friction.</p><h2>The Path to Real Intimacy</h2><p>Beyond the well-documented neurological impacts, the profound ethical implications of the adult industry cannot be ignored. Millions of viewers remain completely unaware of the exploitative, unsafe practices frequently occurring behind the scenes. Educating yourself on the harsh realities of commercial production can often break the illusion and help individuals permanently detach from compulsive viewing habits.</p><p><em>Educational Note: This article is designed to provide scientific, European-standard sex education and psychological insights regarding the consumption of adult materials.</em></p>",https://images.unsplash.com/photo-1550831107-1553da8c8464?auto=format&fit=crop&w=800&q=80,2026-08-03T20:17:33.637Z,"Free Adult Clips, Mental Health, Psychology, Education, Relationships"
"Searching for Adult Streaming HD? How It Distorts Your Expectations of Real Intimacy",searching-for-adult-streaming-hd-56-41588-585,"Looking for Adult Streaming HD? Before you click, discover how it distorts your expectations of real intimacy in this comprehensive psychological deep-dive based on modern European educational standards.","<h2>The Reality Behind Your Search</h2><p>One of the most alarming clinical trends identified by psychologists today is the rapid rise of PIED (Porn-Induced Erectile Dysfunction). Unlike traditional physical dysfunction, PIED is strictly neurological. The brain becomes so accustomed to extreme, high-speed visual stimulation on screens that it can no longer respond properly to a real human partner. Fortunately, abstaining from this content can reverse the neurological damage over several months.</p><h2>Understanding the Neurological Impact</h2><p>One of the most alarming clinical trends identified by psychologists today is the rapid rise of PIED (Porn-Induced Erectile Dysfunction). Unlike traditional physical dysfunction, PIED is strictly neurological. The brain becomes so accustomed to extreme, high-speed visual stimulation on screens that it can no longer respond properly to a real human partner. Fortunately, abstaining from this content can reverse the neurological damage over several months.</p><h2>The Path to Real Intimacy</h2><p>Mental health professionals often draw striking parallels between the habitual streaming of adult videos and severe substance abuse. The unprecedented ease of access on smartphones means the 'drug' is literally always in your pocket. Over time, users find they need more extreme, shocking, or novel content to achieve the same baseline level of satisfaction, a classic hallmark of escalating behavioral addiction.</p><p><em>Educational Note: This article is designed to provide scientific, European-standard sex education and psychological insights regarding the consumption of adult materials.</em></p>",https://images.unsplash.com/photo-1493836512294-502baa1986e2?auto=format&fit=crop&w=800&q=80,2026-09-12T07:06:55.537Z,"Adult Streaming HD, Mental Health, Psychology, Education, Relationships"
"Searching for Adult Content Uncensored? The Unseen Effect on Intimate Relationships",searching-for-adult-content-uncensored-57-41588-94,"Looking for Adult Content Uncensored? Before you click, discover the unseen effect on intimate relationships in this comprehensive psychological deep-dive based on modern European educational standards.","<h2>The Reality Behind Your Search</h2><p>Mental health professionals often draw striking parallels between the habitual streaming of adult videos and severe substance abuse. The unprecedented ease of access on smartphones means the 'drug' is literally always in your pocket. Over time, users find they need more extreme, shocking, or novel content to achieve the same baseline level of satisfaction, a classic hallmark of escalating behavioral addiction.</p><h2>Understanding the Neurological Impact</h2><p>Beyond the well-documented neurological impacts, the profound ethical implications of the adult industry cannot be ignored. Millions of viewers remain completely unaware of the exploitative, unsafe practices frequently occurring behind the scenes. Educating yourself on the harsh realities of commercial production can often break the illusion and help individuals permanently detach from compulsive viewing habits.</p><h2>The Path to Real Intimacy</h2><p>The journey to recovery always starts with self-awareness. If you find yourself mindlessly scrolling through tube sites late at night, your brain is likely seeking a cheap escape from daily stress or loneliness. Consciously replacing this destructive habit with healthy coping mechanisms—such as regular exercise, mindfulness meditation, or genuine social interaction—is the critical first step toward reclaiming your mental clarity.</p><p><em>Educational Note: This article is designed to provide scientific, European-standard sex education and psychological insights regarding the consumption of adult materials.</em></p>",https://images.unsplash.com/photo-1499209974431-9dddcece7f88?auto=format&fit=crop&w=800&q=80,2026-07-17T17:18:43.622Z,"Adult Content Uncensored, Mental Health, Psychology, Education, Relationships"
"Searching for Best Adult Sites? How Your Brain Changes After 30 Days",searching-for-best-adult-sites-58-41588-752,"Looking for Best Adult Sites? Before you click, discover how your brain changes after 30 days in this comprehensive psychological deep-dive based on modern European educational standards.","<h2>The Reality Behind Your Search</h2><p>One of the most alarming clinical trends identified by psychologists today is the rapid rise of PIED (Porn-Induced Erectile Dysfunction). Unlike traditional physical dysfunction, PIED is strictly neurological. The brain becomes so accustomed to extreme, high-speed visual stimulation on screens that it can no longer respond properly to a real human partner. Fortunately, abstaining from this content can reverse the neurological damage over several months.</p><h2>Understanding the Neurological Impact</h2><p>Beyond the well-documented neurological impacts, the profound ethical implications of the adult industry cannot be ignored. Millions of viewers remain completely unaware of the exploitative, unsafe practices frequently occurring behind the scenes. Educating yourself on the harsh realities of commercial production can often break the illusion and help individuals permanently detach from compulsive viewing habits.</p><h2>The Path to Real Intimacy</h2><p>One of the most alarming clinical trends identified by psychologists today is the rapid rise of PIED (Porn-Induced Erectile Dysfunction). Unlike traditional physical dysfunction, PIED is strictly neurological. The brain becomes so accustomed to extreme, high-speed visual stimulation on screens that it can no longer respond properly to a real human partner. Fortunately, abstaining from this content can reverse the neurological damage over several months.</p><p><em>Educational Note: This article is designed to provide scientific, European-standard sex education and psychological insights regarding the consumption of adult materials.</em></p>",https://images.unsplash.com/photo-1505506874110-6a7a6c9924cb?auto=format&fit=crop&w=800&q=80,2026-08-06T00:01:44.387Z,"Best Adult Sites, Mental Health, Psychology, Education, Relationships"
"Searching for Online Adult Streaming? The Dark Reality Behind the Adult Industry",searching-for-online-adult-streaming-59-41588-104,"Looking for Online Adult Streaming? Before you click, discover the dark reality behind the adult industry in this comprehensive psychological deep-dive based on modern European educational standards.","<h2>The Reality Behind Your Search</h2><p>Building real intimacy requires deep vulnerability, emotional patience, and authentic connection—three crucial elements completely absent in synthetic, on-demand adult content. By constantly rewiring the brain to expect instant, zero-effort gratification, individuals slowly lose their natural capacity to navigate the beautiful complexities of genuine human relationships.</p><h2>Understanding the Neurological Impact</h2><p>Beyond the well-documented neurological impacts, the profound ethical implications of the adult industry cannot be ignored. Millions of viewers remain completely unaware of the exploitative, unsafe practices frequently occurring behind the scenes. Educating yourself on the harsh realities of commercial production can often break the illusion and help individuals permanently detach from compulsive viewing habits.</p><h2>The Path to Real Intimacy</h2><p>Building real intimacy requires deep vulnerability, emotional patience, and authentic connection—three crucial elements completely absent in synthetic, on-demand adult content. By constantly rewiring the brain to expect instant, zero-effort gratification, individuals slowly lose their natural capacity to navigate the beautiful complexities of genuine human relationships.</p><p><em>Educational Note: This article is designed to provide scientific, European-standard sex education and psychological insights regarding the consumption of adult materials.</em></p>",https://images.unsplash.com/photo-1520607162513-77705c0f0d4a?auto=format&fit=crop&w=800&q=80,2026-06-26T23:58:11.036Z,"Online Adult Streaming, Mental Health, Psychology, Education, Relationships"
"Searching for Exclusive Adult Entertainment? Why It Can Lead to Erectile Dysfunction in Men",searching-for-exclusive-adult-entertainment-60-41588-486,"Looking for Exclusive Adult Entertainment? Before you click, discover why it can lead to erectile dysfunction in men in this comprehensive psychological deep-dive based on modern European educational standards.","<h2>The Reality Behind Your Search</h2><p>One of the most alarming clinical trends identified by psychologists today is the rapid rise of PIED (Porn-Induced Erectile Dysfunction). Unlike traditional physical dysfunction, PIED is strictly neurological. The brain becomes so accustomed to extreme, high-speed visual stimulation on screens that it can no longer respond properly to a real human partner. Fortunately, abstaining from this content can reverse the neurological damage over several months.</p><h2>Understanding the Neurological Impact</h2><p>The journey to recovery always starts with self-awareness. If you find yourself mindlessly scrolling through tube sites late at night, your brain is likely seeking a cheap escape from daily stress or loneliness. Consciously replacing this destructive habit with healthy coping mechanisms—such as regular exercise, mindfulness meditation, or genuine social interaction—is the critical first step toward reclaiming your mental clarity.</p><h2>The Path to Real Intimacy</h2><p>Leading European sex educators continually emphasize the importance of distinguishing between digital fantasy and physical reality. The adult industry often portrays highly choreographed, unrealistic scenarios that create false, toxic expectations for real-world intimacy. When individuals attempt to translate these extreme fantasies into their personal lives, it inevitably leads to disappointment and relationship friction.</p><p><em>Educational Note: This article is designed to provide scientific, European-standard sex education and psychological insights regarding the consumption of adult materials.</em></p>",https://images.unsplash.com/photo-1559650656-5d1d361ad10e?auto=format&fit=crop&w=800&q=80,2026-06-09T08:25:57.201Z,"Exclusive Adult Entertainment, Mental Health, Psychology, Education, Relationships"
"Searching for XXX Movies HD? The Connection Between Adult Content and Anxiety",searching-for-xxx-movies-hd-61-41588-690,"Looking for XXX Movies HD? Before you click, discover the connection between adult content and anxiety in this comprehensive psychological deep-dive based on modern European educational standards.","<h2>The Reality Behind Your Search</h2><p>Beyond the well-documented neurological impacts, the profound ethical implications of the adult industry cannot be ignored. Millions of viewers remain completely unaware of the exploitative, unsafe practices frequently occurring behind the scenes. Educating yourself on the harsh realities of commercial production can often break the illusion and help individuals permanently detach from compulsive viewing habits.</p><h2>Understanding the Neurological Impact</h2><p>One of the most alarming clinical trends identified by psychologists today is the rapid rise of PIED (Porn-Induced Erectile Dysfunction). Unlike traditional physical dysfunction, PIED is strictly neurological. The brain becomes so accustomed to extreme, high-speed visual stimulation on screens that it can no longer respond properly to a real human partner. Fortunately, abstaining from this content can reverse the neurological damage over several months.</p><h2>The Path to Real Intimacy</h2><p>Building real intimacy requires deep vulnerability, emotional patience, and authentic connection—three crucial elements completely absent in synthetic, on-demand adult content. By constantly rewiring the brain to expect instant, zero-effort gratification, individuals slowly lose their natural capacity to navigate the beautiful complexities of genuine human relationships.</p><p><em>Educational Note: This article is designed to provide scientific, European-standard sex education and psychological insights regarding the consumption of adult materials.</em></p>",https://images.unsplash.com/photo-1550831107-1553da8c8464?auto=format&fit=crop&w=800&q=80,2026-07-24T10:41:15.681Z,"XXX Movies HD, Mental Health, Psychology, Education, Relationships"
"Searching for Premium Sex Tube? The Unseen Effect on Intimate Relationships",searching-for-premium-sex-tube-62-41588-661,"Looking for Premium Sex Tube? Before you click, discover the unseen effect on intimate relationships in this comprehensive psychological deep-dive based on modern European educational standards.","<h2>The Reality Behind Your Search</h2><p>Mental health professionals often draw striking parallels between the habitual streaming of adult videos and severe substance abuse. The unprecedented ease of access on smartphones means the 'drug' is literally always in your pocket. Over time, users find they need more extreme, shocking, or novel content to achieve the same baseline level of satisfaction, a classic hallmark of escalating behavioral addiction.</p><h2>Understanding the Neurological Impact</h2><p>One of the most alarming clinical trends identified by psychologists today is the rapid rise of PIED (Porn-Induced Erectile Dysfunction). Unlike traditional physical dysfunction, PIED is strictly neurological. The brain becomes so accustomed to extreme, high-speed visual stimulation on screens that it can no longer respond properly to a real human partner. Fortunately, abstaining from this content can reverse the neurological damage over several months.</p><h2>The Path to Real Intimacy</h2><p>In recent years, modern neuroscientists have discovered that excessive consumption of high-stimulation adult content drastically alters the brain's natural reward system. The constant flood of dopamine downregulates essential receptors, meaning everyday pleasures and hobbies no longer feel satisfying. This is often the hidden root cause of lethargy, anxiety, and a sudden lack of motivation in young adults.</p><p><em>Educational Note: This article is designed to provide scientific, European-standard sex education and psychological insights regarding the consumption of adult materials.</em></p>",https://images.unsplash.com/photo-1493836512294-502baa1986e2?auto=format&fit=crop&w=800&q=80,2026-08-26T06:05:56.969Z,"Premium Sex Tube, Mental Health, Psychology, Education, Relationships"
"Searching for Hot Adult Clips? The Unseen Effect on Intimate Relationships",searching-for-hot-adult-clips-63-41588-277,"Looking for Hot Adult Clips? Before you click, discover the unseen effect on intimate relationships in this comprehensive psychological deep-dive based on modern European educational standards.","<h2>The Reality Behind Your Search</h2><p>Mental health professionals often draw striking parallels between the habitual streaming of adult videos and severe substance abuse. The unprecedented ease of access on smartphones means the 'drug' is literally always in your pocket. Over time, users find they need more extreme, shocking, or novel content to achieve the same baseline level of satisfaction, a classic hallmark of escalating behavioral addiction.</p><h2>Understanding the Neurological Impact</h2><p>Leading European sex educators continually emphasize the importance of distinguishing between digital fantasy and physical reality. The adult industry often portrays highly choreographed, unrealistic scenarios that create false, toxic expectations for real-world intimacy. When individuals attempt to translate these extreme fantasies into their personal lives, it inevitably leads to disappointment and relationship friction.</p><h2>The Path to Real Intimacy</h2><p>The journey to recovery always starts with self-awareness. If you find yourself mindlessly scrolling through tube sites late at night, your brain is likely seeking a cheap escape from daily stress or loneliness. Consciously replacing this destructive habit with healthy coping mechanisms—such as regular exercise, mindfulness meditation, or genuine social interaction—is the critical first step toward reclaiming your mental clarity.</p><p><em>Educational Note: This article is designed to provide scientific, European-standard sex education and psychological insights regarding the consumption of adult materials.</em></p>",https://images.unsplash.com/photo-1499209974431-9dddcece7f88?auto=format&fit=crop&w=800&q=80,2026-07-31T17:04:28.446Z,"Hot Adult Clips, Mental Health, Psychology, Education, Relationships"
"Searching for Free Sex Videos HD? How Your Brain Changes After 30 Days",searching-for-free-sex-videos-hd-64-41588-251,"Looking for Free Sex Videos HD? Before you click, discover how your brain changes after 30 days in this comprehensive psychological deep-dive based on modern European educational standards.","<h2>The Reality Behind Your Search</h2><p>Beyond the well-documented neurological impacts, the profound ethical implications of the adult industry cannot be ignored. Millions of viewers remain completely unaware of the exploitative, unsafe practices frequently occurring behind the scenes. Educating yourself on the harsh realities of commercial production can often break the illusion and help individuals permanently detach from compulsive viewing habits.</p><h2>Understanding the Neurological Impact</h2><p>Leading European sex educators continually emphasize the importance of distinguishing between digital fantasy and physical reality. The adult industry often portrays highly choreographed, unrealistic scenarios that create false, toxic expectations for real-world intimacy. When individuals attempt to translate these extreme fantasies into their personal lives, it inevitably leads to disappointment and relationship friction.</p><h2>The Path to Real Intimacy</h2><p>Beyond the well-documented neurological impacts, the profound ethical implications of the adult industry cannot be ignored. Millions of viewers remain completely unaware of the exploitative, unsafe practices frequently occurring behind the scenes. Educating yourself on the harsh realities of commercial production can often break the illusion and help individuals permanently detach from compulsive viewing habits.</p><p><em>Educational Note: This article is designed to provide scientific, European-standard sex education and psychological insights regarding the consumption of adult materials.</em></p>",https://images.unsplash.com/photo-1505506874110-6a7a6c9924cb?auto=format&fit=crop&w=800&q=80,2026-09-24T08:00:49.245Z,"Free Sex Videos HD, Mental Health, Psychology, Education, Relationships"
"Searching for HD Adult Videos? The Psychological Cycle You Can't Escape",searching-for-hd-adult-videos-65-41588-482,"Looking for HD Adult Videos? Before you click, discover the psychological cycle you can't escape in this comprehensive psychological deep-dive based on modern European educational standards.","<h2>The Reality Behind Your Search</h2><p>Building real intimacy requires deep vulnerability, emotional patience, and authentic connection—three crucial elements completely absent in synthetic, on-demand adult content. By constantly rewiring the brain to expect instant, zero-effort gratification, individuals slowly lose their natural capacity to navigate the beautiful complexities of genuine human relationships.</p><h2>Understanding the Neurological Impact</h2><p>One of the most alarming clinical trends identified by psychologists today is the rapid rise of PIED (Porn-Induced Erectile Dysfunction). Unlike traditional physical dysfunction, PIED is strictly neurological. The brain becomes so accustomed to extreme, high-speed visual stimulation on screens that it can no longer respond properly to a real human partner. Fortunately, abstaining from this content can reverse the neurological damage over several months.</p><h2>The Path to Real Intimacy</h2><p>Building real intimacy requires deep vulnerability, emotional patience, and authentic connection—three crucial elements completely absent in synthetic, on-demand adult content. By constantly rewiring the brain to expect instant, zero-effort gratification, individuals slowly lose their natural capacity to navigate the beautiful complexities of genuine human relationships.</p><p><em>Educational Note: This article is designed to provide scientific, European-standard sex education and psychological insights regarding the consumption of adult materials.</em></p>",https://images.unsplash.com/photo-1520607162513-77705c0f0d4a?auto=format&fit=crop&w=800&q=80,2026-10-02T09:57:17.910Z,"HD Adult Videos, Mental Health, Psychology, Education, Relationships"
"Searching for Premium Adult Movies? The Science of Habit and Recovery",searching-for-premium-adult-movies-66-41588-587,"Looking for Premium Adult Movies? Before you click, discover the science of habit and recovery in this comprehensive psychological deep-dive based on modern European educational standards.","<h2>The Reality Behind Your Search</h2><p>Beyond the well-documented neurological impacts, the profound ethical implications of the adult industry cannot be ignored. Millions of viewers remain completely unaware of the exploitative, unsafe practices frequently occurring behind the scenes. Educating yourself on the harsh realities of commercial production can often break the illusion and help individuals permanently detach from compulsive viewing habits.</p><h2>Understanding the Neurological Impact</h2><p>Beyond the well-documented neurological impacts, the profound ethical implications of the adult industry cannot be ignored. Millions of viewers remain completely unaware of the exploitative, unsafe practices frequently occurring behind the scenes. Educating yourself on the harsh realities of commercial production can often break the illusion and help individuals permanently detach from compulsive viewing habits.</p><h2>The Path to Real Intimacy</h2><p>Beyond the well-documented neurological impacts, the profound ethical implications of the adult industry cannot be ignored. Millions of viewers remain completely unaware of the exploitative, unsafe practices frequently occurring behind the scenes. Educating yourself on the harsh realities of commercial production can often break the illusion and help individuals permanently detach from compulsive viewing habits.</p><p><em>Educational Note: This article is designed to provide scientific, European-standard sex education and psychological insights regarding the consumption of adult materials.</em></p>",https://images.unsplash.com/photo-1559650656-5d1d361ad10e?auto=format&fit=crop&w=800&q=80,2026-09-08T13:57:22.238Z,"Premium Adult Movies, Mental Health, Psychology, Education, Relationships"
"Searching for Top Adult Tube? How Your Brain Changes After 30 Days",searching-for-top-adult-tube-67-41588-104,"Looking for Top Adult Tube? Before you click, discover how your brain changes after 30 days in this comprehensive psychological deep-dive based on modern European educational standards.","<h2>The Reality Behind Your Search</h2><p>The journey to recovery always starts with self-awareness. If you find yourself mindlessly scrolling through tube sites late at night, your brain is likely seeking a cheap escape from daily stress or loneliness. Consciously replacing this destructive habit with healthy coping mechanisms—such as regular exercise, mindfulness meditation, or genuine social interaction—is the critical first step toward reclaiming your mental clarity.</p><h2>Understanding the Neurological Impact</h2><p>In recent years, modern neuroscientists have discovered that excessive consumption of high-stimulation adult content drastically alters the brain's natural reward system. The constant flood of dopamine downregulates essential receptors, meaning everyday pleasures and hobbies no longer feel satisfying. This is often the hidden root cause of lethargy, anxiety, and a sudden lack of motivation in young adults.</p><h2>The Path to Real Intimacy</h2><p>In recent years, modern neuroscientists have discovered that excessive consumption of high-stimulation adult content drastically alters the brain's natural reward system. The constant flood of dopamine downregulates essential receptors, meaning everyday pleasures and hobbies no longer feel satisfying. This is often the hidden root cause of lethargy, anxiety, and a sudden lack of motivation in young adults.</p><p><em>Educational Note: This article is designed to provide scientific, European-standard sex education and psychological insights regarding the consumption of adult materials.</em></p>",https://images.unsplash.com/photo-1550831107-1553da8c8464?auto=format&fit=crop&w=800&q=80,2026-08-29T02:54:48.945Z,"Top Adult Tube, Mental Health, Psychology, Education, Relationships"
"Searching for Free Adult Clips? How It Distorts Your Expectations of Real Intimacy",searching-for-free-adult-clips-68-41588-684,"Looking for Free Adult Clips? Before you click, discover how it distorts your expectations of real intimacy in this comprehensive psychological deep-dive based on modern European educational standards.","<h2>The Reality Behind Your Search</h2><p>In recent years, modern neuroscientists have discovered that excessive consumption of high-stimulation adult content drastically alters the brain's natural reward system. The constant flood of dopamine downregulates essential receptors, meaning everyday pleasures and hobbies no longer feel satisfying. This is often the hidden root cause of lethargy, anxiety, and a sudden lack of motivation in young adults.</p><h2>Understanding the Neurological Impact</h2><p>Beyond the well-documented neurological impacts, the profound ethical implications of the adult industry cannot be ignored. Millions of viewers remain completely unaware of the exploitative, unsafe practices frequently occurring behind the scenes. Educating yourself on the harsh realities of commercial production can often break the illusion and help individuals permanently detach from compulsive viewing habits.</p><h2>The Path to Real Intimacy</h2><p>Building real intimacy requires deep vulnerability, emotional patience, and authentic connection—three crucial elements completely absent in synthetic, on-demand adult content. By constantly rewiring the brain to expect instant, zero-effort gratification, individuals slowly lose their natural capacity to navigate the beautiful complexities of genuine human relationships.</p><p><em>Educational Note: This article is designed to provide scientific, European-standard sex education and psychological insights regarding the consumption of adult materials.</em></p>",https://images.unsplash.com/photo-1493836512294-502baa1986e2?auto=format&fit=crop&w=800&q=80,2026-08-15T05:41:28.098Z,"Free Adult Clips, Mental Health, Psychology, Education, Relationships"
"Searching for Adult Streaming HD? The Psychological Cycle You Can't Escape",searching-for-adult-streaming-hd-69-41588-939,"Looking for Adult Streaming HD? Before you click, discover the psychological cycle you can't escape in this comprehensive psychological deep-dive based on modern European educational standards.","<h2>The Reality Behind Your Search</h2><p>Mental health professionals often draw striking parallels between the habitual streaming of adult videos and severe substance abuse. The unprecedented ease of access on smartphones means the 'drug' is literally always in your pocket. Over time, users find they need more extreme, shocking, or novel content to achieve the same baseline level of satisfaction, a classic hallmark of escalating behavioral addiction.</p><h2>Understanding the Neurological Impact</h2><p>In recent years, modern neuroscientists have discovered that excessive consumption of high-stimulation adult content drastically alters the brain's natural reward system. The constant flood of dopamine downregulates essential receptors, meaning everyday pleasures and hobbies no longer feel satisfying. This is often the hidden root cause of lethargy, anxiety, and a sudden lack of motivation in young adults.</p><h2>The Path to Real Intimacy</h2><p>Building real intimacy requires deep vulnerability, emotional patience, and authentic connection—three crucial elements completely absent in synthetic, on-demand adult content. By constantly rewiring the brain to expect instant, zero-effort gratification, individuals slowly lose their natural capacity to navigate the beautiful complexities of genuine human relationships.</p><p><em>Educational Note: This article is designed to provide scientific, European-standard sex education and psychological insights regarding the consumption of adult materials.</em></p>",https://images.unsplash.com/photo-1499209974431-9dddcece7f88?auto=format&fit=crop&w=800&q=80,2026-08-31T23:20:38.206Z,"Adult Streaming HD, Mental Health, Psychology, Education, Relationships"
"Searching for Adult Content Uncensored? The Unseen Effect on Intimate Relationships",searching-for-adult-content-uncensored-70-41588-309,"Looking for Adult Content Uncensored? Before you click, discover the unseen effect on intimate relationships in this comprehensive psychological deep-dive based on modern European educational standards.","<h2>The Reality Behind Your Search</h2><p>One of the most alarming clinical trends identified by psychologists today is the rapid rise of PIED (Porn-Induced Erectile Dysfunction). Unlike traditional physical dysfunction, PIED is strictly neurological. The brain becomes so accustomed to extreme, high-speed visual stimulation on screens that it can no longer respond properly to a real human partner. Fortunately, abstaining from this content can reverse the neurological damage over several months.</p><h2>Understanding the Neurological Impact</h2><p>In recent years, modern neuroscientists have discovered that excessive consumption of high-stimulation adult content drastically alters the brain's natural reward system. The constant flood of dopamine downregulates essential receptors, meaning everyday pleasures and hobbies no longer feel satisfying. This is often the hidden root cause of lethargy, anxiety, and a sudden lack of motivation in young adults.</p><h2>The Path to Real Intimacy</h2><p>Building real intimacy requires deep vulnerability, emotional patience, and authentic connection—three crucial elements completely absent in synthetic, on-demand adult content. By constantly rewiring the brain to expect instant, zero-effort gratification, individuals slowly lose their natural capacity to navigate the beautiful complexities of genuine human relationships.</p><p><em>Educational Note: This article is designed to provide scientific, European-standard sex education and psychological insights regarding the consumption of adult materials.</em></p>",https://images.unsplash.com/photo-1505506874110-6a7a6c9924cb?auto=format&fit=crop&w=800&q=80,2026-06-29T19:51:27.398Z,"Adult Content Uncensored, Mental Health, Psychology, Education, Relationships"
"Searching for Best Adult Sites? Why It Can Lead to Erectile Dysfunction in Men",searching-for-best-adult-sites-71-41588-735,"Looking for Best Adult Sites? Before you click, discover why it can lead to erectile dysfunction in men in this comprehensive psychological deep-dive based on modern European educational standards.","<h2>The Reality Behind Your Search</h2><p>Leading European sex educators continually emphasize the importance of distinguishing between digital fantasy and physical reality. The adult industry often portrays highly choreographed, unrealistic scenarios that create false, toxic expectations for real-world intimacy. When individuals attempt to translate these extreme fantasies into their personal lives, it inevitably leads to disappointment and relationship friction.</p><h2>Understanding the Neurological Impact</h2><p>The journey to recovery always starts with self-awareness. If you find yourself mindlessly scrolling through tube sites late at night, your brain is likely seeking a cheap escape from daily stress or loneliness. Consciously replacing this destructive habit with healthy coping mechanisms—such as regular exercise, mindfulness meditation, or genuine social interaction—is the critical first step toward reclaiming your mental clarity.</p><h2>The Path to Real Intimacy</h2><p>In recent years, modern neuroscientists have discovered that excessive consumption of high-stimulation adult content drastically alters the brain's natural reward system. The constant flood of dopamine downregulates essential receptors, meaning everyday pleasures and hobbies no longer feel satisfying. This is often the hidden root cause of lethargy, anxiety, and a sudden lack of motivation in young adults.</p><p><em>Educational Note: This article is designed to provide scientific, European-standard sex education and psychological insights regarding the consumption of adult materials.</em></p>",https://images.unsplash.com/photo-1520607162513-77705c0f0d4a?auto=format&fit=crop&w=800&q=80,2026-09-09T16:48:39.024Z,"Best Adult Sites, Mental Health, Psychology, Education, Relationships"
"Searching for Online Adult Streaming? The Psychological Cycle You Can't Escape",searching-for-online-adult-streaming-72-41588-907,"Looking for Online Adult Streaming? Before you click, discover the psychological cycle you can't escape in this comprehensive psychological deep-dive based on modern European educational standards.","<h2>The Reality Behind Your Search</h2><p>In recent years, modern neuroscientists have discovered that excessive consumption of high-stimulation adult content drastically alters the brain's natural reward system. The constant flood of dopamine downregulates essential receptors, meaning everyday pleasures and hobbies no longer feel satisfying. This is often the hidden root cause of lethargy, anxiety, and a sudden lack of motivation in young adults.</p><h2>Understanding the Neurological Impact</h2><p>Mental health professionals often draw striking parallels between the habitual streaming of adult videos and severe substance abuse. The unprecedented ease of access on smartphones means the 'drug' is literally always in your pocket. Over time, users find they need more extreme, shocking, or novel content to achieve the same baseline level of satisfaction, a classic hallmark of escalating behavioral addiction.</p><h2>The Path to Real Intimacy</h2><p>Mental health professionals often draw striking parallels between the habitual streaming of adult videos and severe substance abuse. The unprecedented ease of access on smartphones means the 'drug' is literally always in your pocket. Over time, users find they need more extreme, shocking, or novel content to achieve the same baseline level of satisfaction, a classic hallmark of escalating behavioral addiction.</p><p><em>Educational Note: This article is designed to provide scientific, European-standard sex education and psychological insights regarding the consumption of adult materials.</em></p>",https://images.unsplash.com/photo-1559650656-5d1d361ad10e?auto=format&fit=crop&w=800&q=80,2026-06-14T15:43:05.945Z,"Online Adult Streaming, Mental Health, Psychology, Education, Relationships"
"Searching for Exclusive Adult Entertainment? The Dark Reality Behind the Adult Industry",searching-for-exclusive-adult-entertainment-73-41588-628,"Looking for Exclusive Adult Entertainment? Before you click, discover the dark reality behind the adult industry in this comprehensive psychological deep-dive based on modern European educational standards.","<h2>The Reality Behind Your Search</h2><p>Leading European sex educators continually emphasize the importance of distinguishing between digital fantasy and physical reality. The adult industry often portrays highly choreographed, unrealistic scenarios that create false, toxic expectations for real-world intimacy. When individuals attempt to translate these extreme fantasies into their personal lives, it inevitably leads to disappointment and relationship friction.</p><h2>Understanding the Neurological Impact</h2><p>Leading European sex educators continually emphasize the importance of distinguishing between digital fantasy and physical reality. The adult industry often portrays highly choreographed, unrealistic scenarios that create false, toxic expectations for real-world intimacy. When individuals attempt to translate these extreme fantasies into their personal lives, it inevitably leads to disappointment and relationship friction.</p><h2>The Path to Real Intimacy</h2><p>Building real intimacy requires deep vulnerability, emotional patience, and authentic connection—three crucial elements completely absent in synthetic, on-demand adult content. By constantly rewiring the brain to expect instant, zero-effort gratification, individuals slowly lose their natural capacity to navigate the beautiful complexities of genuine human relationships.</p><p><em>Educational Note: This article is designed to provide scientific, European-standard sex education and psychological insights regarding the consumption of adult materials.</em></p>",https://images.unsplash.com/photo-1550831107-1553da8c8464?auto=format&fit=crop&w=800&q=80,2026-06-10T19:04:30.392Z,"Exclusive Adult Entertainment, Mental Health, Psychology, Education, Relationships"
"Searching for XXX Movies HD? Why It Can Lead to Erectile Dysfunction in Men",searching-for-xxx-movies-hd-74-41588-554,"Looking for XXX Movies HD? Before you click, discover why it can lead to erectile dysfunction in men in this comprehensive psychological deep-dive based on modern European educational standards.","<h2>The Reality Behind Your Search</h2><p>Mental health professionals often draw striking parallels between the habitual streaming of adult videos and severe substance abuse. The unprecedented ease of access on smartphones means the 'drug' is literally always in your pocket. Over time, users find they need more extreme, shocking, or novel content to achieve the same baseline level of satisfaction, a classic hallmark of escalating behavioral addiction.</p><h2>Understanding the Neurological Impact</h2><p>Beyond the well-documented neurological impacts, the profound ethical implications of the adult industry cannot be ignored. Millions of viewers remain completely unaware of the exploitative, unsafe practices frequently occurring behind the scenes. Educating yourself on the harsh realities of commercial production can often break the illusion and help individuals permanently detach from compulsive viewing habits.</p><h2>The Path to Real Intimacy</h2><p>Beyond the well-documented neurological impacts, the profound ethical implications of the adult industry cannot be ignored. Millions of viewers remain completely unaware of the exploitative, unsafe practices frequently occurring behind the scenes. Educating yourself on the harsh realities of commercial production can often break the illusion and help individuals permanently detach from compulsive viewing habits.</p><p><em>Educational Note: This article is designed to provide scientific, European-standard sex education and psychological insights regarding the consumption of adult materials.</em></p>",https://images.unsplash.com/photo-1493836512294-502baa1986e2?auto=format&fit=crop&w=800&q=80,2026-09-01T02:20:00.267Z,"XXX Movies HD, Mental Health, Psychology, Education, Relationships"
"Searching for Premium Sex Tube? How Your Brain Changes After 30 Days",searching-for-premium-sex-tube-75-41588-696,"Looking for Premium Sex Tube? Before you click, discover how your brain changes after 30 days in this comprehensive psychological deep-dive based on modern European educational standards.","<h2>The Reality Behind Your Search</h2><p>Leading European sex educators continually emphasize the importance of distinguishing between digital fantasy and physical reality. The adult industry often portrays highly choreographed, unrealistic scenarios that create false, toxic expectations for real-world intimacy. When individuals attempt to translate these extreme fantasies into their personal lives, it inevitably leads to disappointment and relationship friction.</p><h2>Understanding the Neurological Impact</h2><p>One of the most alarming clinical trends identified by psychologists today is the rapid rise of PIED (Porn-Induced Erectile Dysfunction). Unlike traditional physical dysfunction, PIED is strictly neurological. The brain becomes so accustomed to extreme, high-speed visual stimulation on screens that it can no longer respond properly to a real human partner. Fortunately, abstaining from this content can reverse the neurological damage over several months.</p><h2>The Path to Real Intimacy</h2><p>One of the most alarming clinical trends identified by psychologists today is the rapid rise of PIED (Porn-Induced Erectile Dysfunction). Unlike traditional physical dysfunction, PIED is strictly neurological. The brain becomes so accustomed to extreme, high-speed visual stimulation on screens that it can no longer respond properly to a real human partner. Fortunately, abstaining from this content can reverse the neurological damage over several months.</p><p><em>Educational Note: This article is designed to provide scientific, European-standard sex education and psychological insights regarding the consumption of adult materials.</em></p>",https://images.unsplash.com/photo-1499209974431-9dddcece7f88?auto=format&fit=crop&w=800&q=80,2026-06-15T13:46:04.999Z,"Premium Sex Tube, Mental Health, Psychology, Education, Relationships"
"Searching for Hot Adult Clips? How It Distorts Your Expectations of Real Intimacy",searching-for-hot-adult-clips-76-41588-637,"Looking for Hot Adult Clips? Before you click, discover how it distorts your expectations of real intimacy in this comprehensive psychological deep-dive based on modern European educational standards.","<h2>The Reality Behind Your Search</h2><p>The journey to recovery always starts with self-awareness. If you find yourself mindlessly scrolling through tube sites late at night, your brain is likely seeking a cheap escape from daily stress or loneliness. Consciously replacing this destructive habit with healthy coping mechanisms—such as regular exercise, mindfulness meditation, or genuine social interaction—is the critical first step toward reclaiming your mental clarity.</p><h2>Understanding the Neurological Impact</h2><p>The journey to recovery always starts with self-awareness. If you find yourself mindlessly scrolling through tube sites late at night, your brain is likely seeking a cheap escape from daily stress or loneliness. Consciously replacing this destructive habit with healthy coping mechanisms—such as regular exercise, mindfulness meditation, or genuine social interaction—is the critical first step toward reclaiming your mental clarity.</p><h2>The Path to Real Intimacy</h2><p>The journey to recovery always starts with self-awareness. If you find yourself mindlessly scrolling through tube sites late at night, your brain is likely seeking a cheap escape from daily stress or loneliness. Consciously replacing this destructive habit with healthy coping mechanisms—such as regular exercise, mindfulness meditation, or genuine social interaction—is the critical first step toward reclaiming your mental clarity.</p><p><em>Educational Note: This article is designed to provide scientific, European-standard sex education and psychological insights regarding the consumption of adult materials.</em></p>",https://images.unsplash.com/photo-1505506874110-6a7a6c9924cb?auto=format&fit=crop&w=800&q=80,2026-06-20T11:33:29.111Z,"Hot Adult Clips, Mental Health, Psychology, Education, Relationships"
"Searching for Free Sex Videos HD? The Unseen Effect on Intimate Relationships",searching-for-free-sex-videos-hd-77-41588-108,"Looking for Free Sex Videos HD? Before you click, discover the unseen effect on intimate relationships in this comprehensive psychological deep-dive based on modern European educational standards.","<h2>The Reality Behind Your Search</h2><p>Building real intimacy requires deep vulnerability, emotional patience, and authentic connection—three crucial elements completely absent in synthetic, on-demand adult content. By constantly rewiring the brain to expect instant, zero-effort gratification, individuals slowly lose their natural capacity to navigate the beautiful complexities of genuine human relationships.</p><h2>Understanding the Neurological Impact</h2><p>Beyond the well-documented neurological impacts, the profound ethical implications of the adult industry cannot be ignored. Millions of viewers remain completely unaware of the exploitative, unsafe practices frequently occurring behind the scenes. Educating yourself on the harsh realities of commercial production can often break the illusion and help individuals permanently detach from compulsive viewing habits.</p><h2>The Path to Real Intimacy</h2><p>One of the most alarming clinical trends identified by psychologists today is the rapid rise of PIED (Porn-Induced Erectile Dysfunction). Unlike traditional physical dysfunction, PIED is strictly neurological. The brain becomes so accustomed to extreme, high-speed visual stimulation on screens that it can no longer respond properly to a real human partner. Fortunately, abstaining from this content can reverse the neurological damage over several months.</p><p><em>Educational Note: This article is designed to provide scientific, European-standard sex education and psychological insights regarding the consumption of adult materials.</em></p>",https://images.unsplash.com/photo-1520607162513-77705c0f0d4a?auto=format&fit=crop&w=800&q=80,2026-09-26T09:03:24.107Z,"Free Sex Videos HD, Mental Health, Psychology, Education, Relationships"
"Searching for HD Adult Videos? The Psychological Cycle You Can't Escape",searching-for-hd-adult-videos-78-41588-858,"Looking for HD Adult Videos? Before you click, discover the psychological cycle you can't escape in this comprehensive psychological deep-dive based on modern European educational standards.","<h2>The Reality Behind Your Search</h2><p>Building real intimacy requires deep vulnerability, emotional patience, and authentic connection—three crucial elements completely absent in synthetic, on-demand adult content. By constantly rewiring the brain to expect instant, zero-effort gratification, individuals slowly lose their natural capacity to navigate the beautiful complexities of genuine human relationships.</p><h2>Understanding the Neurological Impact</h2><p>One of the most alarming clinical trends identified by psychologists today is the rapid rise of PIED (Porn-Induced Erectile Dysfunction). Unlike traditional physical dysfunction, PIED is strictly neurological. The brain becomes so accustomed to extreme, high-speed visual stimulation on screens that it can no longer respond properly to a real human partner. Fortunately, abstaining from this content can reverse the neurological damage over several months.</p><h2>The Path to Real Intimacy</h2><p>Leading European sex educators continually emphasize the importance of distinguishing between digital fantasy and physical reality. The adult industry often portrays highly choreographed, unrealistic scenarios that create false, toxic expectations for real-world intimacy. When individuals attempt to translate these extreme fantasies into their personal lives, it inevitably leads to disappointment and relationship friction.</p><p><em>Educational Note: This article is designed to provide scientific, European-standard sex education and psychological insights regarding the consumption of adult materials.</em></p>",https://images.unsplash.com/photo-1559650656-5d1d361ad10e?auto=format&fit=crop&w=800&q=80,2026-07-20T15:54:43.957Z,"HD Adult Videos, Mental Health, Psychology, Education, Relationships"
"Searching for Premium Adult Movies? How It Impacts Your Dopamine Levels",searching-for-premium-adult-movies-79-41588-644,"Looking for Premium Adult Movies? Before you click, discover how it impacts your dopamine levels in this comprehensive psychological deep-dive based on modern European educational standards.","<h2>The Reality Behind Your Search</h2><p>In recent years, modern neuroscientists have discovered that excessive consumption of high-stimulation adult content drastically alters the brain's natural reward system. The constant flood of dopamine downregulates essential receptors, meaning everyday pleasures and hobbies no longer feel satisfying. This is often the hidden root cause of lethargy, anxiety, and a sudden lack of motivation in young adults.</p><h2>Understanding the Neurological Impact</h2><p>The journey to recovery always starts with self-awareness. If you find yourself mindlessly scrolling through tube sites late at night, your brain is likely seeking a cheap escape from daily stress or loneliness. Consciously replacing this destructive habit with healthy coping mechanisms—such as regular exercise, mindfulness meditation, or genuine social interaction—is the critical first step toward reclaiming your mental clarity.</p><h2>The Path to Real Intimacy</h2><p>The journey to recovery always starts with self-awareness. If you find yourself mindlessly scrolling through tube sites late at night, your brain is likely seeking a cheap escape from daily stress or loneliness. Consciously replacing this destructive habit with healthy coping mechanisms—such as regular exercise, mindfulness meditation, or genuine social interaction—is the critical first step toward reclaiming your mental clarity.</p><p><em>Educational Note: This article is designed to provide scientific, European-standard sex education and psychological insights regarding the consumption of adult materials.</em></p>",https://images.unsplash.com/photo-1550831107-1553da8c8464?auto=format&fit=crop&w=800&q=80,2026-08-31T21:24:18.940Z,"Premium Adult Movies, Mental Health, Psychology, Education, Relationships"
"Searching for Top Adult Tube? How It Impacts Your Dopamine Levels",searching-for-top-adult-tube-80-41588-509,"Looking for Top Adult Tube? Before you click, discover how it impacts your dopamine levels in this comprehensive psychological deep-dive based on modern European educational standards.","<h2>The Reality Behind Your Search</h2><p>In recent years, modern neuroscientists have discovered that excessive consumption of high-stimulation adult content drastically alters the brain's natural reward system. The constant flood of dopamine downregulates essential receptors, meaning everyday pleasures and hobbies no longer feel satisfying. This is often the hidden root cause of lethargy, anxiety, and a sudden lack of motivation in young adults.</p><h2>Understanding the Neurological Impact</h2><p>The journey to recovery always starts with self-awareness. If you find yourself mindlessly scrolling through tube sites late at night, your brain is likely seeking a cheap escape from daily stress or loneliness. Consciously replacing this destructive habit with healthy coping mechanisms—such as regular exercise, mindfulness meditation, or genuine social interaction—is the critical first step toward reclaiming your mental clarity.</p><h2>The Path to Real Intimacy</h2><p>Beyond the well-documented neurological impacts, the profound ethical implications of the adult industry cannot be ignored. Millions of viewers remain completely unaware of the exploitative, unsafe practices frequently occurring behind the scenes. Educating yourself on the harsh realities of commercial production can often break the illusion and help individuals permanently detach from compulsive viewing habits.</p><p><em>Educational Note: This article is designed to provide scientific, European-standard sex education and psychological insights regarding the consumption of adult materials.</em></p>",https://images.unsplash.com/photo-1493836512294-502baa1986e2?auto=format&fit=crop&w=800&q=80,2026-09-01T08:47:19.806Z,"Top Adult Tube, Mental Health, Psychology, Education, Relationships"
"Searching for Free Adult Clips? The Unseen Effect on Intimate Relationships",searching-for-free-adult-clips-81-41588-451,"Looking for Free Adult Clips? Before you click, discover the unseen effect on intimate relationships in this comprehensive psychological deep-dive based on modern European educational standards.","<h2>The Reality Behind Your Search</h2><p>In recent years, modern neuroscientists have discovered that excessive consumption of high-stimulation adult content drastically alters the brain's natural reward system. The constant flood of dopamine downregulates essential receptors, meaning everyday pleasures and hobbies no longer feel satisfying. This is often the hidden root cause of lethargy, anxiety, and a sudden lack of motivation in young adults.</p><h2>Understanding the Neurological Impact</h2><p>The journey to recovery always starts with self-awareness. If you find yourself mindlessly scrolling through tube sites late at night, your brain is likely seeking a cheap escape from daily stress or loneliness. Consciously replacing this destructive habit with healthy coping mechanisms—such as regular exercise, mindfulness meditation, or genuine social interaction—is the critical first step toward reclaiming your mental clarity.</p><h2>The Path to Real Intimacy</h2><p>In recent years, modern neuroscientists have discovered that excessive consumption of high-stimulation adult content drastically alters the brain's natural reward system. The constant flood of dopamine downregulates essential receptors, meaning everyday pleasures and hobbies no longer feel satisfying. This is often the hidden root cause of lethargy, anxiety, and a sudden lack of motivation in young adults.</p><p><em>Educational Note: This article is designed to provide scientific, European-standard sex education and psychological insights regarding the consumption of adult materials.</em></p>",https://images.unsplash.com/photo-1499209974431-9dddcece7f88?auto=format&fit=crop&w=800&q=80,2026-09-26T10:13:52.401Z,"Free Adult Clips, Mental Health, Psychology, Education, Relationships"
"Searching for Adult Streaming HD? Why It Lowers Your Daily Productivity",searching-for-adult-streaming-hd-82-41588-924,"Looking for Adult Streaming HD? Before you click, discover why it lowers your daily productivity in this comprehensive psychological deep-dive based on modern European educational standards.","<h2>The Reality Behind Your Search</h2><p>Mental health professionals often draw striking parallels between the habitual streaming of adult videos and severe substance abuse. The unprecedented ease of access on smartphones means the 'drug' is literally always in your pocket. Over time, users find they need more extreme, shocking, or novel content to achieve the same baseline level of satisfaction, a classic hallmark of escalating behavioral addiction.</p><h2>Understanding the Neurological Impact</h2><p>One of the most alarming clinical trends identified by psychologists today is the rapid rise of PIED (Porn-Induced Erectile Dysfunction). Unlike traditional physical dysfunction, PIED is strictly neurological. The brain becomes so accustomed to extreme, high-speed visual stimulation on screens that it can no longer respond properly to a real human partner. Fortunately, abstaining from this content can reverse the neurological damage over several months.</p><h2>The Path to Real Intimacy</h2><p>The journey to recovery always starts with self-awareness. If you find yourself mindlessly scrolling through tube sites late at night, your brain is likely seeking a cheap escape from daily stress or loneliness. Consciously replacing this destructive habit with healthy coping mechanisms—such as regular exercise, mindfulness meditation, or genuine social interaction—is the critical first step toward reclaiming your mental clarity.</p><p><em>Educational Note: This article is designed to provide scientific, European-standard sex education and psychological insights regarding the consumption of adult materials.</em></p>",https://images.unsplash.com/photo-1505506874110-6a7a6c9924cb?auto=format&fit=crop&w=800&q=80,2026-08-26T14:38:34.361Z,"Adult Streaming HD, Mental Health, Psychology, Education, Relationships"
"Searching for Adult Content Uncensored? Why It Can Lead to Erectile Dysfunction in Men",searching-for-adult-content-uncensored-83-41588-362,"Looking for Adult Content Uncensored? Before you click, discover why it can lead to erectile dysfunction in men in this comprehensive psychological deep-dive based on modern European educational standards.","<h2>The Reality Behind Your Search</h2><p>One of the most alarming clinical trends identified by psychologists today is the rapid rise of PIED (Porn-Induced Erectile Dysfunction). Unlike traditional physical dysfunction, PIED is strictly neurological. The brain becomes so accustomed to extreme, high-speed visual stimulation on screens that it can no longer respond properly to a real human partner. Fortunately, abstaining from this content can reverse the neurological damage over several months.</p><h2>Understanding the Neurological Impact</h2><p>In recent years, modern neuroscientists have discovered that excessive consumption of high-stimulation adult content drastically alters the brain's natural reward system. The constant flood of dopamine downregulates essential receptors, meaning everyday pleasures and hobbies no longer feel satisfying. This is often the hidden root cause of lethargy, anxiety, and a sudden lack of motivation in young adults.</p><h2>The Path to Real Intimacy</h2><p>In recent years, modern neuroscientists have discovered that excessive consumption of high-stimulation adult content drastically alters the brain's natural reward system. The constant flood of dopamine downregulates essential receptors, meaning everyday pleasures and hobbies no longer feel satisfying. This is often the hidden root cause of lethargy, anxiety, and a sudden lack of motivation in young adults.</p><p><em>Educational Note: This article is designed to provide scientific, European-standard sex education and psychological insights regarding the consumption of adult materials.</em></p>",https://images.unsplash.com/photo-1520607162513-77705c0f0d4a?auto=format&fit=crop&w=800&q=80,2026-06-18T02:34:47.009Z,"Adult Content Uncensored, Mental Health, Psychology, Education, Relationships"
"Searching for Best Adult Sites? The Science of Habit and Recovery",searching-for-best-adult-sites-84-41588-917,"Looking for Best Adult Sites? Before you click, discover the science of habit and recovery in this comprehensive psychological deep-dive based on modern European educational standards.","<h2>The Reality Behind Your Search</h2><p>Building real intimacy requires deep vulnerability, emotional patience, and authentic connection—three crucial elements completely absent in synthetic, on-demand adult content. By constantly rewiring the brain to expect instant, zero-effort gratification, individuals slowly lose their natural capacity to navigate the beautiful complexities of genuine human relationships.</p><h2>Understanding the Neurological Impact</h2><p>The journey to recovery always starts with self-awareness. If you find yourself mindlessly scrolling through tube sites late at night, your brain is likely seeking a cheap escape from daily stress or loneliness. Consciously replacing this destructive habit with healthy coping mechanisms—such as regular exercise, mindfulness meditation, or genuine social interaction—is the critical first step toward reclaiming your mental clarity.</p><h2>The Path to Real Intimacy</h2><p>Mental health professionals often draw striking parallels between the habitual streaming of adult videos and severe substance abuse. The unprecedented ease of access on smartphones means the 'drug' is literally always in your pocket. Over time, users find they need more extreme, shocking, or novel content to achieve the same baseline level of satisfaction, a classic hallmark of escalating behavioral addiction.</p><p><em>Educational Note: This article is designed to provide scientific, European-standard sex education and psychological insights regarding the consumption of adult materials.</em></p>",https://images.unsplash.com/photo-1559650656-5d1d361ad10e?auto=format&fit=crop&w=800&q=80,2026-07-19T21:50:57.561Z,"Best Adult Sites, Mental Health, Psychology, Education, Relationships"
"Searching for Online Adult Streaming? The Science of Habit and Recovery",searching-for-online-adult-streaming-85-41588-253,"Looking for Online Adult Streaming? Before you click, discover the science of habit and recovery in this comprehensive psychological deep-dive based on modern European educational standards.","<h2>The Reality Behind Your Search</h2><p>In recent years, modern neuroscientists have discovered that excessive consumption of high-stimulation adult content drastically alters the brain's natural reward system. The constant flood of dopamine downregulates essential receptors, meaning everyday pleasures and hobbies no longer feel satisfying. This is often the hidden root cause of lethargy, anxiety, and a sudden lack of motivation in young adults.</p><h2>Understanding the Neurological Impact</h2><p>Beyond the well-documented neurological impacts, the profound ethical implications of the adult industry cannot be ignored. Millions of viewers remain completely unaware of the exploitative, unsafe practices frequently occurring behind the scenes. Educating yourself on the harsh realities of commercial production can often break the illusion and help individuals permanently detach from compulsive viewing habits.</p><h2>The Path to Real Intimacy</h2><p>Building real intimacy requires deep vulnerability, emotional patience, and authentic connection—three crucial elements completely absent in synthetic, on-demand adult content. By constantly rewiring the brain to expect instant, zero-effort gratification, individuals slowly lose their natural capacity to navigate the beautiful complexities of genuine human relationships.</p><p><em>Educational Note: This article is designed to provide scientific, European-standard sex education and psychological insights regarding the consumption of adult materials.</em></p>",https://images.unsplash.com/photo-1550831107-1553da8c8464?auto=format&fit=crop&w=800&q=80,2026-09-01T12:01:59.835Z,"Online Adult Streaming, Mental Health, Psychology, Education, Relationships"
"Searching for Exclusive Adult Entertainment? The Dark Reality Behind the Adult Industry",searching-for-exclusive-adult-entertainment-86-41588-216,"Looking for Exclusive Adult Entertainment? Before you click, discover the dark reality behind the adult industry in this comprehensive psychological deep-dive based on modern European educational standards.","<h2>The Reality Behind Your Search</h2><p>Building real intimacy requires deep vulnerability, emotional patience, and authentic connection—three crucial elements completely absent in synthetic, on-demand adult content. By constantly rewiring the brain to expect instant, zero-effort gratification, individuals slowly lose their natural capacity to navigate the beautiful complexities of genuine human relationships.</p><h2>Understanding the Neurological Impact</h2><p>In recent years, modern neuroscientists have discovered that excessive consumption of high-stimulation adult content drastically alters the brain's natural reward system. The constant flood of dopamine downregulates essential receptors, meaning everyday pleasures and hobbies no longer feel satisfying. This is often the hidden root cause of lethargy, anxiety, and a sudden lack of motivation in young adults.</p><h2>The Path to Real Intimacy</h2><p>Beyond the well-documented neurological impacts, the profound ethical implications of the adult industry cannot be ignored. Millions of viewers remain completely unaware of the exploitative, unsafe practices frequently occurring behind the scenes. Educating yourself on the harsh realities of commercial production can often break the illusion and help individuals permanently detach from compulsive viewing habits.</p><p><em>Educational Note: This article is designed to provide scientific, European-standard sex education and psychological insights regarding the consumption of adult materials.</em></p>",https://images.unsplash.com/photo-1493836512294-502baa1986e2?auto=format&fit=crop&w=800&q=80,2026-08-27T16:28:41.510Z,"Exclusive Adult Entertainment, Mental Health, Psychology, Education, Relationships"
"Searching for XXX Movies HD? The Psychological Cycle You Can't Escape",searching-for-xxx-movies-hd-87-41588-632,"Looking for XXX Movies HD? Before you click, discover the psychological cycle you can't escape in this comprehensive psychological deep-dive based on modern European educational standards.","<h2>The Reality Behind Your Search</h2><p>One of the most alarming clinical trends identified by psychologists today is the rapid rise of PIED (Porn-Induced Erectile Dysfunction). Unlike traditional physical dysfunction, PIED is strictly neurological. The brain becomes so accustomed to extreme, high-speed visual stimulation on screens that it can no longer respond properly to a real human partner. Fortunately, abstaining from this content can reverse the neurological damage over several months.</p><h2>Understanding the Neurological Impact</h2><p>Mental health professionals often draw striking parallels between the habitual streaming of adult videos and severe substance abuse. The unprecedented ease of access on smartphones means the 'drug' is literally always in your pocket. Over time, users find they need more extreme, shocking, or novel content to achieve the same baseline level of satisfaction, a classic hallmark of escalating behavioral addiction.</p><h2>The Path to Real Intimacy</h2><p>One of the most alarming clinical trends identified by psychologists today is the rapid rise of PIED (Porn-Induced Erectile Dysfunction). Unlike traditional physical dysfunction, PIED is strictly neurological. The brain becomes so accustomed to extreme, high-speed visual stimulation on screens that it can no longer respond properly to a real human partner. Fortunately, abstaining from this content can reverse the neurological damage over several months.</p><p><em>Educational Note: This article is designed to provide scientific, European-standard sex education and psychological insights regarding the consumption of adult materials.</em></p>",https://images.unsplash.com/photo-1499209974431-9dddcece7f88?auto=format&fit=crop&w=800&q=80,2026-07-04T13:10:13.169Z,"XXX Movies HD, Mental Health, Psychology, Education, Relationships"
"Searching for Premium Sex Tube? How Your Brain Changes After 30 Days",searching-for-premium-sex-tube-88-41588-662,"Looking for Premium Sex Tube? Before you click, discover how your brain changes after 30 days in this comprehensive psychological deep-dive based on modern European educational standards.","<h2>The Reality Behind Your Search</h2><p>Mental health professionals often draw striking parallels between the habitual streaming of adult videos and severe substance abuse. The unprecedented ease of access on smartphones means the 'drug' is literally always in your pocket. Over time, users find they need more extreme, shocking, or novel content to achieve the same baseline level of satisfaction, a classic hallmark of escalating behavioral addiction.</p><h2>Understanding the Neurological Impact</h2><p>Building real intimacy requires deep vulnerability, emotional patience, and authentic connection—three crucial elements completely absent in synthetic, on-demand adult content. By constantly rewiring the brain to expect instant, zero-effort gratification, individuals slowly lose their natural capacity to navigate the beautiful complexities of genuine human relationships.</p><h2>The Path to Real Intimacy</h2><p>Beyond the well-documented neurological impacts, the profound ethical implications of the adult industry cannot be ignored. Millions of viewers remain completely unaware of the exploitative, unsafe practices frequently occurring behind the scenes. Educating yourself on the harsh realities of commercial production can often break the illusion and help individuals permanently detach from compulsive viewing habits.</p><p><em>Educational Note: This article is designed to provide scientific, European-standard sex education and psychological insights regarding the consumption of adult materials.</em></p>",https://images.unsplash.com/photo-1505506874110-6a7a6c9924cb?auto=format&fit=crop&w=800&q=80,2026-08-26T08:39:51.882Z,"Premium Sex Tube, Mental Health, Psychology, Education, Relationships"
"Searching for Hot Adult Clips? How It Distorts Your Expectations of Real Intimacy",searching-for-hot-adult-clips-89-41588-262,"Looking for Hot Adult Clips? Before you click, discover how it distorts your expectations of real intimacy in this comprehensive psychological deep-dive based on modern European educational standards.","<h2>The Reality Behind Your Search</h2><p>Mental health professionals often draw striking parallels between the habitual streaming of adult videos and severe substance abuse. The unprecedented ease of access on smartphones means the 'drug' is literally always in your pocket. Over time, users find they need more extreme, shocking, or novel content to achieve the same baseline level of satisfaction, a classic hallmark of escalating behavioral addiction.</p><h2>Understanding the Neurological Impact</h2><p>Beyond the well-documented neurological impacts, the profound ethical implications of the adult industry cannot be ignored. Millions of viewers remain completely unaware of the exploitative, unsafe practices frequently occurring behind the scenes. Educating yourself on the harsh realities of commercial production can often break the illusion and help individuals permanently detach from compulsive viewing habits.</p><h2>The Path to Real Intimacy</h2><p>In recent years, modern neuroscientists have discovered that excessive consumption of high-stimulation adult content drastically alters the brain's natural reward system. The constant flood of dopamine downregulates essential receptors, meaning everyday pleasures and hobbies no longer feel satisfying. This is often the hidden root cause of lethargy, anxiety, and a sudden lack of motivation in young adults.</p><p><em>Educational Note: This article is designed to provide scientific, European-standard sex education and psychological insights regarding the consumption of adult materials.</em></p>",https://images.unsplash.com/photo-1520607162513-77705c0f0d4a?auto=format&fit=crop&w=800&q=80,2026-07-26T16:09:11.996Z,"Hot Adult Clips, Mental Health, Psychology, Education, Relationships"
"Searching for Free Sex Videos HD? The Dark Reality Behind the Adult Industry",searching-for-free-sex-videos-hd-90-41588-86,"Looking for Free Sex Videos HD? Before you click, discover the dark reality behind the adult industry in this comprehensive psychological deep-dive based on modern European educational standards.","<h2>The Reality Behind Your Search</h2><p>Leading European sex educators continually emphasize the importance of distinguishing between digital fantasy and physical reality. The adult industry often portrays highly choreographed, unrealistic scenarios that create false, toxic expectations for real-world intimacy. When individuals attempt to translate these extreme fantasies into their personal lives, it inevitably leads to disappointment and relationship friction.</p><h2>Understanding the Neurological Impact</h2><p>Building real intimacy requires deep vulnerability, emotional patience, and authentic connection—three crucial elements completely absent in synthetic, on-demand adult content. By constantly rewiring the brain to expect instant, zero-effort gratification, individuals slowly lose their natural capacity to navigate the beautiful complexities of genuine human relationships.</p><h2>The Path to Real Intimacy</h2><p>The journey to recovery always starts with self-awareness. If you find yourself mindlessly scrolling through tube sites late at night, your brain is likely seeking a cheap escape from daily stress or loneliness. Consciously replacing this destructive habit with healthy coping mechanisms—such as regular exercise, mindfulness meditation, or genuine social interaction—is the critical first step toward reclaiming your mental clarity.</p><p><em>Educational Note: This article is designed to provide scientific, European-standard sex education and psychological insights regarding the consumption of adult materials.</em></p>",https://images.unsplash.com/photo-1559650656-5d1d361ad10e?auto=format&fit=crop&w=800&q=80,2026-07-21T23:46:10.731Z,"Free Sex Videos HD, Mental Health, Psychology, Education, Relationships"
"Searching for HD Adult Videos? The Dark Reality Behind the Adult Industry",searching-for-hd-adult-videos-91-41588-515,"Looking for HD Adult Videos? Before you click, discover the dark reality behind the adult industry in this comprehensive psychological deep-dive based on modern European educational standards.","<h2>The Reality Behind Your Search</h2><p>Leading European sex educators continually emphasize the importance of distinguishing between digital fantasy and physical reality. The adult industry often portrays highly choreographed, unrealistic scenarios that create false, toxic expectations for real-world intimacy. When individuals attempt to translate these extreme fantasies into their personal lives, it inevitably leads to disappointment and relationship friction.</p><h2>Understanding the Neurological Impact</h2><p>Beyond the well-documented neurological impacts, the profound ethical implications of the adult industry cannot be ignored. Millions of viewers remain completely unaware of the exploitative, unsafe practices frequently occurring behind the scenes. Educating yourself on the harsh realities of commercial production can often break the illusion and help individuals permanently detach from compulsive viewing habits.</p><h2>The Path to Real Intimacy</h2><p>Building real intimacy requires deep vulnerability, emotional patience, and authentic connection—three crucial elements completely absent in synthetic, on-demand adult content. By constantly rewiring the brain to expect instant, zero-effort gratification, individuals slowly lose their natural capacity to navigate the beautiful complexities of genuine human relationships.</p><p><em>Educational Note: This article is designed to provide scientific, European-standard sex education and psychological insights regarding the consumption of adult materials.</em></p>",https://images.unsplash.com/photo-1550831107-1553da8c8464?auto=format&fit=crop&w=800&q=80,2026-06-16T11:36:14.189Z,"HD Adult Videos, Mental Health, Psychology, Education, Relationships"
"Searching for Premium Adult Movies? How It Distorts Your Expectations of Real Intimacy",searching-for-premium-adult-movies-92-41588-208,"Looking for Premium Adult Movies? Before you click, discover how it distorts your expectations of real intimacy in this comprehensive psychological deep-dive based on modern European educational standards.","<h2>The Reality Behind Your Search</h2><p>Mental health professionals often draw striking parallels between the habitual streaming of adult videos and severe substance abuse. The unprecedented ease of access on smartphones means the 'drug' is literally always in your pocket. Over time, users find they need more extreme, shocking, or novel content to achieve the same baseline level of satisfaction, a classic hallmark of escalating behavioral addiction.</p><h2>Understanding the Neurological Impact</h2><p>In recent years, modern neuroscientists have discovered that excessive consumption of high-stimulation adult content drastically alters the brain's natural reward system. The constant flood of dopamine downregulates essential receptors, meaning everyday pleasures and hobbies no longer feel satisfying. This is often the hidden root cause of lethargy, anxiety, and a sudden lack of motivation in young adults.</p><h2>The Path to Real Intimacy</h2><p>One of the most alarming clinical trends identified by psychologists today is the rapid rise of PIED (Porn-Induced Erectile Dysfunction). Unlike traditional physical dysfunction, PIED is strictly neurological. The brain becomes so accustomed to extreme, high-speed visual stimulation on screens that it can no longer respond properly to a real human partner. Fortunately, abstaining from this content can reverse the neurological damage over several months.</p><p><em>Educational Note: This article is designed to provide scientific, European-standard sex education and psychological insights regarding the consumption of adult materials.</em></p>",https://images.unsplash.com/photo-1493836512294-502baa1986e2?auto=format&fit=crop&w=800&q=80,2026-07-17T22:14:58.827Z,"Premium Adult Movies, Mental Health, Psychology, Education, Relationships"
"Searching for Top Adult Tube? How It Distorts Your Expectations of Real Intimacy",searching-for-top-adult-tube-93-41588-708,"Looking for Top Adult Tube? Before you click, discover how it distorts your expectations of real intimacy in this comprehensive psychological deep-dive based on modern European educational standards.","<h2>The Reality Behind Your Search</h2><p>Leading European sex educators continually emphasize the importance of distinguishing between digital fantasy and physical reality. The adult industry often portrays highly choreographed, unrealistic scenarios that create false, toxic expectations for real-world intimacy. When individuals attempt to translate these extreme fantasies into their personal lives, it inevitably leads to disappointment and relationship friction.</p><h2>Understanding the Neurological Impact</h2><p>In recent years, modern neuroscientists have discovered that excessive consumption of high-stimulation adult content drastically alters the brain's natural reward system. The constant flood of dopamine downregulates essential receptors, meaning everyday pleasures and hobbies no longer feel satisfying. This is often the hidden root cause of lethargy, anxiety, and a sudden lack of motivation in young adults.</p><h2>The Path to Real Intimacy</h2><p>In recent years, modern neuroscientists have discovered that excessive consumption of high-stimulation adult content drastically alters the brain's natural reward system. The constant flood of dopamine downregulates essential receptors, meaning everyday pleasures and hobbies no longer feel satisfying. This is often the hidden root cause of lethargy, anxiety, and a sudden lack of motivation in young adults.</p><p><em>Educational Note: This article is designed to provide scientific, European-standard sex education and psychological insights regarding the consumption of adult materials.</em></p>",https://images.unsplash.com/photo-1499209974431-9dddcece7f88?auto=format&fit=crop&w=800&q=80,2026-06-19T19:03:34.388Z,"Top Adult Tube, Mental Health, Psychology, Education, Relationships"
"Searching for Free Adult Clips? The Connection Between Adult Content and Anxiety",searching-for-free-adult-clips-94-41588-99,"Looking for Free Adult Clips? Before you click, discover the connection between adult content and anxiety in this comprehensive psychological deep-dive based on modern European educational standards.","<h2>The Reality Behind Your Search</h2><p>Building real intimacy requires deep vulnerability, emotional patience, and authentic connection—three crucial elements completely absent in synthetic, on-demand adult content. By constantly rewiring the brain to expect instant, zero-effort gratification, individuals slowly lose their natural capacity to navigate the beautiful complexities of genuine human relationships.</p><h2>Understanding the Neurological Impact</h2><p>The journey to recovery always starts with self-awareness. If you find yourself mindlessly scrolling through tube sites late at night, your brain is likely seeking a cheap escape from daily stress or loneliness. Consciously replacing this destructive habit with healthy coping mechanisms—such as regular exercise, mindfulness meditation, or genuine social interaction—is the critical first step toward reclaiming your mental clarity.</p><h2>The Path to Real Intimacy</h2><p>Leading European sex educators continually emphasize the importance of distinguishing between digital fantasy and physical reality. The adult industry often portrays highly choreographed, unrealistic scenarios that create false, toxic expectations for real-world intimacy. When individuals attempt to translate these extreme fantasies into their personal lives, it inevitably leads to disappointment and relationship friction.</p><p><em>Educational Note: This article is designed to provide scientific, European-standard sex education and psychological insights regarding the consumption of adult materials.</em></p>",https://images.unsplash.com/photo-1505506874110-6a7a6c9924cb?auto=format&fit=crop&w=800&q=80,2026-07-04T21:02:23.252Z,"Free Adult Clips, Mental Health, Psychology, Education, Relationships"
"Searching for Adult Streaming HD? The Psychological Cycle You Can't Escape",searching-for-adult-streaming-hd-95-41588-614,"Looking for Adult Streaming HD? Before you click, discover the psychological cycle you can't escape in this comprehensive psychological deep-dive based on modern European educational standards.","<h2>The Reality Behind Your Search</h2><p>The journey to recovery always starts with self-awareness. If you find yourself mindlessly scrolling through tube sites late at night, your brain is likely seeking a cheap escape from daily stress or loneliness. Consciously replacing this destructive habit with healthy coping mechanisms—such as regular exercise, mindfulness meditation, or genuine social interaction—is the critical first step toward reclaiming your mental clarity.</p><h2>Understanding the Neurological Impact</h2><p>The journey to recovery always starts with self-awareness. If you find yourself mindlessly scrolling through tube sites late at night, your brain is likely seeking a cheap escape from daily stress or loneliness. Consciously replacing this destructive habit with healthy coping mechanisms—such as regular exercise, mindfulness meditation, or genuine social interaction—is the critical first step toward reclaiming your mental clarity.</p><h2>The Path to Real Intimacy</h2><p>Building real intimacy requires deep vulnerability, emotional patience, and authentic connection—three crucial elements completely absent in synthetic, on-demand adult content. By constantly rewiring the brain to expect instant, zero-effort gratification, individuals slowly lose their natural capacity to navigate the beautiful complexities of genuine human relationships.</p><p><em>Educational Note: This article is designed to provide scientific, European-standard sex education and psychological insights regarding the consumption of adult materials.</em></p>",https://images.unsplash.com/photo-1520607162513-77705c0f0d4a?auto=format&fit=crop&w=800&q=80,2026-08-21T06:27:07.580Z,"Adult Streaming HD, Mental Health, Psychology, Education, Relationships"
"Searching for Adult Content Uncensored? The Unseen Effect on Intimate Relationships",searching-for-adult-content-uncensored-96-41588-73,"Looking for Adult Content Uncensored? Before you click, discover the unseen effect on intimate relationships in this comprehensive psychological deep-dive based on modern European educational standards.","<h2>The Reality Behind Your Search</h2><p>Leading European sex educators continually emphasize the importance of distinguishing between digital fantasy and physical reality. The adult industry often portrays highly choreographed, unrealistic scenarios that create false, toxic expectations for real-world intimacy. When individuals attempt to translate these extreme fantasies into their personal lives, it inevitably leads to disappointment and relationship friction.</p><h2>Understanding the Neurological Impact</h2><p>In recent years, modern neuroscientists have discovered that excessive consumption of high-stimulation adult content drastically alters the brain's natural reward system. The constant flood of dopamine downregulates essential receptors, meaning everyday pleasures and hobbies no longer feel satisfying. This is often the hidden root cause of lethargy, anxiety, and a sudden lack of motivation in young adults.</p><h2>The Path to Real Intimacy</h2><p>Beyond the well-documented neurological impacts, the profound ethical implications of the adult industry cannot be ignored. Millions of viewers remain completely unaware of the exploitative, unsafe practices frequently occurring behind the scenes. Educating yourself on the harsh realities of commercial production can often break the illusion and help individuals permanently detach from compulsive viewing habits.</p><p><em>Educational Note: This article is designed to provide scientific, European-standard sex education and psychological insights regarding the consumption of adult materials.</em></p>",https://images.unsplash.com/photo-1559650656-5d1d361ad10e?auto=format&fit=crop&w=800&q=80,2026-06-14T13:54:58.143Z,"Adult Content Uncensored, Mental Health, Psychology, Education, Relationships"
"Searching for Best Adult Sites? How It Impacts Your Dopamine Levels",searching-for-best-adult-sites-97-41588-701,"Looking for Best Adult Sites? Before you click, discover how it impacts your dopamine levels in this comprehensive psychological deep-dive based on modern European educational standards.","<h2>The Reality Behind Your Search</h2><p>Mental health professionals often draw striking parallels between the habitual streaming of adult videos and severe substance abuse. The unprecedented ease of access on smartphones means the 'drug' is literally always in your pocket. Over time, users find they need more extreme, shocking, or novel content to achieve the same baseline level of satisfaction, a classic hallmark of escalating behavioral addiction.</p><h2>Understanding the Neurological Impact</h2><p>The journey to recovery always starts with self-awareness. If you find yourself mindlessly scrolling through tube sites late at night, your brain is likely seeking a cheap escape from daily stress or loneliness. Consciously replacing this destructive habit with healthy coping mechanisms—such as regular exercise, mindfulness meditation, or genuine social interaction—is the critical first step toward reclaiming your mental clarity.</p><h2>The Path to Real Intimacy</h2><p>Beyond the well-documented neurological impacts, the profound ethical implications of the adult industry cannot be ignored. Millions of viewers remain completely unaware of the exploitative, unsafe practices frequently occurring behind the scenes. Educating yourself on the harsh realities of commercial production can often break the illusion and help individuals permanently detach from compulsive viewing habits.</p><p><em>Educational Note: This article is designed to provide scientific, European-standard sex education and psychological insights regarding the consumption of adult materials.</em></p>",https://images.unsplash.com/photo-1550831107-1553da8c8464?auto=format&fit=crop&w=800&q=80,2026-08-04T09:20:48.724Z,"Best Adult Sites, Mental Health, Psychology, Education, Relationships"
"Searching for Online Adult Streaming? Why It Lowers Your Daily Productivity",searching-for-online-adult-streaming-98-41588-483,"Looking for Online Adult Streaming? Before you click, discover why it lowers your daily productivity in this comprehensive psychological deep-dive based on modern European educational standards.","<h2>The Reality Behind Your Search</h2><p>The journey to recovery always starts with self-awareness. If you find yourself mindlessly scrolling through tube sites late at night, your brain is likely seeking a cheap escape from daily stress or loneliness. Consciously replacing this destructive habit with healthy coping mechanisms—such as regular exercise, mindfulness meditation, or genuine social interaction—is the critical first step toward reclaiming your mental clarity.</p><h2>Understanding the Neurological Impact</h2><p>Leading European sex educators continually emphasize the importance of distinguishing between digital fantasy and physical reality. The adult industry often portrays highly choreographed, unrealistic scenarios that create false, toxic expectations for real-world intimacy. When individuals attempt to translate these extreme fantasies into their personal lives, it inevitably leads to disappointment and relationship friction.</p><h2>The Path to Real Intimacy</h2><p>Mental health professionals often draw striking parallels between the habitual streaming of adult videos and severe substance abuse. The unprecedented ease of access on smartphones means the 'drug' is literally always in your pocket. Over time, users find they need more extreme, shocking, or novel content to achieve the same baseline level of satisfaction, a classic hallmark of escalating behavioral addiction.</p><p><em>Educational Note: This article is designed to provide scientific, European-standard sex education and psychological insights regarding the consumption of adult materials.</em></p>",https://images.unsplash.com/photo-1493836512294-502baa1986e2?auto=format&fit=crop&w=800&q=80,2026-08-28T10:05:39.292Z,"Online Adult Streaming, Mental Health, Psychology, Education, Relationships"
"Searching for Exclusive Adult Entertainment? How It Distorts Your Expectations of Real Intimacy",searching-for-exclusive-adult-entertainment-99-41588-770,"Looking for Exclusive Adult Entertainment? Before you click, discover how it distorts your expectations of real intimacy in this comprehensive psychological deep-dive based on modern European educational standards.","<h2>The Reality Behind Your Search</h2><p>The journey to recovery always starts with self-awareness. If you find yourself mindlessly scrolling through tube sites late at night, your brain is likely seeking a cheap escape from daily stress or loneliness. Consciously replacing this destructive habit with healthy coping mechanisms—such as regular exercise, mindfulness meditation, or genuine social interaction—is the critical first step toward reclaiming your mental clarity.</p><h2>Understanding the Neurological Impact</h2><p>One of the most alarming clinical trends identified by psychologists today is the rapid rise of PIED (Porn-Induced Erectile Dysfunction). Unlike traditional physical dysfunction, PIED is strictly neurological. The brain becomes so accustomed to extreme, high-speed visual stimulation on screens that it can no longer respond properly to a real human partner. Fortunately, abstaining from this content can reverse the neurological damage over several months.</p><h2>The Path to Real Intimacy</h2><p>The journey to recovery always starts with self-awareness. If you find yourself mindlessly scrolling through tube sites late at night, your brain is likely seeking a cheap escape from daily stress or loneliness. Consciously replacing this destructive habit with healthy coping mechanisms—such as regular exercise, mindfulness meditation, or genuine social interaction—is the critical first step toward reclaiming your mental clarity.</p><p><em>Educational Note: This article is designed to provide scientific, European-standard sex education and psychological insights regarding the consumption of adult materials.</em></p>",https://images.unsplash.com/photo-1499209974431-9dddcece7f88?auto=format&fit=crop&w=800&q=80,2026-08-22T15:42:43.930Z,"Exclusive Adult Entertainment, Mental Health, Psychology, Education, Relationships"
"Searching for XXX Movies HD? The Dark Reality Behind the Adult Industry",searching-for-xxx-movies-hd-100-41588-155,"Looking for XXX Movies HD? Before you click, discover the dark reality behind the adult industry in this comprehensive psychological deep-dive based on modern European educational standards.","<h2>The Reality Behind Your Search</h2><p>One of the most alarming clinical trends identified by psychologists today is the rapid rise of PIED (Porn-Induced Erectile Dysfunction). Unlike traditional physical dysfunction, PIED is strictly neurological. The brain becomes so accustomed to extreme, high-speed visual stimulation on screens that it can no longer respond properly to a real human partner. Fortunately, abstaining from this content can reverse the neurological damage over several months.</p><h2>Understanding the Neurological Impact</h2><p>Beyond the well-documented neurological impacts, the profound ethical implications of the adult industry cannot be ignored. Millions of viewers remain completely unaware of the exploitative, unsafe practices frequently occurring behind the scenes. Educating yourself on the harsh realities of commercial production can often break the illusion and help individuals permanently detach from compulsive viewing habits.</p><h2>The Path to Real Intimacy</h2><p>The journey to recovery always starts with self-awareness. If you find yourself mindlessly scrolling through tube sites late at night, your brain is likely seeking a cheap escape from daily stress or loneliness. Consciously replacing this destructive habit with healthy coping mechanisms—such as regular exercise, mindfulness meditation, or genuine social interaction—is the critical first step toward reclaiming your mental clarity.</p><p><em>Educational Note: This article is designed to provide scientific, European-standard sex education and psychological insights regarding the consumption of adult materials.</em></p>",https://images.unsplash.com/photo-1505506874110-6a7a6c9924cb?auto=format&fit=crop&w=800&q=80,2026-09-08T13:23:31.816Z,"XXX Movies HD, Mental Health, Psychology, Education, Relationships"
"Searching for Premium Sex Tube? The Connection Between Adult Content and Anxiety",searching-for-premium-sex-tube-101-41588-955,"Looking for Premium Sex Tube? Before you click, discover the connection between adult content and anxiety in this comprehensive psychological deep-dive based on modern European educational standards.","<h2>The Reality Behind Your Search</h2><p>In recent years, modern neuroscientists have discovered that excessive consumption of high-stimulation adult content drastically alters the brain's natural reward system. The constant flood of dopamine downregulates essential receptors, meaning everyday pleasures and hobbies no longer feel satisfying. This is often the hidden root cause of lethargy, anxiety, and a sudden lack of motivation in young adults.</p><h2>Understanding the Neurological Impact</h2><p>One of the most alarming clinical trends identified by psychologists today is the rapid rise of PIED (Porn-Induced Erectile Dysfunction). Unlike traditional physical dysfunction, PIED is strictly neurological. The brain becomes so accustomed to extreme, high-speed visual stimulation on screens that it can no longer respond properly to a real human partner. Fortunately, abstaining from this content can reverse the neurological damage over several months.</p><h2>The Path to Real Intimacy</h2><p>One of the most alarming clinical trends identified by psychologists today is the rapid rise of PIED (Porn-Induced Erectile Dysfunction). Unlike traditional physical dysfunction, PIED is strictly neurological. The brain becomes so accustomed to extreme, high-speed visual stimulation on screens that it can no longer respond properly to a real human partner. Fortunately, abstaining from this content can reverse the neurological damage over several months.</p><p><em>Educational Note: This article is designed to provide scientific, European-standard sex education and psychological insights regarding the consumption of adult materials.</em></p>",https://images.unsplash.com/photo-1520607162513-77705c0f0d4a?auto=format&fit=crop&w=800&q=80,2026-06-23T15:42:08.725Z,"Premium Sex Tube, Mental Health, Psychology, Education, Relationships"
"Searching for Hot Adult Clips? The Science of Habit and Recovery",searching-for-hot-adult-clips-102-41588-177,"Looking for Hot Adult Clips? Before you click, discover the science of habit and recovery in this comprehensive psychological deep-dive based on modern European educational standards.","<h2>The Reality Behind Your Search</h2><p>Mental health professionals often draw striking parallels between the habitual streaming of adult videos and severe substance abuse. The unprecedented ease of access on smartphones means the 'drug' is literally always in your pocket. Over time, users find they need more extreme, shocking, or novel content to achieve the same baseline level of satisfaction, a classic hallmark of escalating behavioral addiction.</p><h2>Understanding the Neurological Impact</h2><p>The journey to recovery always starts with self-awareness. If you find yourself mindlessly scrolling through tube sites late at night, your brain is likely seeking a cheap escape from daily stress or loneliness. Consciously replacing this destructive habit with healthy coping mechanisms—such as regular exercise, mindfulness meditation, or genuine social interaction—is the critical first step toward reclaiming your mental clarity.</p><h2>The Path to Real Intimacy</h2><p>In recent years, modern neuroscientists have discovered that excessive consumption of high-stimulation adult content drastically alters the brain's natural reward system. The constant flood of dopamine downregulates essential receptors, meaning everyday pleasures and hobbies no longer feel satisfying. This is often the hidden root cause of lethargy, anxiety, and a sudden lack of motivation in young adults.</p><p><em>Educational Note: This article is designed to provide scientific, European-standard sex education and psychological insights regarding the consumption of adult materials.</em></p>",https://images.unsplash.com/photo-1559650656-5d1d361ad10e?auto=format&fit=crop&w=800&q=80,2026-08-12T05:45:40.398Z,"Hot Adult Clips, Mental Health, Psychology, Education, Relationships"
"Searching for Free Sex Videos HD? The Connection Between Adult Content and Anxiety",searching-for-free-sex-videos-hd-103-41588-16,"Looking for Free Sex Videos HD? Before you click, discover the connection between adult content and anxiety in this comprehensive psychological deep-dive based on modern European educational standards.","<h2>The Reality Behind Your Search</h2><p>Beyond the well-documented neurological impacts, the profound ethical implications of the adult industry cannot be ignored. Millions of viewers remain completely unaware of the exploitative, unsafe practices frequently occurring behind the scenes. Educating yourself on the harsh realities of commercial production can often break the illusion and help individuals permanently detach from compulsive viewing habits.</p><h2>Understanding the Neurological Impact</h2><p>One of the most alarming clinical trends identified by psychologists today is the rapid rise of PIED (Porn-Induced Erectile Dysfunction). Unlike traditional physical dysfunction, PIED is strictly neurological. The brain becomes so accustomed to extreme, high-speed visual stimulation on screens that it can no longer respond properly to a real human partner. Fortunately, abstaining from this content can reverse the neurological damage over several months.</p><h2>The Path to Real Intimacy</h2><p>Beyond the well-documented neurological impacts, the profound ethical implications of the adult industry cannot be ignored. Millions of viewers remain completely unaware of the exploitative, unsafe practices frequently occurring behind the scenes. Educating yourself on the harsh realities of commercial production can often break the illusion and help individuals permanently detach from compulsive viewing habits.</p><p><em>Educational Note: This article is designed to provide scientific, European-standard sex education and psychological insights regarding the consumption of adult materials.</em></p>",https://images.unsplash.com/photo-1550831107-1553da8c8464?auto=format&fit=crop&w=800&q=80,2026-06-30T01:58:09.864Z,"Free Sex Videos HD, Mental Health, Psychology, Education, Relationships"
"Searching for HD Adult Videos? Why It Lowers Your Daily Productivity",searching-for-hd-adult-videos-104-41588-953,"Looking for HD Adult Videos? Before you click, discover why it lowers your daily productivity in this comprehensive psychological deep-dive based on modern European educational standards.","<h2>The Reality Behind Your Search</h2><p>Beyond the well-documented neurological impacts, the profound ethical implications of the adult industry cannot be ignored. Millions of viewers remain completely unaware of the exploitative, unsafe practices frequently occurring behind the scenes. Educating yourself on the harsh realities of commercial production can often break the illusion and help individuals permanently detach from compulsive viewing habits.</p><h2>Understanding the Neurological Impact</h2><p>In recent years, modern neuroscientists have discovered that excessive consumption of high-stimulation adult content drastically alters the brain's natural reward system. The constant flood of dopamine downregulates essential receptors, meaning everyday pleasures and hobbies no longer feel satisfying. This is often the hidden root cause of lethargy, anxiety, and a sudden lack of motivation in young adults.</p><h2>The Path to Real Intimacy</h2><p>In recent years, modern neuroscientists have discovered that excessive consumption of high-stimulation adult content drastically alters the brain's natural reward system. The constant flood of dopamine downregulates essential receptors, meaning everyday pleasures and hobbies no longer feel satisfying. This is often the hidden root cause of lethargy, anxiety, and a sudden lack of motivation in young adults.</p><p><em>Educational Note: This article is designed to provide scientific, European-standard sex education and psychological insights regarding the consumption of adult materials.</em></p>",https://images.unsplash.com/photo-1493836512294-502baa1986e2?auto=format&fit=crop&w=800&q=80,2026-06-14T18:22:34.909Z,"HD Adult Videos, Mental Health, Psychology, Education, Relationships"
"Searching for Premium Adult Movies? The Unseen Effect on Intimate Relationships",searching-for-premium-adult-movies-105-41588-296,"Looking for Premium Adult Movies? Before you click, discover the unseen effect on intimate relationships in this comprehensive psychological deep-dive based on modern European educational standards.","<h2>The Reality Behind Your Search</h2><p>One of the most alarming clinical trends identified by psychologists today is the rapid rise of PIED (Porn-Induced Erectile Dysfunction). Unlike traditional physical dysfunction, PIED is strictly neurological. The brain becomes so accustomed to extreme, high-speed visual stimulation on screens that it can no longer respond properly to a real human partner. Fortunately, abstaining from this content can reverse the neurological damage over several months.</p><h2>Understanding the Neurological Impact</h2><p>Leading European sex educators continually emphasize the importance of distinguishing between digital fantasy and physical reality. The adult industry often portrays highly choreographed, unrealistic scenarios that create false, toxic expectations for real-world intimacy. When individuals attempt to translate these extreme fantasies into their personal lives, it inevitably leads to disappointment and relationship friction.</p><h2>The Path to Real Intimacy</h2><p>The journey to recovery always starts with self-awareness. If you find yourself mindlessly scrolling through tube sites late at night, your brain is likely seeking a cheap escape from daily stress or loneliness. Consciously replacing this destructive habit with healthy coping mechanisms—such as regular exercise, mindfulness meditation, or genuine social interaction—is the critical first step toward reclaiming your mental clarity.</p><p><em>Educational Note: This article is designed to provide scientific, European-standard sex education and psychological insights regarding the consumption of adult materials.</em></p>",https://images.unsplash.com/photo-1499209974431-9dddcece7f88?auto=format&fit=crop&w=800&q=80,2026-08-09T06:07:49.096Z,"Premium Adult Movies, Mental Health, Psychology, Education, Relationships"
"Searching for Top Adult Tube? The Unseen Effect on Intimate Relationships",searching-for-top-adult-tube-106-41588-953,"Looking for Top Adult Tube? Before you click, discover the unseen effect on intimate relationships in this comprehensive psychological deep-dive based on modern European educational standards.","<h2>The Reality Behind Your Search</h2><p>Leading European sex educators continually emphasize the importance of distinguishing between digital fantasy and physical reality. The adult industry often portrays highly choreographed, unrealistic scenarios that create false, toxic expectations for real-world intimacy. When individuals attempt to translate these extreme fantasies into their personal lives, it inevitably leads to disappointment and relationship friction.</p><h2>Understanding the Neurological Impact</h2><p>Mental health professionals often draw striking parallels between the habitual streaming of adult videos and severe substance abuse. The unprecedented ease of access on smartphones means the 'drug' is literally always in your pocket. Over time, users find they need more extreme, shocking, or novel content to achieve the same baseline level of satisfaction, a classic hallmark of escalating behavioral addiction.</p><h2>The Path to Real Intimacy</h2><p>One of the most alarming clinical trends identified by psychologists today is the rapid rise of PIED (Porn-Induced Erectile Dysfunction). Unlike traditional physical dysfunction, PIED is strictly neurological. The brain becomes so accustomed to extreme, high-speed visual stimulation on screens that it can no longer respond properly to a real human partner. Fortunately, abstaining from this content can reverse the neurological damage over several months.</p><p><em>Educational Note: This article is designed to provide scientific, European-standard sex education and psychological insights regarding the consumption of adult materials.</em></p>",https://images.unsplash.com/photo-1505506874110-6a7a6c9924cb?auto=format&fit=crop&w=800&q=80,2026-09-13T13:59:54.207Z,"Top Adult Tube, Mental Health, Psychology, Education, Relationships"
"Searching for Free Adult Clips? How Your Brain Changes After 30 Days",searching-for-free-adult-clips-107-41588-32,"Looking for Free Adult Clips? Before you click, discover how your brain changes after 30 days in this comprehensive psychological deep-dive based on modern European educational standards.","<h2>The Reality Behind Your Search</h2><p>One of the most alarming clinical trends identified by psychologists today is the rapid rise of PIED (Porn-Induced Erectile Dysfunction). Unlike traditional physical dysfunction, PIED is strictly neurological. The brain becomes so accustomed to extreme, high-speed visual stimulation on screens that it can no longer respond properly to a real human partner. Fortunately, abstaining from this content can reverse the neurological damage over several months.</p><h2>Understanding the Neurological Impact</h2><p>In recent years, modern neuroscientists have discovered that excessive consumption of high-stimulation adult content drastically alters the brain's natural reward system. The constant flood of dopamine downregulates essential receptors, meaning everyday pleasures and hobbies no longer feel satisfying. This is often the hidden root cause of lethargy, anxiety, and a sudden lack of motivation in young adults.</p><h2>The Path to Real Intimacy</h2><p>Beyond the well-documented neurological impacts, the profound ethical implications of the adult industry cannot be ignored. Millions of viewers remain completely unaware of the exploitative, unsafe practices frequently occurring behind the scenes. Educating yourself on the harsh realities of commercial production can often break the illusion and help individuals permanently detach from compulsive viewing habits.</p><p><em>Educational Note: This article is designed to provide scientific, European-standard sex education and psychological insights regarding the consumption of adult materials.</em></p>",https://images.unsplash.com/photo-1520607162513-77705c0f0d4a?auto=format&fit=crop&w=800&q=80,2026-08-21T01:48:38.138Z,"Free Adult Clips, Mental Health, Psychology, Education, Relationships"
"Searching for Adult Streaming HD? How It Impacts Your Dopamine Levels",searching-for-adult-streaming-hd-108-41588-214,"Looking for Adult Streaming HD? Before you click, discover how it impacts your dopamine levels in this comprehensive psychological deep-dive based on modern European educational standards.","<h2>The Reality Behind Your Search</h2><p>The journey to recovery always starts with self-awareness. If you find yourself mindlessly scrolling through tube sites late at night, your brain is likely seeking a cheap escape from daily stress or loneliness. Consciously replacing this destructive habit with healthy coping mechanisms—such as regular exercise, mindfulness meditation, or genuine social interaction—is the critical first step toward reclaiming your mental clarity.</p><h2>Understanding the Neurological Impact</h2><p>Mental health professionals often draw striking parallels between the habitual streaming of adult videos and severe substance abuse. The unprecedented ease of access on smartphones means the 'drug' is literally always in your pocket. Over time, users find they need more extreme, shocking, or novel content to achieve the same baseline level of satisfaction, a classic hallmark of escalating behavioral addiction.</p><h2>The Path to Real Intimacy</h2><p>Beyond the well-documented neurological impacts, the profound ethical implications of the adult industry cannot be ignored. Millions of viewers remain completely unaware of the exploitative, unsafe practices frequently occurring behind the scenes. Educating yourself on the harsh realities of commercial production can often break the illusion and help individuals permanently detach from compulsive viewing habits.</p><p><em>Educational Note: This article is designed to provide scientific, European-standard sex education and psychological insights regarding the consumption of adult materials.</em></p>",https://images.unsplash.com/photo-1559650656-5d1d361ad10e?auto=format&fit=crop&w=800&q=80,2026-07-11T20:55:50.524Z,"Adult Streaming HD, Mental Health, Psychology, Education, Relationships"
"Searching for Adult Content Uncensored? How Your Brain Changes After 30 Days",searching-for-adult-content-uncensored-109-41588-573,"Looking for Adult Content Uncensored? Before you click, discover how your brain changes after 30 days in this comprehensive psychological deep-dive based on modern European educational standards.","<h2>The Reality Behind Your Search</h2><p>Building real intimacy requires deep vulnerability, emotional patience, and authentic connection—three crucial elements completely absent in synthetic, on-demand adult content. By constantly rewiring the brain to expect instant, zero-effort gratification, individuals slowly lose their natural capacity to navigate the beautiful complexities of genuine human relationships.</p><h2>Understanding the Neurological Impact</h2><p>Building real intimacy requires deep vulnerability, emotional patience, and authentic connection—three crucial elements completely absent in synthetic, on-demand adult content. By constantly rewiring the brain to expect instant, zero-effort gratification, individuals slowly lose their natural capacity to navigate the beautiful complexities of genuine human relationships.</p><h2>The Path to Real Intimacy</h2><p>Building real intimacy requires deep vulnerability, emotional patience, and authentic connection—three crucial elements completely absent in synthetic, on-demand adult content. By constantly rewiring the brain to expect instant, zero-effort gratification, individuals slowly lose their natural capacity to navigate the beautiful complexities of genuine human relationships.</p><p><em>Educational Note: This article is designed to provide scientific, European-standard sex education and psychological insights regarding the consumption of adult materials.</em></p>",https://images.unsplash.com/photo-1550831107-1553da8c8464?auto=format&fit=crop&w=800&q=80,2026-07-19T10:01:29.312Z,"Adult Content Uncensored, Mental Health, Psychology, Education, Relationships"
"Searching for Best Adult Sites? The Unseen Effect on Intimate Relationships",searching-for-best-adult-sites-110-41588-418,"Looking for Best Adult Sites? Before you click, discover the unseen effect on intimate relationships in this comprehensive psychological deep-dive based on modern European educational standards.","<h2>The Reality Behind Your Search</h2><p>One of the most alarming clinical trends identified by psychologists today is the rapid rise of PIED (Porn-Induced Erectile Dysfunction). Unlike traditional physical dysfunction, PIED is strictly neurological. The brain becomes so accustomed to extreme, high-speed visual stimulation on screens that it can no longer respond properly to a real human partner. Fortunately, abstaining from this content can reverse the neurological damage over several months.</p><h2>Understanding the Neurological Impact</h2><p>The journey to recovery always starts with self-awareness. If you find yourself mindlessly scrolling through tube sites late at night, your brain is likely seeking a cheap escape from daily stress or loneliness. Consciously replacing this destructive habit with healthy coping mechanisms—such as regular exercise, mindfulness meditation, or genuine social interaction—is the critical first step toward reclaiming your mental clarity.</p><h2>The Path to Real Intimacy</h2><p>The journey to recovery always starts with self-awareness. If you find yourself mindlessly scrolling through tube sites late at night, your brain is likely seeking a cheap escape from daily stress or loneliness. Consciously replacing this destructive habit with healthy coping mechanisms—such as regular exercise, mindfulness meditation, or genuine social interaction—is the critical first step toward reclaiming your mental clarity.</p><p><em>Educational Note: This article is designed to provide scientific, European-standard sex education and psychological insights regarding the consumption of adult materials.</em></p>",https://images.unsplash.com/photo-1493836512294-502baa1986e2?auto=format&fit=crop&w=800&q=80,2026-08-02T00:34:28.296Z,"Best Adult Sites, Mental Health, Psychology, Education, Relationships"
"Searching for Online Adult Streaming? The Science of Habit and Recovery",searching-for-online-adult-streaming-111-41588-649,"Looking for Online Adult Streaming? Before you click, discover the science of habit and recovery in this comprehensive psychological deep-dive based on modern European educational standards.","<h2>The Reality Behind Your Search</h2><p>In recent years, modern neuroscientists have discovered that excessive consumption of high-stimulation adult content drastically alters the brain's natural reward system. The constant flood of dopamine downregulates essential receptors, meaning everyday pleasures and hobbies no longer feel satisfying. This is often the hidden root cause of lethargy, anxiety, and a sudden lack of motivation in young adults.</p><h2>Understanding the Neurological Impact</h2><p>Leading European sex educators continually emphasize the importance of distinguishing between digital fantasy and physical reality. The adult industry often portrays highly choreographed, unrealistic scenarios that create false, toxic expectations for real-world intimacy. When individuals attempt to translate these extreme fantasies into their personal lives, it inevitably leads to disappointment and relationship friction.</p><h2>The Path to Real Intimacy</h2><p>One of the most alarming clinical trends identified by psychologists today is the rapid rise of PIED (Porn-Induced Erectile Dysfunction). Unlike traditional physical dysfunction, PIED is strictly neurological. The brain becomes so accustomed to extreme, high-speed visual stimulation on screens that it can no longer respond properly to a real human partner. Fortunately, abstaining from this content can reverse the neurological damage over several months.</p><p><em>Educational Note: This article is designed to provide scientific, European-standard sex education and psychological insights regarding the consumption of adult materials.</em></p>",https://images.unsplash.com/photo-1499209974431-9dddcece7f88?auto=format&fit=crop&w=800&q=80,2026-08-27T02:46:16.366Z,"Online Adult Streaming, Mental Health, Psychology, Education, Relationships"
"Searching for Exclusive Adult Entertainment? How Your Brain Changes After 30 Days",searching-for-exclusive-adult-entertainment-112-41588-109,"Looking for Exclusive Adult Entertainment? Before you click, discover how your brain changes after 30 days in this comprehensive psychological deep-dive based on modern European educational standards.","<h2>The Reality Behind Your Search</h2><p>Beyond the well-documented neurological impacts, the profound ethical implications of the adult industry cannot be ignored. Millions of viewers remain completely unaware of the exploitative, unsafe practices frequently occurring behind the scenes. Educating yourself on the harsh realities of commercial production can often break the illusion and help individuals permanently detach from compulsive viewing habits.</p><h2>Understanding the Neurological Impact</h2><p>In recent years, modern neuroscientists have discovered that excessive consumption of high-stimulation adult content drastically alters the brain's natural reward system. The constant flood of dopamine downregulates essential receptors, meaning everyday pleasures and hobbies no longer feel satisfying. This is often the hidden root cause of lethargy, anxiety, and a sudden lack of motivation in young adults.</p><h2>The Path to Real Intimacy</h2><p>The journey to recovery always starts with self-awareness. If you find yourself mindlessly scrolling through tube sites late at night, your brain is likely seeking a cheap escape from daily stress or loneliness. Consciously replacing this destructive habit with healthy coping mechanisms—such as regular exercise, mindfulness meditation, or genuine social interaction—is the critical first step toward reclaiming your mental clarity.</p><p><em>Educational Note: This article is designed to provide scientific, European-standard sex education and psychological insights regarding the consumption of adult materials.</em></p>",https://images.unsplash.com/photo-1505506874110-6a7a6c9924cb?auto=format&fit=crop&w=800&q=80,2026-08-16T02:39:51.593Z,"Exclusive Adult Entertainment, Mental Health, Psychology, Education, Relationships"
"Searching for XXX Movies HD? How It Impacts Your Dopamine Levels",searching-for-xxx-movies-hd-113-41588-634,"Looking for XXX Movies HD? Before you click, discover how it impacts your dopamine levels in this comprehensive psychological deep-dive based on modern European educational standards.","<h2>The Reality Behind Your Search</h2><p>Leading European sex educators continually emphasize the importance of distinguishing between digital fantasy and physical reality. The adult industry often portrays highly choreographed, unrealistic scenarios that create false, toxic expectations for real-world intimacy. When individuals attempt to translate these extreme fantasies into their personal lives, it inevitably leads to disappointment and relationship friction.</p><h2>Understanding the Neurological Impact</h2><p>One of the most alarming clinical trends identified by psychologists today is the rapid rise of PIED (Porn-Induced Erectile Dysfunction). Unlike traditional physical dysfunction, PIED is strictly neurological. The brain becomes so accustomed to extreme, high-speed visual stimulation on screens that it can no longer respond properly to a real human partner. Fortunately, abstaining from this content can reverse the neurological damage over several months.</p><h2>The Path to Real Intimacy</h2><p>The journey to recovery always starts with self-awareness. If you find yourself mindlessly scrolling through tube sites late at night, your brain is likely seeking a cheap escape from daily stress or loneliness. Consciously replacing this destructive habit with healthy coping mechanisms—such as regular exercise, mindfulness meditation, or genuine social interaction—is the critical first step toward reclaiming your mental clarity.</p><p><em>Educational Note: This article is designed to provide scientific, European-standard sex education and psychological insights regarding the consumption of adult materials.</em></p>",https://images.unsplash.com/photo-1520607162513-77705c0f0d4a?auto=format&fit=crop&w=800&q=80,2026-06-17T20:58:16.995Z,"XXX Movies HD, Mental Health, Psychology, Education, Relationships"
"Searching for Premium Sex Tube? The Unseen Effect on Intimate Relationships",searching-for-premium-sex-tube-114-41588-346,"Looking for Premium Sex Tube? Before you click, discover the unseen effect on intimate relationships in this comprehensive psychological deep-dive based on modern European educational standards.","<h2>The Reality Behind Your Search</h2><p>Mental health professionals often draw striking parallels between the habitual streaming of adult videos and severe substance abuse. The unprecedented ease of access on smartphones means the 'drug' is literally always in your pocket. Over time, users find they need more extreme, shocking, or novel content to achieve the same baseline level of satisfaction, a classic hallmark of escalating behavioral addiction.</p><h2>Understanding the Neurological Impact</h2><p>One of the most alarming clinical trends identified by psychologists today is the rapid rise of PIED (Porn-Induced Erectile Dysfunction). Unlike traditional physical dysfunction, PIED is strictly neurological. The brain becomes so accustomed to extreme, high-speed visual stimulation on screens that it can no longer respond properly to a real human partner. Fortunately, abstaining from this content can reverse the neurological damage over several months.</p><h2>The Path to Real Intimacy</h2><p>Building real intimacy requires deep vulnerability, emotional patience, and authentic connection—three crucial elements completely absent in synthetic, on-demand adult content. By constantly rewiring the brain to expect instant, zero-effort gratification, individuals slowly lose their natural capacity to navigate the beautiful complexities of genuine human relationships.</p><p><em>Educational Note: This article is designed to provide scientific, European-standard sex education and psychological insights regarding the consumption of adult materials.</em></p>",https://images.unsplash.com/photo-1559650656-5d1d361ad10e?auto=format&fit=crop&w=800&q=80,2026-08-24T04:38:34.541Z,"Premium Sex Tube, Mental Health, Psychology, Education, Relationships"
"Searching for Hot Adult Clips? The Unseen Effect on Intimate Relationships",searching-for-hot-adult-clips-115-41588-643,"Looking for Hot Adult Clips? Before you click, discover the unseen effect on intimate relationships in this comprehensive psychological deep-dive based on modern European educational standards.","<h2>The Reality Behind Your Search</h2><p>Leading European sex educators continually emphasize the importance of distinguishing between digital fantasy and physical reality. The adult industry often portrays highly choreographed, unrealistic scenarios that create false, toxic expectations for real-world intimacy. When individuals attempt to translate these extreme fantasies into their personal lives, it inevitably leads to disappointment and relationship friction.</p><h2>Understanding the Neurological Impact</h2><p>One of the most alarming clinical trends identified by psychologists today is the rapid rise of PIED (Porn-Induced Erectile Dysfunction). Unlike traditional physical dysfunction, PIED is strictly neurological. The brain becomes so accustomed to extreme, high-speed visual stimulation on screens that it can no longer respond properly to a real human partner. Fortunately, abstaining from this content can reverse the neurological damage over several months.</p><h2>The Path to Real Intimacy</h2><p>Building real intimacy requires deep vulnerability, emotional patience, and authentic connection—three crucial elements completely absent in synthetic, on-demand adult content. By constantly rewiring the brain to expect instant, zero-effort gratification, individuals slowly lose their natural capacity to navigate the beautiful complexities of genuine human relationships.</p><p><em>Educational Note: This article is designed to provide scientific, European-standard sex education and psychological insights regarding the consumption of adult materials.</em></p>",https://images.unsplash.com/photo-1550831107-1553da8c8464?auto=format&fit=crop&w=800&q=80,2026-09-24T21:21:30.341Z,"Hot Adult Clips, Mental Health, Psychology, Education, Relationships"
"Searching for Free Sex Videos HD? How It Impacts Your Dopamine Levels",searching-for-free-sex-videos-hd-116-41588-924,"Looking for Free Sex Videos HD? Before you click, discover how it impacts your dopamine levels in this comprehensive psychological deep-dive based on modern European educational standards.","<h2>The Reality Behind Your Search</h2><p>Beyond the well-documented neurological impacts, the profound ethical implications of the adult industry cannot be ignored. Millions of viewers remain completely unaware of the exploitative, unsafe practices frequently occurring behind the scenes. Educating yourself on the harsh realities of commercial production can often break the illusion and help individuals permanently detach from compulsive viewing habits.</p><h2>Understanding the Neurological Impact</h2><p>Building real intimacy requires deep vulnerability, emotional patience, and authentic connection—three crucial elements completely absent in synthetic, on-demand adult content. By constantly rewiring the brain to expect instant, zero-effort gratification, individuals slowly lose their natural capacity to navigate the beautiful complexities of genuine human relationships.</p><h2>The Path to Real Intimacy</h2><p>One of the most alarming clinical trends identified by psychologists today is the rapid rise of PIED (Porn-Induced Erectile Dysfunction). Unlike traditional physical dysfunction, PIED is strictly neurological. The brain becomes so accustomed to extreme, high-speed visual stimulation on screens that it can no longer respond properly to a real human partner. Fortunately, abstaining from this content can reverse the neurological damage over several months.</p><p><em>Educational Note: This article is designed to provide scientific, European-standard sex education and psychological insights regarding the consumption of adult materials.</em></p>",https://images.unsplash.com/photo-1493836512294-502baa1986e2?auto=format&fit=crop&w=800&q=80,2026-07-24T18:43:59.774Z,"Free Sex Videos HD, Mental Health, Psychology, Education, Relationships"
"Searching for HD Adult Videos? The Unseen Effect on Intimate Relationships",searching-for-hd-adult-videos-117-41588-841,"Looking for HD Adult Videos? Before you click, discover the unseen effect on intimate relationships in this comprehensive psychological deep-dive based on modern European educational standards.","<h2>The Reality Behind Your Search</h2><p>The journey to recovery always starts with self-awareness. If you find yourself mindlessly scrolling through tube sites late at night, your brain is likely seeking a cheap escape from daily stress or loneliness. Consciously replacing this destructive habit with healthy coping mechanisms—such as regular exercise, mindfulness meditation, or genuine social interaction—is the critical first step toward reclaiming your mental clarity.</p><h2>Understanding the Neurological Impact</h2><p>Leading European sex educators continually emphasize the importance of distinguishing between digital fantasy and physical reality. The adult industry often portrays highly choreographed, unrealistic scenarios that create false, toxic expectations for real-world intimacy. When individuals attempt to translate these extreme fantasies into their personal lives, it inevitably leads to disappointment and relationship friction.</p><h2>The Path to Real Intimacy</h2><p>In recent years, modern neuroscientists have discovered that excessive consumption of high-stimulation adult content drastically alters the brain's natural reward system. The constant flood of dopamine downregulates essential receptors, meaning everyday pleasures and hobbies no longer feel satisfying. This is often the hidden root cause of lethargy, anxiety, and a sudden lack of motivation in young adults.</p><p><em>Educational Note: This article is designed to provide scientific, European-standard sex education and psychological insights regarding the consumption of adult materials.</em></p>",https://images.unsplash.com/photo-1499209974431-9dddcece7f88?auto=format&fit=crop&w=800&q=80,2026-07-26T17:47:53.695Z,"HD Adult Videos, Mental Health, Psychology, Education, Relationships"
"Searching for Premium Adult Movies? The Connection Between Adult Content and Anxiety",searching-for-premium-adult-movies-118-41588-966,"Looking for Premium Adult Movies? Before you click, discover the connection between adult content and anxiety in this comprehensive psychological deep-dive based on modern European educational standards.","<h2>The Reality Behind Your Search</h2><p>The journey to recovery always starts with self-awareness. If you find yourself mindlessly scrolling through tube sites late at night, your brain is likely seeking a cheap escape from daily stress or loneliness. Consciously replacing this destructive habit with healthy coping mechanisms—such as regular exercise, mindfulness meditation, or genuine social interaction—is the critical first step toward reclaiming your mental clarity.</p><h2>Understanding the Neurological Impact</h2><p>Building real intimacy requires deep vulnerability, emotional patience, and authentic connection—three crucial elements completely absent in synthetic, on-demand adult content. By constantly rewiring the brain to expect instant, zero-effort gratification, individuals slowly lose their natural capacity to navigate the beautiful complexities of genuine human relationships.</p><h2>The Path to Real Intimacy</h2><p>Building real intimacy requires deep vulnerability, emotional patience, and authentic connection—three crucial elements completely absent in synthetic, on-demand adult content. By constantly rewiring the brain to expect instant, zero-effort gratification, individuals slowly lose their natural capacity to navigate the beautiful complexities of genuine human relationships.</p><p><em>Educational Note: This article is designed to provide scientific, European-standard sex education and psychological insights regarding the consumption of adult materials.</em></p>",https://images.unsplash.com/photo-1505506874110-6a7a6c9924cb?auto=format&fit=crop&w=800&q=80,2026-06-14T07:44:30.130Z,"Premium Adult Movies, Mental Health, Psychology, Education, Relationships"
"Searching for Top Adult Tube? How It Distorts Your Expectations of Real Intimacy",searching-for-top-adult-tube-119-41588-565,"Looking for Top Adult Tube? Before you click, discover how it distorts your expectations of real intimacy in this comprehensive psychological deep-dive based on modern European educational standards.","<h2>The Reality Behind Your Search</h2><p>Building real intimacy requires deep vulnerability, emotional patience, and authentic connection—three crucial elements completely absent in synthetic, on-demand adult content. By constantly rewiring the brain to expect instant, zero-effort gratification, individuals slowly lose their natural capacity to navigate the beautiful complexities of genuine human relationships.</p><h2>Understanding the Neurological Impact</h2><p>The journey to recovery always starts with self-awareness. If you find yourself mindlessly scrolling through tube sites late at night, your brain is likely seeking a cheap escape from daily stress or loneliness. Consciously replacing this destructive habit with healthy coping mechanisms—such as regular exercise, mindfulness meditation, or genuine social interaction—is the critical first step toward reclaiming your mental clarity.</p><h2>The Path to Real Intimacy</h2><p>Mental health professionals often draw striking parallels between the habitual streaming of adult videos and severe substance abuse. The unprecedented ease of access on smartphones means the 'drug' is literally always in your pocket. Over time, users find they need more extreme, shocking, or novel content to achieve the same baseline level of satisfaction, a classic hallmark of escalating behavioral addiction.</p><p><em>Educational Note: This article is designed to provide scientific, European-standard sex education and psychological insights regarding the consumption of adult materials.</em></p>",https://images.unsplash.com/photo-1520607162513-77705c0f0d4a?auto=format&fit=crop&w=800&q=80,2026-06-17T23:53:46.863Z,"Top Adult Tube, Mental Health, Psychology, Education, Relationships"
"Searching for Free Adult Clips? The Dark Reality Behind the Adult Industry",searching-for-free-adult-clips-120-41588-618,"Looking for Free Adult Clips? Before you click, discover the dark reality behind the adult industry in this comprehensive psychological deep-dive based on modern European educational standards.","<h2>The Reality Behind Your Search</h2><p>The journey to recovery always starts with self-awareness. If you find yourself mindlessly scrolling through tube sites late at night, your brain is likely seeking a cheap escape from daily stress or loneliness. Consciously replacing this destructive habit with healthy coping mechanisms—such as regular exercise, mindfulness meditation, or genuine social interaction—is the critical first step toward reclaiming your mental clarity.</p><h2>Understanding the Neurological Impact</h2><p>The journey to recovery always starts with self-awareness. If you find yourself mindlessly scrolling through tube sites late at night, your brain is likely seeking a cheap escape from daily stress or loneliness. Consciously replacing this destructive habit with healthy coping mechanisms—such as regular exercise, mindfulness meditation, or genuine social interaction—is the critical first step toward reclaiming your mental clarity.</p><h2>The Path to Real Intimacy</h2><p>In recent years, modern neuroscientists have discovered that excessive consumption of high-stimulation adult content drastically alters the brain's natural reward system. The constant flood of dopamine downregulates essential receptors, meaning everyday pleasures and hobbies no longer feel satisfying. This is often the hidden root cause of lethargy, anxiety, and a sudden lack of motivation in young adults.</p><p><em>Educational Note: This article is designed to provide scientific, European-standard sex education and psychological insights regarding the consumption of adult materials.</em></p>",https://images.unsplash.com/photo-1559650656-5d1d361ad10e?auto=format&fit=crop&w=800&q=80,2026-08-26T09:28:42.704Z,"Free Adult Clips, Mental Health, Psychology, Education, Relationships"
"Searching for Adult Streaming HD? How It Distorts Your Expectations of Real Intimacy",searching-for-adult-streaming-hd-121-41588-971,"Looking for Adult Streaming HD? Before you click, discover how it distorts your expectations of real intimacy in this comprehensive psychological deep-dive based on modern European educational standards.","<h2>The Reality Behind Your Search</h2><p>One of the most alarming clinical trends identified by psychologists today is the rapid rise of PIED (Porn-Induced Erectile Dysfunction). Unlike traditional physical dysfunction, PIED is strictly neurological. The brain becomes so accustomed to extreme, high-speed visual stimulation on screens that it can no longer respond properly to a real human partner. Fortunately, abstaining from this content can reverse the neurological damage over several months.</p><h2>Understanding the Neurological Impact</h2><p>The journey to recovery always starts with self-awareness. If you find yourself mindlessly scrolling through tube sites late at night, your brain is likely seeking a cheap escape from daily stress or loneliness. Consciously replacing this destructive habit with healthy coping mechanisms—such as regular exercise, mindfulness meditation, or genuine social interaction—is the critical first step toward reclaiming your mental clarity.</p><h2>The Path to Real Intimacy</h2><p>Beyond the well-documented neurological impacts, the profound ethical implications of the adult industry cannot be ignored. Millions of viewers remain completely unaware of the exploitative, unsafe practices frequently occurring behind the scenes. Educating yourself on the harsh realities of commercial production can often break the illusion and help individuals permanently detach from compulsive viewing habits.</p><p><em>Educational Note: This article is designed to provide scientific, European-standard sex education and psychological insights regarding the consumption of adult materials.</em></p>",https://images.unsplash.com/photo-1550831107-1553da8c8464?auto=format&fit=crop&w=800&q=80,2026-08-03T07:46:22.229Z,"Adult Streaming HD, Mental Health, Psychology, Education, Relationships"
"Searching for Adult Content Uncensored? Why It Can Lead to Erectile Dysfunction in Men",searching-for-adult-content-uncensored-122-41588-55,"Looking for Adult Content Uncensored? Before you click, discover why it can lead to erectile dysfunction in men in this comprehensive psychological deep-dive based on modern European educational standards.","<h2>The Reality Behind Your Search</h2><p>In recent years, modern neuroscientists have discovered that excessive consumption of high-stimulation adult content drastically alters the brain's natural reward system. The constant flood of dopamine downregulates essential receptors, meaning everyday pleasures and hobbies no longer feel satisfying. This is often the hidden root cause of lethargy, anxiety, and a sudden lack of motivation in young adults.</p><h2>Understanding the Neurological Impact</h2><p>The journey to recovery always starts with self-awareness. If you find yourself mindlessly scrolling through tube sites late at night, your brain is likely seeking a cheap escape from daily stress or loneliness. Consciously replacing this destructive habit with healthy coping mechanisms—such as regular exercise, mindfulness meditation, or genuine social interaction—is the critical first step toward reclaiming your mental clarity.</p><h2>The Path to Real Intimacy</h2><p>Leading European sex educators continually emphasize the importance of distinguishing between digital fantasy and physical reality. The adult industry often portrays highly choreographed, unrealistic scenarios that create false, toxic expectations for real-world intimacy. When individuals attempt to translate these extreme fantasies into their personal lives, it inevitably leads to disappointment and relationship friction.</p><p><em>Educational Note: This article is designed to provide scientific, European-standard sex education and psychological insights regarding the consumption of adult materials.</em></p>",https://images.unsplash.com/photo-1493836512294-502baa1986e2?auto=format&fit=crop&w=800&q=80,2026-06-14T09:28:09.720Z,"Adult Content Uncensored, Mental Health, Psychology, Education, Relationships"
"Searching for Best Adult Sites? How It Distorts Your Expectations of Real Intimacy",searching-for-best-adult-sites-123-41588-927,"Looking for Best Adult Sites? Before you click, discover how it distorts your expectations of real intimacy in this comprehensive psychological deep-dive based on modern European educational standards.","<h2>The Reality Behind Your Search</h2><p>Building real intimacy requires deep vulnerability, emotional patience, and authentic connection—three crucial elements completely absent in synthetic, on-demand adult content. By constantly rewiring the brain to expect instant, zero-effort gratification, individuals slowly lose their natural capacity to navigate the beautiful complexities of genuine human relationships.</p><h2>Understanding the Neurological Impact</h2><p>One of the most alarming clinical trends identified by psychologists today is the rapid rise of PIED (Porn-Induced Erectile Dysfunction). Unlike traditional physical dysfunction, PIED is strictly neurological. The brain becomes so accustomed to extreme, high-speed visual stimulation on screens that it can no longer respond properly to a real human partner. Fortunately, abstaining from this content can reverse the neurological damage over several months.</p><h2>The Path to Real Intimacy</h2><p>Building real intimacy requires deep vulnerability, emotional patience, and authentic connection—three crucial elements completely absent in synthetic, on-demand adult content. By constantly rewiring the brain to expect instant, zero-effort gratification, individuals slowly lose their natural capacity to navigate the beautiful complexities of genuine human relationships.</p><p><em>Educational Note: This article is designed to provide scientific, European-standard sex education and psychological insights regarding the consumption of adult materials.</em></p>",https://images.unsplash.com/photo-1499209974431-9dddcece7f88?auto=format&fit=crop&w=800&q=80,2026-07-05T11:41:14.008Z,"Best Adult Sites, Mental Health, Psychology, Education, Relationships"
"Searching for Online Adult Streaming? Why It Lowers Your Daily Productivity",searching-for-online-adult-streaming-124-41588-24,"Looking for Online Adult Streaming? Before you click, discover why it lowers your daily productivity in this comprehensive psychological deep-dive based on modern European educational standards.","<h2>The Reality Behind Your Search</h2><p>One of the most alarming clinical trends identified by psychologists today is the rapid rise of PIED (Porn-Induced Erectile Dysfunction). Unlike traditional physical dysfunction, PIED is strictly neurological. The brain becomes so accustomed to extreme, high-speed visual stimulation on screens that it can no longer respond properly to a real human partner. Fortunately, abstaining from this content can reverse the neurological damage over several months.</p><h2>Understanding the Neurological Impact</h2><p>Leading European sex educators continually emphasize the importance of distinguishing between digital fantasy and physical reality. The adult industry often portrays highly choreographed, unrealistic scenarios that create false, toxic expectations for real-world intimacy. When individuals attempt to translate these extreme fantasies into their personal lives, it inevitably leads to disappointment and relationship friction.</p><h2>The Path to Real Intimacy</h2><p>Leading European sex educators continually emphasize the importance of distinguishing between digital fantasy and physical reality. The adult industry often portrays highly choreographed, unrealistic scenarios that create false, toxic expectations for real-world intimacy. When individuals attempt to translate these extreme fantasies into their personal lives, it inevitably leads to disappointment and relationship friction.</p><p><em>Educational Note: This article is designed to provide scientific, European-standard sex education and psychological insights regarding the consumption of adult materials.</em></p>",https://images.unsplash.com/photo-1505506874110-6a7a6c9924cb?auto=format&fit=crop&w=800&q=80,2026-08-10T14:51:28.755Z,"Online Adult Streaming, Mental Health, Psychology, Education, Relationships"
"Searching for Exclusive Adult Entertainment? The Unseen Effect on Intimate Relationships",searching-for-exclusive-adult-entertainment-125-41588-708,"Looking for Exclusive Adult Entertainment? Before you click, discover the unseen effect on intimate relationships in this comprehensive psychological deep-dive based on modern European educational standards.","<h2>The Reality Behind Your Search</h2><p>In recent years, modern neuroscientists have discovered that excessive consumption of high-stimulation adult content drastically alters the brain's natural reward system. The constant flood of dopamine downregulates essential receptors, meaning everyday pleasures and hobbies no longer feel satisfying. This is often the hidden root cause of lethargy, anxiety, and a sudden lack of motivation in young adults.</p><h2>Understanding the Neurological Impact</h2><p>The journey to recovery always starts with self-awareness. If you find yourself mindlessly scrolling through tube sites late at night, your brain is likely seeking a cheap escape from daily stress or loneliness. Consciously replacing this destructive habit with healthy coping mechanisms—such as regular exercise, mindfulness meditation, or genuine social interaction—is the critical first step toward reclaiming your mental clarity.</p><h2>The Path to Real Intimacy</h2><p>The journey to recovery always starts with self-awareness. If you find yourself mindlessly scrolling through tube sites late at night, your brain is likely seeking a cheap escape from daily stress or loneliness. Consciously replacing this destructive habit with healthy coping mechanisms—such as regular exercise, mindfulness meditation, or genuine social interaction—is the critical first step toward reclaiming your mental clarity.</p><p><em>Educational Note: This article is designed to provide scientific, European-standard sex education and psychological insights regarding the consumption of adult materials.</em></p>",https://images.unsplash.com/photo-1520607162513-77705c0f0d4a?auto=format&fit=crop&w=800&q=80,2026-08-31T03:01:11.519Z,"Exclusive Adult Entertainment, Mental Health, Psychology, Education, Relationships"
"Searching for XXX Movies HD? The Connection Between Adult Content and Anxiety",searching-for-xxx-movies-hd-126-41588-635,"Looking for XXX Movies HD? Before you click, discover the connection between adult content and anxiety in this comprehensive psychological deep-dive based on modern European educational standards.","<h2>The Reality Behind Your Search</h2><p>Leading European sex educators continually emphasize the importance of distinguishing between digital fantasy and physical reality. The adult industry often portrays highly choreographed, unrealistic scenarios that create false, toxic expectations for real-world intimacy. When individuals attempt to translate these extreme fantasies into their personal lives, it inevitably leads to disappointment and relationship friction.</p><h2>Understanding the Neurological Impact</h2><p>In recent years, modern neuroscientists have discovered that excessive consumption of high-stimulation adult content drastically alters the brain's natural reward system. The constant flood of dopamine downregulates essential receptors, meaning everyday pleasures and hobbies no longer feel satisfying. This is often the hidden root cause of lethargy, anxiety, and a sudden lack of motivation in young adults.</p><h2>The Path to Real Intimacy</h2><p>Leading European sex educators continually emphasize the importance of distinguishing between digital fantasy and physical reality. The adult industry often portrays highly choreographed, unrealistic scenarios that create false, toxic expectations for real-world intimacy. When individuals attempt to translate these extreme fantasies into their personal lives, it inevitably leads to disappointment and relationship friction.</p><p><em>Educational Note: This article is designed to provide scientific, European-standard sex education and psychological insights regarding the consumption of adult materials.</em></p>",https://images.unsplash.com/photo-1559650656-5d1d361ad10e?auto=format&fit=crop&w=800&q=80,2026-06-10T20:01:42.797Z,"XXX Movies HD, Mental Health, Psychology, Education, Relationships"
"Searching for Premium Sex Tube? The Science of Habit and Recovery",searching-for-premium-sex-tube-127-41588-327,"Looking for Premium Sex Tube? Before you click, discover the science of habit and recovery in this comprehensive psychological deep-dive based on modern European educational standards.","<h2>The Reality Behind Your Search</h2><p>One of the most alarming clinical trends identified by psychologists today is the rapid rise of PIED (Porn-Induced Erectile Dysfunction). Unlike traditional physical dysfunction, PIED is strictly neurological. The brain becomes so accustomed to extreme, high-speed visual stimulation on screens that it can no longer respond properly to a real human partner. Fortunately, abstaining from this content can reverse the neurological damage over several months.</p><h2>Understanding the Neurological Impact</h2><p>One of the most alarming clinical trends identified by psychologists today is the rapid rise of PIED (Porn-Induced Erectile Dysfunction). Unlike traditional physical dysfunction, PIED is strictly neurological. The brain becomes so accustomed to extreme, high-speed visual stimulation on screens that it can no longer respond properly to a real human partner. Fortunately, abstaining from this content can reverse the neurological damage over several months.</p><h2>The Path to Real Intimacy</h2><p>In recent years, modern neuroscientists have discovered that excessive consumption of high-stimulation adult content drastically alters the brain's natural reward system. The constant flood of dopamine downregulates essential receptors, meaning everyday pleasures and hobbies no longer feel satisfying. This is often the hidden root cause of lethargy, anxiety, and a sudden lack of motivation in young adults.</p><p><em>Educational Note: This article is designed to provide scientific, European-standard sex education and psychological insights regarding the consumption of adult materials.</em></p>",https://images.unsplash.com/photo-1550831107-1553da8c8464?auto=format&fit=crop&w=800&q=80,2026-07-14T00:59:16.710Z,"Premium Sex Tube, Mental Health, Psychology, Education, Relationships"
"Searching for Hot Adult Clips? How It Distorts Your Expectations of Real Intimacy",searching-for-hot-adult-clips-128-41588-918,"Looking for Hot Adult Clips? Before you click, discover how it distorts your expectations of real intimacy in this comprehensive psychological deep-dive based on modern European educational standards.","<h2>The Reality Behind Your Search</h2><p>Beyond the well-documented neurological impacts, the profound ethical implications of the adult industry cannot be ignored. Millions of viewers remain completely unaware of the exploitative, unsafe practices frequently occurring behind the scenes. Educating yourself on the harsh realities of commercial production can often break the illusion and help individuals permanently detach from compulsive viewing habits.</p><h2>Understanding the Neurological Impact</h2><p>Mental health professionals often draw striking parallels between the habitual streaming of adult videos and severe substance abuse. The unprecedented ease of access on smartphones means the 'drug' is literally always in your pocket. Over time, users find they need more extreme, shocking, or novel content to achieve the same baseline level of satisfaction, a classic hallmark of escalating behavioral addiction.</p><h2>The Path to Real Intimacy</h2><p>Mental health professionals often draw striking parallels between the habitual streaming of adult videos and severe substance abuse. The unprecedented ease of access on smartphones means the 'drug' is literally always in your pocket. Over time, users find they need more extreme, shocking, or novel content to achieve the same baseline level of satisfaction, a classic hallmark of escalating behavioral addiction.</p><p><em>Educational Note: This article is designed to provide scientific, European-standard sex education and psychological insights regarding the consumption of adult materials.</em></p>",https://images.unsplash.com/photo-1493836512294-502baa1986e2?auto=format&fit=crop&w=800&q=80,2026-09-12T08:59:47.910Z,"Hot Adult Clips, Mental Health, Psychology, Education, Relationships"
"Searching for Free Sex Videos HD? The Unseen Effect on Intimate Relationships",searching-for-free-sex-videos-hd-129-41588-988,"Looking for Free Sex Videos HD? Before you click, discover the unseen effect on intimate relationships in this comprehensive psychological deep-dive based on modern European educational standards.","<h2>The Reality Behind Your Search</h2><p>The journey to recovery always starts with self-awareness. If you find yourself mindlessly scrolling through tube sites late at night, your brain is likely seeking a cheap escape from daily stress or loneliness. Consciously replacing this destructive habit with healthy coping mechanisms—such as regular exercise, mindfulness meditation, or genuine social interaction—is the critical first step toward reclaiming your mental clarity.</p><h2>Understanding the Neurological Impact</h2><p>Beyond the well-documented neurological impacts, the profound ethical implications of the adult industry cannot be ignored. Millions of viewers remain completely unaware of the exploitative, unsafe practices frequently occurring behind the scenes. Educating yourself on the harsh realities of commercial production can often break the illusion and help individuals permanently detach from compulsive viewing habits.</p><h2>The Path to Real Intimacy</h2><p>The journey to recovery always starts with self-awareness. If you find yourself mindlessly scrolling through tube sites late at night, your brain is likely seeking a cheap escape from daily stress or loneliness. Consciously replacing this destructive habit with healthy coping mechanisms—such as regular exercise, mindfulness meditation, or genuine social interaction—is the critical first step toward reclaiming your mental clarity.</p><p><em>Educational Note: This article is designed to provide scientific, European-standard sex education and psychological insights regarding the consumption of adult materials.</em></p>",https://images.unsplash.com/photo-1499209974431-9dddcece7f88?auto=format&fit=crop&w=800&q=80,2026-06-27T04:45:41.854Z,"Free Sex Videos HD, Mental Health, Psychology, Education, Relationships"
"Searching for HD Adult Videos? The Psychological Cycle You Can't Escape",searching-for-hd-adult-videos-130-41588-565,"Looking for HD Adult Videos? Before you click, discover the psychological cycle you can't escape in this comprehensive psychological deep-dive based on modern European educational standards.","<h2>The Reality Behind Your Search</h2><p>Beyond the well-documented neurological impacts, the profound ethical implications of the adult industry cannot be ignored. Millions of viewers remain completely unaware of the exploitative, unsafe practices frequently occurring behind the scenes. Educating yourself on the harsh realities of commercial production can often break the illusion and help individuals permanently detach from compulsive viewing habits.</p><h2>Understanding the Neurological Impact</h2><p>The journey to recovery always starts with self-awareness. If you find yourself mindlessly scrolling through tube sites late at night, your brain is likely seeking a cheap escape from daily stress or loneliness. Consciously replacing this destructive habit with healthy coping mechanisms—such as regular exercise, mindfulness meditation, or genuine social interaction—is the critical first step toward reclaiming your mental clarity.</p><h2>The Path to Real Intimacy</h2><p>Mental health professionals often draw striking parallels between the habitual streaming of adult videos and severe substance abuse. The unprecedented ease of access on smartphones means the 'drug' is literally always in your pocket. Over time, users find they need more extreme, shocking, or novel content to achieve the same baseline level of satisfaction, a classic hallmark of escalating behavioral addiction.</p><p><em>Educational Note: This article is designed to provide scientific, European-standard sex education and psychological insights regarding the consumption of adult materials.</em></p>",https://images.unsplash.com/photo-1505506874110-6a7a6c9924cb?auto=format&fit=crop&w=800&q=80,2026-08-21T13:25:47.160Z,"HD Adult Videos, Mental Health, Psychology, Education, Relationships"
"Searching for Premium Adult Movies? The Unseen Effect on Intimate Relationships",searching-for-premium-adult-movies-131-41588-163,"Looking for Premium Adult Movies? Before you click, discover the unseen effect on intimate relationships in this comprehensive psychological deep-dive based on modern European educational standards.","<h2>The Reality Behind Your Search</h2><p>One of the most alarming clinical trends identified by psychologists today is the rapid rise of PIED (Porn-Induced Erectile Dysfunction). Unlike traditional physical dysfunction, PIED is strictly neurological. The brain becomes so accustomed to extreme, high-speed visual stimulation on screens that it can no longer respond properly to a real human partner. Fortunately, abstaining from this content can reverse the neurological damage over several months.</p><h2>Understanding the Neurological Impact</h2><p>One of the most alarming clinical trends identified by psychologists today is the rapid rise of PIED (Porn-Induced Erectile Dysfunction). Unlike traditional physical dysfunction, PIED is strictly neurological. The brain becomes so accustomed to extreme, high-speed visual stimulation on screens that it can no longer respond properly to a real human partner. Fortunately, abstaining from this content can reverse the neurological damage over several months.</p><h2>The Path to Real Intimacy</h2><p>In recent years, modern neuroscientists have discovered that excessive consumption of high-stimulation adult content drastically alters the brain's natural reward system. The constant flood of dopamine downregulates essential receptors, meaning everyday pleasures and hobbies no longer feel satisfying. This is often the hidden root cause of lethargy, anxiety, and a sudden lack of motivation in young adults.</p><p><em>Educational Note: This article is designed to provide scientific, European-standard sex education and psychological insights regarding the consumption of adult materials.</em></p>",https://images.unsplash.com/photo-1520607162513-77705c0f0d4a?auto=format&fit=crop&w=800&q=80,2026-09-18T23:20:36.992Z,"Premium Adult Movies, Mental Health, Psychology, Education, Relationships"
"Searching for Top Adult Tube? The Dark Reality Behind the Adult Industry",searching-for-top-adult-tube-132-41588-763,"Looking for Top Adult Tube? Before you click, discover the dark reality behind the adult industry in this comprehensive psychological deep-dive based on modern European educational standards.","<h2>The Reality Behind Your Search</h2><p>One of the most alarming clinical trends identified by psychologists today is the rapid rise of PIED (Porn-Induced Erectile Dysfunction). Unlike traditional physical dysfunction, PIED is strictly neurological. The brain becomes so accustomed to extreme, high-speed visual stimulation on screens that it can no longer respond properly to a real human partner. Fortunately, abstaining from this content can reverse the neurological damage over several months.</p><h2>Understanding the Neurological Impact</h2><p>In recent years, modern neuroscientists have discovered that excessive consumption of high-stimulation adult content drastically alters the brain's natural reward system. The constant flood of dopamine downregulates essential receptors, meaning everyday pleasures and hobbies no longer feel satisfying. This is often the hidden root cause of lethargy, anxiety, and a sudden lack of motivation in young adults.</p><h2>The Path to Real Intimacy</h2><p>Beyond the well-documented neurological impacts, the profound ethical implications of the adult industry cannot be ignored. Millions of viewers remain completely unaware of the exploitative, unsafe practices frequently occurring behind the scenes. Educating yourself on the harsh realities of commercial production can often break the illusion and help individuals permanently detach from compulsive viewing habits.</p><p><em>Educational Note: This article is designed to provide scientific, European-standard sex education and psychological insights regarding the consumption of adult materials.</em></p>",https://images.unsplash.com/photo-1559650656-5d1d361ad10e?auto=format&fit=crop&w=800&q=80,2026-08-03T13:21:56.226Z,"Top Adult Tube, Mental Health, Psychology, Education, Relationships"
"Searching for Free Adult Clips? The Dark Reality Behind the Adult Industry",searching-for-free-adult-clips-133-41588-230,"Looking for Free Adult Clips? Before you click, discover the dark reality behind the adult industry in this comprehensive psychological deep-dive based on modern European educational standards.","<h2>The Reality Behind Your Search</h2><p>One of the most alarming clinical trends identified by psychologists today is the rapid rise of PIED (Porn-Induced Erectile Dysfunction). Unlike traditional physical dysfunction, PIED is strictly neurological. The brain becomes so accustomed to extreme, high-speed visual stimulation on screens that it can no longer respond properly to a real human partner. Fortunately, abstaining from this content can reverse the neurological damage over several months.</p><h2>Understanding the Neurological Impact</h2><p>One of the most alarming clinical trends identified by psychologists today is the rapid rise of PIED (Porn-Induced Erectile Dysfunction). Unlike traditional physical dysfunction, PIED is strictly neurological. The brain becomes so accustomed to extreme, high-speed visual stimulation on screens that it can no longer respond properly to a real human partner. Fortunately, abstaining from this content can reverse the neurological damage over several months.</p><h2>The Path to Real Intimacy</h2><p>Beyond the well-documented neurological impacts, the profound ethical implications of the adult industry cannot be ignored. Millions of viewers remain completely unaware of the exploitative, unsafe practices frequently occurring behind the scenes. Educating yourself on the harsh realities of commercial production can often break the illusion and help individuals permanently detach from compulsive viewing habits.</p><p><em>Educational Note: This article is designed to provide scientific, European-standard sex education and psychological insights regarding the consumption of adult materials.</em></p>",https://images.unsplash.com/photo-1550831107-1553da8c8464?auto=format&fit=crop&w=800&q=80,2026-09-18T18:29:34.555Z,"Free Adult Clips, Mental Health, Psychology, Education, Relationships"
"Searching for Adult Streaming HD? How It Distorts Your Expectations of Real Intimacy",searching-for-adult-streaming-hd-134-41588-215,"Looking for Adult Streaming HD? Before you click, discover how it distorts your expectations of real intimacy in this comprehensive psychological deep-dive based on modern European educational standards.","<h2>The Reality Behind Your Search</h2><p>Leading European sex educators continually emphasize the importance of distinguishing between digital fantasy and physical reality. The adult industry often portrays highly choreographed, unrealistic scenarios that create false, toxic expectations for real-world intimacy. When individuals attempt to translate these extreme fantasies into their personal lives, it inevitably leads to disappointment and relationship friction.</p><h2>Understanding the Neurological Impact</h2><p>One of the most alarming clinical trends identified by psychologists today is the rapid rise of PIED (Porn-Induced Erectile Dysfunction). Unlike traditional physical dysfunction, PIED is strictly neurological. The brain becomes so accustomed to extreme, high-speed visual stimulation on screens that it can no longer respond properly to a real human partner. Fortunately, abstaining from this content can reverse the neurological damage over several months.</p><h2>The Path to Real Intimacy</h2><p>Leading European sex educators continually emphasize the importance of distinguishing between digital fantasy and physical reality. The adult industry often portrays highly choreographed, unrealistic scenarios that create false, toxic expectations for real-world intimacy. When individuals attempt to translate these extreme fantasies into their personal lives, it inevitably leads to disappointment and relationship friction.</p><p><em>Educational Note: This article is designed to provide scientific, European-standard sex education and psychological insights regarding the consumption of adult materials.</em></p>",https://images.unsplash.com/photo-1493836512294-502baa1986e2?auto=format&fit=crop&w=800&q=80,2026-06-24T02:32:39.120Z,"Adult Streaming HD, Mental Health, Psychology, Education, Relationships"
"Searching for Adult Content Uncensored? Why It Lowers Your Daily Productivity",searching-for-adult-content-uncensored-135-41588-508,"Looking for Adult Content Uncensored? Before you click, discover why it lowers your daily productivity in this comprehensive psychological deep-dive based on modern European educational standards.","<h2>The Reality Behind Your Search</h2><p>Mental health professionals often draw striking parallels between the habitual streaming of adult videos and severe substance abuse. The unprecedented ease of access on smartphones means the 'drug' is literally always in your pocket. Over time, users find they need more extreme, shocking, or novel content to achieve the same baseline level of satisfaction, a classic hallmark of escalating behavioral addiction.</p><h2>Understanding the Neurological Impact</h2><p>In recent years, modern neuroscientists have discovered that excessive consumption of high-stimulation adult content drastically alters the brain's natural reward system. The constant flood of dopamine downregulates essential receptors, meaning everyday pleasures and hobbies no longer feel satisfying. This is often the hidden root cause of lethargy, anxiety, and a sudden lack of motivation in young adults.</p><h2>The Path to Real Intimacy</h2><p>In recent years, modern neuroscientists have discovered that excessive consumption of high-stimulation adult content drastically alters the brain's natural reward system. The constant flood of dopamine downregulates essential receptors, meaning everyday pleasures and hobbies no longer feel satisfying. This is often the hidden root cause of lethargy, anxiety, and a sudden lack of motivation in young adults.</p><p><em>Educational Note: This article is designed to provide scientific, European-standard sex education and psychological insights regarding the consumption of adult materials.</em></p>",https://images.unsplash.com/photo-1499209974431-9dddcece7f88?auto=format&fit=crop&w=800&q=80,2026-07-24T16:13:32.752Z,"Adult Content Uncensored, Mental Health, Psychology, Education, Relationships"
"Searching for Best Adult Sites? The Psychological Cycle You Can't Escape",searching-for-best-adult-sites-136-41588-150,"Looking for Best Adult Sites? Before you click, discover the psychological cycle you can't escape in this comprehensive psychological deep-dive based on modern European educational standards.","<h2>The Reality Behind Your Search</h2><p>The journey to recovery always starts with self-awareness. If you find yourself mindlessly scrolling through tube sites late at night, your brain is likely seeking a cheap escape from daily stress or loneliness. Consciously replacing this destructive habit with healthy coping mechanisms—such as regular exercise, mindfulness meditation, or genuine social interaction—is the critical first step toward reclaiming your mental clarity.</p><h2>Understanding the Neurological Impact</h2><p>Mental health professionals often draw striking parallels between the habitual streaming of adult videos and severe substance abuse. The unprecedented ease of access on smartphones means the 'drug' is literally always in your pocket. Over time, users find they need more extreme, shocking, or novel content to achieve the same baseline level of satisfaction, a classic hallmark of escalating behavioral addiction.</p><h2>The Path to Real Intimacy</h2><p>Building real intimacy requires deep vulnerability, emotional patience, and authentic connection—three crucial elements completely absent in synthetic, on-demand adult content. By constantly rewiring the brain to expect instant, zero-effort gratification, individuals slowly lose their natural capacity to navigate the beautiful complexities of genuine human relationships.</p><p><em>Educational Note: This article is designed to provide scientific, European-standard sex education and psychological insights regarding the consumption of adult materials.</em></p>",https://images.unsplash.com/photo-1505506874110-6a7a6c9924cb?auto=format&fit=crop&w=800&q=80,2026-08-23T15:24:00.653Z,"Best Adult Sites, Mental Health, Psychology, Education, Relationships"
"Searching for Online Adult Streaming? How Your Brain Changes After 30 Days",searching-for-online-adult-streaming-137-41588-903,"Looking for Online Adult Streaming? Before you click, discover how your brain changes after 30 days in this comprehensive psychological deep-dive based on modern European educational standards.","<h2>The Reality Behind Your Search</h2><p>Mental health professionals often draw striking parallels between the habitual streaming of adult videos and severe substance abuse. The unprecedented ease of access on smartphones means the 'drug' is literally always in your pocket. Over time, users find they need more extreme, shocking, or novel content to achieve the same baseline level of satisfaction, a classic hallmark of escalating behavioral addiction.</p><h2>Understanding the Neurological Impact</h2><p>The journey to recovery always starts with self-awareness. If you find yourself mindlessly scrolling through tube sites late at night, your brain is likely seeking a cheap escape from daily stress or loneliness. Consciously replacing this destructive habit with healthy coping mechanisms—such as regular exercise, mindfulness meditation, or genuine social interaction—is the critical first step toward reclaiming your mental clarity.</p><h2>The Path to Real Intimacy</h2><p>Building real intimacy requires deep vulnerability, emotional patience, and authentic connection—three crucial elements completely absent in synthetic, on-demand adult content. By constantly rewiring the brain to expect instant, zero-effort gratification, individuals slowly lose their natural capacity to navigate the beautiful complexities of genuine human relationships.</p><p><em>Educational Note: This article is designed to provide scientific, European-standard sex education and psychological insights regarding the consumption of adult materials.</em></p>",https://images.unsplash.com/photo-1520607162513-77705c0f0d4a?auto=format&fit=crop&w=800&q=80,2026-07-03T18:31:25.517Z,"Online Adult Streaming, Mental Health, Psychology, Education, Relationships"
"Searching for Exclusive Adult Entertainment? The Unseen Effect on Intimate Relationships",searching-for-exclusive-adult-entertainment-138-41588-942,"Looking for Exclusive Adult Entertainment? Before you click, discover the unseen effect on intimate relationships in this comprehensive psychological deep-dive based on modern European educational standards.","<h2>The Reality Behind Your Search</h2><p>The journey to recovery always starts with self-awareness. If you find yourself mindlessly scrolling through tube sites late at night, your brain is likely seeking a cheap escape from daily stress or loneliness. Consciously replacing this destructive habit with healthy coping mechanisms—such as regular exercise, mindfulness meditation, or genuine social interaction—is the critical first step toward reclaiming your mental clarity.</p><h2>Understanding the Neurological Impact</h2><p>The journey to recovery always starts with self-awareness. If you find yourself mindlessly scrolling through tube sites late at night, your brain is likely seeking a cheap escape from daily stress or loneliness. Consciously replacing this destructive habit with healthy coping mechanisms—such as regular exercise, mindfulness meditation, or genuine social interaction—is the critical first step toward reclaiming your mental clarity.</p><h2>The Path to Real Intimacy</h2><p>The journey to recovery always starts with self-awareness. If you find yourself mindlessly scrolling through tube sites late at night, your brain is likely seeking a cheap escape from daily stress or loneliness. Consciously replacing this destructive habit with healthy coping mechanisms—such as regular exercise, mindfulness meditation, or genuine social interaction—is the critical first step toward reclaiming your mental clarity.</p><p><em>Educational Note: This article is designed to provide scientific, European-standard sex education and psychological insights regarding the consumption of adult materials.</em></p>",https://images.unsplash.com/photo-1559650656-5d1d361ad10e?auto=format&fit=crop&w=800&q=80,2026-06-18T23:14:29.591Z,"Exclusive Adult Entertainment, Mental Health, Psychology, Education, Relationships"
"Searching for XXX Movies HD? How Your Brain Changes After 30 Days",searching-for-xxx-movies-hd-139-41588-628,"Looking for XXX Movies HD? Before you click, discover how your brain changes after 30 days in this comprehensive psychological deep-dive based on modern European educational standards.","<h2>The Reality Behind Your Search</h2><p>Beyond the well-documented neurological impacts, the profound ethical implications of the adult industry cannot be ignored. Millions of viewers remain completely unaware of the exploitative, unsafe practices frequently occurring behind the scenes. Educating yourself on the harsh realities of commercial production can often break the illusion and help individuals permanently detach from compulsive viewing habits.</p><h2>Understanding the Neurological Impact</h2><p>One of the most alarming clinical trends identified by psychologists today is the rapid rise of PIED (Porn-Induced Erectile Dysfunction). Unlike traditional physical dysfunction, PIED is strictly neurological. The brain becomes so accustomed to extreme, high-speed visual stimulation on screens that it can no longer respond properly to a real human partner. Fortunately, abstaining from this content can reverse the neurological damage over several months.</p><h2>The Path to Real Intimacy</h2><p>The journey to recovery always starts with self-awareness. If you find yourself mindlessly scrolling through tube sites late at night, your brain is likely seeking a cheap escape from daily stress or loneliness. Consciously replacing this destructive habit with healthy coping mechanisms—such as regular exercise, mindfulness meditation, or genuine social interaction—is the critical first step toward reclaiming your mental clarity.</p><p><em>Educational Note: This article is designed to provide scientific, European-standard sex education and psychological insights regarding the consumption of adult materials.</em></p>",https://images.unsplash.com/photo-1550831107-1553da8c8464?auto=format&fit=crop&w=800&q=80,2026-07-21T14:56:45.661Z,"XXX Movies HD, Mental Health, Psychology, Education, Relationships"
"Searching for Premium Sex Tube? How It Distorts Your Expectations of Real Intimacy",searching-for-premium-sex-tube-140-41588-919,"Looking for Premium Sex Tube? Before you click, discover how it distorts your expectations of real intimacy in this comprehensive psychological deep-dive based on modern European educational standards.","<h2>The Reality Behind Your Search</h2><p>The journey to recovery always starts with self-awareness. If you find yourself mindlessly scrolling through tube sites late at night, your brain is likely seeking a cheap escape from daily stress or loneliness. Consciously replacing this destructive habit with healthy coping mechanisms—such as regular exercise, mindfulness meditation, or genuine social interaction—is the critical first step toward reclaiming your mental clarity.</p><h2>Understanding the Neurological Impact</h2><p>In recent years, modern neuroscientists have discovered that excessive consumption of high-stimulation adult content drastically alters the brain's natural reward system. The constant flood of dopamine downregulates essential receptors, meaning everyday pleasures and hobbies no longer feel satisfying. This is often the hidden root cause of lethargy, anxiety, and a sudden lack of motivation in young adults.</p><h2>The Path to Real Intimacy</h2><p>Building real intimacy requires deep vulnerability, emotional patience, and authentic connection—three crucial elements completely absent in synthetic, on-demand adult content. By constantly rewiring the brain to expect instant, zero-effort gratification, individuals slowly lose their natural capacity to navigate the beautiful complexities of genuine human relationships.</p><p><em>Educational Note: This article is designed to provide scientific, European-standard sex education and psychological insights regarding the consumption of adult materials.</em></p>",https://images.unsplash.com/photo-1493836512294-502baa1986e2?auto=format&fit=crop&w=800&q=80,2026-08-23T20:54:28.801Z,"Premium Sex Tube, Mental Health, Psychology, Education, Relationships"
"Searching for Hot Adult Clips? Why It Can Lead to Erectile Dysfunction in Men",searching-for-hot-adult-clips-141-41588-879,"Looking for Hot Adult Clips? Before you click, discover why it can lead to erectile dysfunction in men in this comprehensive psychological deep-dive based on modern European educational standards.","<h2>The Reality Behind Your Search</h2><p>One of the most alarming clinical trends identified by psychologists today is the rapid rise of PIED (Porn-Induced Erectile Dysfunction). Unlike traditional physical dysfunction, PIED is strictly neurological. The brain becomes so accustomed to extreme, high-speed visual stimulation on screens that it can no longer respond properly to a real human partner. Fortunately, abstaining from this content can reverse the neurological damage over several months.</p><h2>Understanding the Neurological Impact</h2><p>Building real intimacy requires deep vulnerability, emotional patience, and authentic connection—three crucial elements completely absent in synthetic, on-demand adult content. By constantly rewiring the brain to expect instant, zero-effort gratification, individuals slowly lose their natural capacity to navigate the beautiful complexities of genuine human relationships.</p><h2>The Path to Real Intimacy</h2><p>Leading European sex educators continually emphasize the importance of distinguishing between digital fantasy and physical reality. The adult industry often portrays highly choreographed, unrealistic scenarios that create false, toxic expectations for real-world intimacy. When individuals attempt to translate these extreme fantasies into their personal lives, it inevitably leads to disappointment and relationship friction.</p><p><em>Educational Note: This article is designed to provide scientific, European-standard sex education and psychological insights regarding the consumption of adult materials.</em></p>",https://images.unsplash.com/photo-1499209974431-9dddcece7f88?auto=format&fit=crop&w=800&q=80,2026-09-18T17:29:20.083Z,"Hot Adult Clips, Mental Health, Psychology, Education, Relationships"
"Searching for Free Sex Videos HD? The Connection Between Adult Content and Anxiety",searching-for-free-sex-videos-hd-142-41588-279,"Looking for Free Sex Videos HD? Before you click, discover the connection between adult content and anxiety in this comprehensive psychological deep-dive based on modern European educational standards.","<h2>The Reality Behind Your Search</h2><p>Building real intimacy requires deep vulnerability, emotional patience, and authentic connection—three crucial elements completely absent in synthetic, on-demand adult content. By constantly rewiring the brain to expect instant, zero-effort gratification, individuals slowly lose their natural capacity to navigate the beautiful complexities of genuine human relationships.</p><h2>Understanding the Neurological Impact</h2><p>Leading European sex educators continually emphasize the importance of distinguishing between digital fantasy and physical reality. The adult industry often portrays highly choreographed, unrealistic scenarios that create false, toxic expectations for real-world intimacy. When individuals attempt to translate these extreme fantasies into their personal lives, it inevitably leads to disappointment and relationship friction.</p><h2>The Path to Real Intimacy</h2><p>Beyond the well-documented neurological impacts, the profound ethical implications of the adult industry cannot be ignored. Millions of viewers remain completely unaware of the exploitative, unsafe practices frequently occurring behind the scenes. Educating yourself on the harsh realities of commercial production can often break the illusion and help individuals permanently detach from compulsive viewing habits.</p><p><em>Educational Note: This article is designed to provide scientific, European-standard sex education and psychological insights regarding the consumption of adult materials.</em></p>",https://images.unsplash.com/photo-1505506874110-6a7a6c9924cb?auto=format&fit=crop&w=800&q=80,2026-09-19T04:52:41.361Z,"Free Sex Videos HD, Mental Health, Psychology, Education, Relationships"
"Searching for HD Adult Videos? How It Distorts Your Expectations of Real Intimacy",searching-for-hd-adult-videos-143-41588-648,"Looking for HD Adult Videos? Before you click, discover how it distorts your expectations of real intimacy in this comprehensive psychological deep-dive based on modern European educational standards.","<h2>The Reality Behind Your Search</h2><p>Mental health professionals often draw striking parallels between the habitual streaming of adult videos and severe substance abuse. The unprecedented ease of access on smartphones means the 'drug' is literally always in your pocket. Over time, users find they need more extreme, shocking, or novel content to achieve the same baseline level of satisfaction, a classic hallmark of escalating behavioral addiction.</p><h2>Understanding the Neurological Impact</h2><p>The journey to recovery always starts with self-awareness. If you find yourself mindlessly scrolling through tube sites late at night, your brain is likely seeking a cheap escape from daily stress or loneliness. Consciously replacing this destructive habit with healthy coping mechanisms—such as regular exercise, mindfulness meditation, or genuine social interaction—is the critical first step toward reclaiming your mental clarity.</p><h2>The Path to Real Intimacy</h2><p>Leading European sex educators continually emphasize the importance of distinguishing between digital fantasy and physical reality. The adult industry often portrays highly choreographed, unrealistic scenarios that create false, toxic expectations for real-world intimacy. When individuals attempt to translate these extreme fantasies into their personal lives, it inevitably leads to disappointment and relationship friction.</p><p><em>Educational Note: This article is designed to provide scientific, European-standard sex education and psychological insights regarding the consumption of adult materials.</em></p>",https://images.unsplash.com/photo-1520607162513-77705c0f0d4a?auto=format&fit=crop&w=800&q=80,2026-07-15T10:04:46.664Z,"HD Adult Videos, Mental Health, Psychology, Education, Relationships"
"Searching for Premium Adult Movies? The Science of Habit and Recovery",searching-for-premium-adult-movies-144-41588-514,"Looking for Premium Adult Movies? Before you click, discover the science of habit and recovery in this comprehensive psychological deep-dive based on modern European educational standards.","<h2>The Reality Behind Your Search</h2><p>Building real intimacy requires deep vulnerability, emotional patience, and authentic connection—three crucial elements completely absent in synthetic, on-demand adult content. By constantly rewiring the brain to expect instant, zero-effort gratification, individuals slowly lose their natural capacity to navigate the beautiful complexities of genuine human relationships.</p><h2>Understanding the Neurological Impact</h2><p>Beyond the well-documented neurological impacts, the profound ethical implications of the adult industry cannot be ignored. Millions of viewers remain completely unaware of the exploitative, unsafe practices frequently occurring behind the scenes. Educating yourself on the harsh realities of commercial production can often break the illusion and help individuals permanently detach from compulsive viewing habits.</p><h2>The Path to Real Intimacy</h2><p>In recent years, modern neuroscientists have discovered that excessive consumption of high-stimulation adult content drastically alters the brain's natural reward system. The constant flood of dopamine downregulates essential receptors, meaning everyday pleasures and hobbies no longer feel satisfying. This is often the hidden root cause of lethargy, anxiety, and a sudden lack of motivation in young adults.</p><p><em>Educational Note: This article is designed to provide scientific, European-standard sex education and psychological insights regarding the consumption of adult materials.</em></p>",https://images.unsplash.com/photo-1559650656-5d1d361ad10e?auto=format&fit=crop&w=800&q=80,2026-08-07T03:05:01.795Z,"Premium Adult Movies, Mental Health, Psychology, Education, Relationships"
"Searching for Top Adult Tube? The Psychological Cycle You Can't Escape",searching-for-top-adult-tube-145-41588-262,"Looking for Top Adult Tube? Before you click, discover the psychological cycle you can't escape in this comprehensive psychological deep-dive based on modern European educational standards.","<h2>The Reality Behind Your Search</h2><p>One of the most alarming clinical trends identified by psychologists today is the rapid rise of PIED (Porn-Induced Erectile Dysfunction). Unlike traditional physical dysfunction, PIED is strictly neurological. The brain becomes so accustomed to extreme, high-speed visual stimulation on screens that it can no longer respond properly to a real human partner. Fortunately, abstaining from this content can reverse the neurological damage over several months.</p><h2>Understanding the Neurological Impact</h2><p>One of the most alarming clinical trends identified by psychologists today is the rapid rise of PIED (Porn-Induced Erectile Dysfunction). Unlike traditional physical dysfunction, PIED is strictly neurological. The brain becomes so accustomed to extreme, high-speed visual stimulation on screens that it can no longer respond properly to a real human partner. Fortunately, abstaining from this content can reverse the neurological damage over several months.</p><h2>The Path to Real Intimacy</h2><p>Beyond the well-documented neurological impacts, the profound ethical implications of the adult industry cannot be ignored. Millions of viewers remain completely unaware of the exploitative, unsafe practices frequently occurring behind the scenes. Educating yourself on the harsh realities of commercial production can often break the illusion and help individuals permanently detach from compulsive viewing habits.</p><p><em>Educational Note: This article is designed to provide scientific, European-standard sex education and psychological insights regarding the consumption of adult materials.</em></p>",https://images.unsplash.com/photo-1550831107-1553da8c8464?auto=format&fit=crop&w=800&q=80,2026-08-04T18:30:15.323Z,"Top Adult Tube, Mental Health, Psychology, Education, Relationships"
"Searching for Free Adult Clips? The Science of Habit and Recovery",searching-for-free-adult-clips-146-41588-932,"Looking for Free Adult Clips? Before you click, discover the science of habit and recovery in this comprehensive psychological deep-dive based on modern European educational standards.","<h2>The Reality Behind Your Search</h2><p>Mental health professionals often draw striking parallels between the habitual streaming of adult videos and severe substance abuse. The unprecedented ease of access on smartphones means the 'drug' is literally always in your pocket. Over time, users find they need more extreme, shocking, or novel content to achieve the same baseline level of satisfaction, a classic hallmark of escalating behavioral addiction.</p><h2>Understanding the Neurological Impact</h2><p>The journey to recovery always starts with self-awareness. If you find yourself mindlessly scrolling through tube sites late at night, your brain is likely seeking a cheap escape from daily stress or loneliness. Consciously replacing this destructive habit with healthy coping mechanisms—such as regular exercise, mindfulness meditation, or genuine social interaction—is the critical first step toward reclaiming your mental clarity.</p><h2>The Path to Real Intimacy</h2><p>Mental health professionals often draw striking parallels between the habitual streaming of adult videos and severe substance abuse. The unprecedented ease of access on smartphones means the 'drug' is literally always in your pocket. Over time, users find they need more extreme, shocking, or novel content to achieve the same baseline level of satisfaction, a classic hallmark of escalating behavioral addiction.</p><p><em>Educational Note: This article is designed to provide scientific, European-standard sex education and psychological insights regarding the consumption of adult materials.</em></p>",https://images.unsplash.com/photo-1493836512294-502baa1986e2?auto=format&fit=crop&w=800&q=80,2026-10-01T09:35:32.198Z,"Free Adult Clips, Mental Health, Psychology, Education, Relationships"
"Searching for Adult Streaming HD? The Psychological Cycle You Can't Escape",searching-for-adult-streaming-hd-147-41588-487,"Looking for Adult Streaming HD? Before you click, discover the psychological cycle you can't escape in this comprehensive psychological deep-dive based on modern European educational standards.","<h2>The Reality Behind Your Search</h2><p>In recent years, modern neuroscientists have discovered that excessive consumption of high-stimulation adult content drastically alters the brain's natural reward system. The constant flood of dopamine downregulates essential receptors, meaning everyday pleasures and hobbies no longer feel satisfying. This is often the hidden root cause of lethargy, anxiety, and a sudden lack of motivation in young adults.</p><h2>Understanding the Neurological Impact</h2><p>One of the most alarming clinical trends identified by psychologists today is the rapid rise of PIED (Porn-Induced Erectile Dysfunction). Unlike traditional physical dysfunction, PIED is strictly neurological. The brain becomes so accustomed to extreme, high-speed visual stimulation on screens that it can no longer respond properly to a real human partner. Fortunately, abstaining from this content can reverse the neurological damage over several months.</p><h2>The Path to Real Intimacy</h2><p>One of the most alarming clinical trends identified by psychologists today is the rapid rise of PIED (Porn-Induced Erectile Dysfunction). Unlike traditional physical dysfunction, PIED is strictly neurological. The brain becomes so accustomed to extreme, high-speed visual stimulation on screens that it can no longer respond properly to a real human partner. Fortunately, abstaining from this content can reverse the neurological damage over several months.</p><p><em>Educational Note: This article is designed to provide scientific, European-standard sex education and psychological insights regarding the consumption of adult materials.</em></p>",https://images.unsplash.com/photo-1499209974431-9dddcece7f88?auto=format&fit=crop&w=800&q=80,2026-09-05T23:29:09.085Z,"Adult Streaming HD, Mental Health, Psychology, Education, Relationships"
"Searching for Adult Content Uncensored? The Science of Habit and Recovery",searching-for-adult-content-uncensored-148-41588-702,"Looking for Adult Content Uncensored? Before you click, discover the science of habit and recovery in this comprehensive psychological deep-dive based on modern European educational standards.","<h2>The Reality Behind Your Search</h2><p>Building real intimacy requires deep vulnerability, emotional patience, and authentic connection—three crucial elements completely absent in synthetic, on-demand adult content. By constantly rewiring the brain to expect instant, zero-effort gratification, individuals slowly lose their natural capacity to navigate the beautiful complexities of genuine human relationships.</p><h2>Understanding the Neurological Impact</h2><p>One of the most alarming clinical trends identified by psychologists today is the rapid rise of PIED (Porn-Induced Erectile Dysfunction). Unlike traditional physical dysfunction, PIED is strictly neurological. The brain becomes so accustomed to extreme, high-speed visual stimulation on screens that it can no longer respond properly to a real human partner. Fortunately, abstaining from this content can reverse the neurological damage over several months.</p><h2>The Path to Real Intimacy</h2><p>In recent years, modern neuroscientists have discovered that excessive consumption of high-stimulation adult content drastically alters the brain's natural reward system. The constant flood of dopamine downregulates essential receptors, meaning everyday pleasures and hobbies no longer feel satisfying. This is often the hidden root cause of lethargy, anxiety, and a sudden lack of motivation in young adults.</p><p><em>Educational Note: This article is designed to provide scientific, European-standard sex education and psychological insights regarding the consumption of adult materials.</em></p>",https://images.unsplash.com/photo-1505506874110-6a7a6c9924cb?auto=format&fit=crop&w=800&q=80,2026-09-06T09:44:28.004Z,"Adult Content Uncensored, Mental Health, Psychology, Education, Relationships"
"Searching for Best Adult Sites? The Dark Reality Behind the Adult Industry",searching-for-best-adult-sites-149-41588-322,"Looking for Best Adult Sites? Before you click, discover the dark reality behind the adult industry in this comprehensive psychological deep-dive based on modern European educational standards.","<h2>The Reality Behind Your Search</h2><p>Building real intimacy requires deep vulnerability, emotional patience, and authentic connection—three crucial elements completely absent in synthetic, on-demand adult content. By constantly rewiring the brain to expect instant, zero-effort gratification, individuals slowly lose their natural capacity to navigate the beautiful complexities of genuine human relationships.</p><h2>Understanding the Neurological Impact</h2><p>The journey to recovery always starts with self-awareness. If you find yourself mindlessly scrolling through tube sites late at night, your brain is likely seeking a cheap escape from daily stress or loneliness. Consciously replacing this destructive habit with healthy coping mechanisms—such as regular exercise, mindfulness meditation, or genuine social interaction—is the critical first step toward reclaiming your mental clarity.</p><h2>The Path to Real Intimacy</h2><p>In recent years, modern neuroscientists have discovered that excessive consumption of high-stimulation adult content drastically alters the brain's natural reward system. The constant flood of dopamine downregulates essential receptors, meaning everyday pleasures and hobbies no longer feel satisfying. This is often the hidden root cause of lethargy, anxiety, and a sudden lack of motivation in young adults.</p><p><em>Educational Note: This article is designed to provide scientific, European-standard sex education and psychological insights regarding the consumption of adult materials.</em></p>",https://images.unsplash.com/photo-1520607162513-77705c0f0d4a?auto=format&fit=crop&w=800&q=80,2026-08-10T11:07:53.890Z,"Best Adult Sites, Mental Health, Psychology, Education, Relationships"
"Searching for Online Adult Streaming? How Your Brain Changes After 30 Days",searching-for-online-adult-streaming-150-41588-448,"Looking for Online Adult Streaming? Before you click, discover how your brain changes after 30 days in this comprehensive psychological deep-dive based on modern European educational standards.","<h2>The Reality Behind Your Search</h2><p>Leading European sex educators continually emphasize the importance of distinguishing between digital fantasy and physical reality. The adult industry often portrays highly choreographed, unrealistic scenarios that create false, toxic expectations for real-world intimacy. When individuals attempt to translate these extreme fantasies into their personal lives, it inevitably leads to disappointment and relationship friction.</p><h2>Understanding the Neurological Impact</h2><p>One of the most alarming clinical trends identified by psychologists today is the rapid rise of PIED (Porn-Induced Erectile Dysfunction). Unlike traditional physical dysfunction, PIED is strictly neurological. The brain becomes so accustomed to extreme, high-speed visual stimulation on screens that it can no longer respond properly to a real human partner. Fortunately, abstaining from this content can reverse the neurological damage over several months.</p><h2>The Path to Real Intimacy</h2><p>In recent years, modern neuroscientists have discovered that excessive consumption of high-stimulation adult content drastically alters the brain's natural reward system. The constant flood of dopamine downregulates essential receptors, meaning everyday pleasures and hobbies no longer feel satisfying. This is often the hidden root cause of lethargy, anxiety, and a sudden lack of motivation in young adults.</p><p><em>Educational Note: This article is designed to provide scientific, European-standard sex education and psychological insights regarding the consumption of adult materials.</em></p>",https://images.unsplash.com/photo-1559650656-5d1d361ad10e?auto=format&fit=crop&w=800&q=80,2026-08-16T23:44:12.156Z,"Online Adult Streaming, Mental Health, Psychology, Education, Relationships"
"Searching for Exclusive Adult Entertainment? Why It Lowers Your Daily Productivity",searching-for-exclusive-adult-entertainment-151-41588-532,"Looking for Exclusive Adult Entertainment? Before you click, discover why it lowers your daily productivity in this comprehensive psychological deep-dive based on modern European educational standards.","<h2>The Reality Behind Your Search</h2><p>One of the most alarming clinical trends identified by psychologists today is the rapid rise of PIED (Porn-Induced Erectile Dysfunction). Unlike traditional physical dysfunction, PIED is strictly neurological. The brain becomes so accustomed to extreme, high-speed visual stimulation on screens that it can no longer respond properly to a real human partner. Fortunately, abstaining from this content can reverse the neurological damage over several months.</p><h2>Understanding the Neurological Impact</h2><p>In recent years, modern neuroscientists have discovered that excessive consumption of high-stimulation adult content drastically alters the brain's natural reward system. The constant flood of dopamine downregulates essential receptors, meaning everyday pleasures and hobbies no longer feel satisfying. This is often the hidden root cause of lethargy, anxiety, and a sudden lack of motivation in young adults.</p><h2>The Path to Real Intimacy</h2><p>Building real intimacy requires deep vulnerability, emotional patience, and authentic connection—three crucial elements completely absent in synthetic, on-demand adult content. By constantly rewiring the brain to expect instant, zero-effort gratification, individuals slowly lose their natural capacity to navigate the beautiful complexities of genuine human relationships.</p><p><em>Educational Note: This article is designed to provide scientific, European-standard sex education and psychological insights regarding the consumption of adult materials.</em></p>",https://images.unsplash.com/photo-1550831107-1553da8c8464?auto=format&fit=crop&w=800&q=80,2026-06-12T16:10:52.208Z,"Exclusive Adult Entertainment, Mental Health, Psychology, Education, Relationships"
"Searching for XXX Movies HD? The Psychological Cycle You Can't Escape",searching-for-xxx-movies-hd-152-41588-782,"Looking for XXX Movies HD? Before you click, discover the psychological cycle you can't escape in this comprehensive psychological deep-dive based on modern European educational standards.","<h2>The Reality Behind Your Search</h2><p>In recent years, modern neuroscientists have discovered that excessive consumption of high-stimulation adult content drastically alters the brain's natural reward system. The constant flood of dopamine downregulates essential receptors, meaning everyday pleasures and hobbies no longer feel satisfying. This is often the hidden root cause of lethargy, anxiety, and a sudden lack of motivation in young adults.</p><h2>Understanding the Neurological Impact</h2><p>Building real intimacy requires deep vulnerability, emotional patience, and authentic connection—three crucial elements completely absent in synthetic, on-demand adult content. By constantly rewiring the brain to expect instant, zero-effort gratification, individuals slowly lose their natural capacity to navigate the beautiful complexities of genuine human relationships.</p><h2>The Path to Real Intimacy</h2><p>Leading European sex educators continually emphasize the importance of distinguishing between digital fantasy and physical reality. The adult industry often portrays highly choreographed, unrealistic scenarios that create false, toxic expectations for real-world intimacy. When individuals attempt to translate these extreme fantasies into their personal lives, it inevitably leads to disappointment and relationship friction.</p><p><em>Educational Note: This article is designed to provide scientific, European-standard sex education and psychological insights regarding the consumption of adult materials.</em></p>",https://images.unsplash.com/photo-1493836512294-502baa1986e2?auto=format&fit=crop&w=800&q=80,2026-06-25T16:53:45.610Z,"XXX Movies HD, Mental Health, Psychology, Education, Relationships"
"Searching for Premium Sex Tube? The Science of Habit and Recovery",searching-for-premium-sex-tube-153-41588-976,"Looking for Premium Sex Tube? Before you click, discover the science of habit and recovery in this comprehensive psychological deep-dive based on modern European educational standards.","<h2>The Reality Behind Your Search</h2><p>In recent years, modern neuroscientists have discovered that excessive consumption of high-stimulation adult content drastically alters the brain's natural reward system. The constant flood of dopamine downregulates essential receptors, meaning everyday pleasures and hobbies no longer feel satisfying. This is often the hidden root cause of lethargy, anxiety, and a sudden lack of motivation in young adults.</p><h2>Understanding the Neurological Impact</h2><p>The journey to recovery always starts with self-awareness. If you find yourself mindlessly scrolling through tube sites late at night, your brain is likely seeking a cheap escape from daily stress or loneliness. Consciously replacing this destructive habit with healthy coping mechanisms—such as regular exercise, mindfulness meditation, or genuine social interaction—is the critical first step toward reclaiming your mental clarity.</p><h2>The Path to Real Intimacy</h2><p>Building real intimacy requires deep vulnerability, emotional patience, and authentic connection—three crucial elements completely absent in synthetic, on-demand adult content. By constantly rewiring the brain to expect instant, zero-effort gratification, individuals slowly lose their natural capacity to navigate the beautiful complexities of genuine human relationships.</p><p><em>Educational Note: This article is designed to provide scientific, European-standard sex education and psychological insights regarding the consumption of adult materials.</em></p>",https://images.unsplash.com/photo-1499209974431-9dddcece7f88?auto=format&fit=crop&w=800&q=80,2026-07-20T03:03:17.586Z,"Premium Sex Tube, Mental Health, Psychology, Education, Relationships"
"Searching for Hot Adult Clips? How It Impacts Your Dopamine Levels",searching-for-hot-adult-clips-154-41588-412,"Looking for Hot Adult Clips? Before you click, discover how it impacts your dopamine levels in this comprehensive psychological deep-dive based on modern European educational standards.","<h2>The Reality Behind Your Search</h2><p>In recent years, modern neuroscientists have discovered that excessive consumption of high-stimulation adult content drastically alters the brain's natural reward system. The constant flood of dopamine downregulates essential receptors, meaning everyday pleasures and hobbies no longer feel satisfying. This is often the hidden root cause of lethargy, anxiety, and a sudden lack of motivation in young adults.</p><h2>Understanding the Neurological Impact</h2><p>Building real intimacy requires deep vulnerability, emotional patience, and authentic connection—three crucial elements completely absent in synthetic, on-demand adult content. By constantly rewiring the brain to expect instant, zero-effort gratification, individuals slowly lose their natural capacity to navigate the beautiful complexities of genuine human relationships.</p><h2>The Path to Real Intimacy</h2><p>One of the most alarming clinical trends identified by psychologists today is the rapid rise of PIED (Porn-Induced Erectile Dysfunction). Unlike traditional physical dysfunction, PIED is strictly neurological. The brain becomes so accustomed to extreme, high-speed visual stimulation on screens that it can no longer respond properly to a real human partner. Fortunately, abstaining from this content can reverse the neurological damage over several months.</p><p><em>Educational Note: This article is designed to provide scientific, European-standard sex education and psychological insights regarding the consumption of adult materials.</em></p>",https://images.unsplash.com/photo-1505506874110-6a7a6c9924cb?auto=format&fit=crop&w=800&q=80,2026-08-20T04:22:32.986Z,"Hot Adult Clips, Mental Health, Psychology, Education, Relationships"
"Searching for Free Sex Videos HD? The Dark Reality Behind the Adult Industry",searching-for-free-sex-videos-hd-155-41588-243,"Looking for Free Sex Videos HD? Before you click, discover the dark reality behind the adult industry in this comprehensive psychological deep-dive based on modern European educational standards.","<h2>The Reality Behind Your Search</h2><p>Leading European sex educators continually emphasize the importance of distinguishing between digital fantasy and physical reality. The adult industry often portrays highly choreographed, unrealistic scenarios that create false, toxic expectations for real-world intimacy. When individuals attempt to translate these extreme fantasies into their personal lives, it inevitably leads to disappointment and relationship friction.</p><h2>Understanding the Neurological Impact</h2><p>Beyond the well-documented neurological impacts, the profound ethical implications of the adult industry cannot be ignored. Millions of viewers remain completely unaware of the exploitative, unsafe practices frequently occurring behind the scenes. Educating yourself on the harsh realities of commercial production can often break the illusion and help individuals permanently detach from compulsive viewing habits.</p><h2>The Path to Real Intimacy</h2><p>Mental health professionals often draw striking parallels between the habitual streaming of adult videos and severe substance abuse. The unprecedented ease of access on smartphones means the 'drug' is literally always in your pocket. Over time, users find they need more extreme, shocking, or novel content to achieve the same baseline level of satisfaction, a classic hallmark of escalating behavioral addiction.</p><p><em>Educational Note: This article is designed to provide scientific, European-standard sex education and psychological insights regarding the consumption of adult materials.</em></p>",https://images.unsplash.com/photo-1520607162513-77705c0f0d4a?auto=format&fit=crop&w=800&q=80,2026-08-31T14:26:20.466Z,"Free Sex Videos HD, Mental Health, Psychology, Education, Relationships"
"Searching for HD Adult Videos? The Science of Habit and Recovery",searching-for-hd-adult-videos-156-41588-121,"Looking for HD Adult Videos? Before you click, discover the science of habit and recovery in this comprehensive psychological deep-dive based on modern European educational standards.","<h2>The Reality Behind Your Search</h2><p>In recent years, modern neuroscientists have discovered that excessive consumption of high-stimulation adult content drastically alters the brain's natural reward system. The constant flood of dopamine downregulates essential receptors, meaning everyday pleasures and hobbies no longer feel satisfying. This is often the hidden root cause of lethargy, anxiety, and a sudden lack of motivation in young adults.</p><h2>Understanding the Neurological Impact</h2><p>Mental health professionals often draw striking parallels between the habitual streaming of adult videos and severe substance abuse. The unprecedented ease of access on smartphones means the 'drug' is literally always in your pocket. Over time, users find they need more extreme, shocking, or novel content to achieve the same baseline level of satisfaction, a classic hallmark of escalating behavioral addiction.</p><h2>The Path to Real Intimacy</h2><p>Mental health professionals often draw striking parallels between the habitual streaming of adult videos and severe substance abuse. The unprecedented ease of access on smartphones means the 'drug' is literally always in your pocket. Over time, users find they need more extreme, shocking, or novel content to achieve the same baseline level of satisfaction, a classic hallmark of escalating behavioral addiction.</p><p><em>Educational Note: This article is designed to provide scientific, European-standard sex education and psychological insights regarding the consumption of adult materials.</em></p>",https://images.unsplash.com/photo-1559650656-5d1d361ad10e?auto=format&fit=crop&w=800&q=80,2026-08-17T22:31:13.528Z,"HD Adult Videos, Mental Health, Psychology, Education, Relationships"
"Searching for Premium Adult Movies? The Science of Habit and Recovery",searching-for-premium-adult-movies-157-41588-158,"Looking for Premium Adult Movies? Before you click, discover the science of habit and recovery in this comprehensive psychological deep-dive based on modern European educational standards.","<h2>The Reality Behind Your Search</h2><p>Building real intimacy requires deep vulnerability, emotional patience, and authentic connection—three crucial elements completely absent in synthetic, on-demand adult content. By constantly rewiring the brain to expect instant, zero-effort gratification, individuals slowly lose their natural capacity to navigate the beautiful complexities of genuine human relationships.</p><h2>Understanding the Neurological Impact</h2><p>Leading European sex educators continually emphasize the importance of distinguishing between digital fantasy and physical reality. The adult industry often portrays highly choreographed, unrealistic scenarios that create false, toxic expectations for real-world intimacy. When individuals attempt to translate these extreme fantasies into their personal lives, it inevitably leads to disappointment and relationship friction.</p><h2>The Path to Real Intimacy</h2><p>Beyond the well-documented neurological impacts, the profound ethical implications of the adult industry cannot be ignored. Millions of viewers remain completely unaware of the exploitative, unsafe practices frequently occurring behind the scenes. Educating yourself on the harsh realities of commercial production can often break the illusion and help individuals permanently detach from compulsive viewing habits.</p><p><em>Educational Note: This article is designed to provide scientific, European-standard sex education and psychological insights regarding the consumption of adult materials.</em></p>",https://images.unsplash.com/photo-1550831107-1553da8c8464?auto=format&fit=crop&w=800&q=80,2026-07-01T08:40:13.359Z,"Premium Adult Movies, Mental Health, Psychology, Education, Relationships"
"Searching for Top Adult Tube? Why It Can Lead to Erectile Dysfunction in Men",searching-for-top-adult-tube-158-41588-873,"Looking for Top Adult Tube? Before you click, discover why it can lead to erectile dysfunction in men in this comprehensive psychological deep-dive based on modern European educational standards.","<h2>The Reality Behind Your Search</h2><p>Beyond the well-documented neurological impacts, the profound ethical implications of the adult industry cannot be ignored. Millions of viewers remain completely unaware of the exploitative, unsafe practices frequently occurring behind the scenes. Educating yourself on the harsh realities of commercial production can often break the illusion and help individuals permanently detach from compulsive viewing habits.</p><h2>Understanding the Neurological Impact</h2><p>Leading European sex educators continually emphasize the importance of distinguishing between digital fantasy and physical reality. The adult industry often portrays highly choreographed, unrealistic scenarios that create false, toxic expectations for real-world intimacy. When individuals attempt to translate these extreme fantasies into their personal lives, it inevitably leads to disappointment and relationship friction.</p><h2>The Path to Real Intimacy</h2><p>In recent years, modern neuroscientists have discovered that excessive consumption of high-stimulation adult content drastically alters the brain's natural reward system. The constant flood of dopamine downregulates essential receptors, meaning everyday pleasures and hobbies no longer feel satisfying. This is often the hidden root cause of lethargy, anxiety, and a sudden lack of motivation in young adults.</p><p><em>Educational Note: This article is designed to provide scientific, European-standard sex education and psychological insights regarding the consumption of adult materials.</em></p>",https://images.unsplash.com/photo-1493836512294-502baa1986e2?auto=format&fit=crop&w=800&q=80,2026-09-26T17:33:13.939Z,"Top Adult Tube, Mental Health, Psychology, Education, Relationships"
"Searching for Free Adult Clips? The Psychological Cycle You Can't Escape",searching-for-free-adult-clips-159-41588-725,"Looking for Free Adult Clips? Before you click, discover the psychological cycle you can't escape in this comprehensive psychological deep-dive based on modern European educational standards.","<h2>The Reality Behind Your Search</h2><p>Building real intimacy requires deep vulnerability, emotional patience, and authentic connection—three crucial elements completely absent in synthetic, on-demand adult content. By constantly rewiring the brain to expect instant, zero-effort gratification, individuals slowly lose their natural capacity to navigate the beautiful complexities of genuine human relationships.</p><h2>Understanding the Neurological Impact</h2><p>Leading European sex educators continually emphasize the importance of distinguishing between digital fantasy and physical reality. The adult industry often portrays highly choreographed, unrealistic scenarios that create false, toxic expectations for real-world intimacy. When individuals attempt to translate these extreme fantasies into their personal lives, it inevitably leads to disappointment and relationship friction.</p><h2>The Path to Real Intimacy</h2><p>Building real intimacy requires deep vulnerability, emotional patience, and authentic connection—three crucial elements completely absent in synthetic, on-demand adult content. By constantly rewiring the brain to expect instant, zero-effort gratification, individuals slowly lose their natural capacity to navigate the beautiful complexities of genuine human relationships.</p><p><em>Educational Note: This article is designed to provide scientific, European-standard sex education and psychological insights regarding the consumption of adult materials.</em></p>",https://images.unsplash.com/photo-1499209974431-9dddcece7f88?auto=format&fit=crop&w=800&q=80,2026-09-07T04:46:07.593Z,"Free Adult Clips, Mental Health, Psychology, Education, Relationships"
"Searching for Adult Streaming HD? The Dark Reality Behind the Adult Industry",searching-for-adult-streaming-hd-160-41589-213,"Looking for Adult Streaming HD? Before you click, discover the dark reality behind the adult industry in this comprehensive psychological deep-dive based on modern European educational standards.","<h2>The Reality Behind Your Search</h2><p>Leading European sex educators continually emphasize the importance of distinguishing between digital fantasy and physical reality. The adult industry often portrays highly choreographed, unrealistic scenarios that create false, toxic expectations for real-world intimacy. When individuals attempt to translate these extreme fantasies into their personal lives, it inevitably leads to disappointment and relationship friction.</p><h2>Understanding the Neurological Impact</h2><p>Beyond the well-documented neurological impacts, the profound ethical implications of the adult industry cannot be ignored. Millions of viewers remain completely unaware of the exploitative, unsafe practices frequently occurring behind the scenes. Educating yourself on the harsh realities of commercial production can often break the illusion and help individuals permanently detach from compulsive viewing habits.</p><h2>The Path to Real Intimacy</h2><p>Leading European sex educators continually emphasize the importance of distinguishing between digital fantasy and physical reality. The adult industry often portrays highly choreographed, unrealistic scenarios that create false, toxic expectations for real-world intimacy. When individuals attempt to translate these extreme fantasies into their personal lives, it inevitably leads to disappointment and relationship friction.</p><p><em>Educational Note: This article is designed to provide scientific, European-standard sex education and psychological insights regarding the consumption of adult materials.</em></p>",https://images.unsplash.com/photo-1505506874110-6a7a6c9924cb?auto=format&fit=crop&w=800&q=80,2026-08-03T04:11:44.926Z,"Adult Streaming HD, Mental Health, Psychology, Education, Relationships"
"Searching for Adult Content Uncensored? The Psychological Cycle You Can't Escape",searching-for-adult-content-uncensored-161-41589-871,"Looking for Adult Content Uncensored? Before you click, discover the psychological cycle you can't escape in this comprehensive psychological deep-dive based on modern European educational standards.","<h2>The Reality Behind Your Search</h2><p>The journey to recovery always starts with self-awareness. If you find yourself mindlessly scrolling through tube sites late at night, your brain is likely seeking a cheap escape from daily stress or loneliness. Consciously replacing this destructive habit with healthy coping mechanisms—such as regular exercise, mindfulness meditation, or genuine social interaction—is the critical first step toward reclaiming your mental clarity.</p><h2>Understanding the Neurological Impact</h2><p>Building real intimacy requires deep vulnerability, emotional patience, and authentic connection—three crucial elements completely absent in synthetic, on-demand adult content. By constantly rewiring the brain to expect instant, zero-effort gratification, individuals slowly lose their natural capacity to navigate the beautiful complexities of genuine human relationships.</p><h2>The Path to Real Intimacy</h2><p>Mental health professionals often draw striking parallels between the habitual streaming of adult videos and severe substance abuse. The unprecedented ease of access on smartphones means the 'drug' is literally always in your pocket. Over time, users find they need more extreme, shocking, or novel content to achieve the same baseline level of satisfaction, a classic hallmark of escalating behavioral addiction.</p><p><em>Educational Note: This article is designed to provide scientific, European-standard sex education and psychological insights regarding the consumption of adult materials.</em></p>",https://images.unsplash.com/photo-1520607162513-77705c0f0d4a?auto=format&fit=crop&w=800&q=80,2026-09-24T00:35:07.133Z,"Adult Content Uncensored, Mental Health, Psychology, Education, Relationships"
"Searching for Best Adult Sites? Why It Can Lead to Erectile Dysfunction in Men",searching-for-best-adult-sites-162-41589-135,"Looking for Best Adult Sites? Before you click, discover why it can lead to erectile dysfunction in men in this comprehensive psychological deep-dive based on modern European educational standards.","<h2>The Reality Behind Your Search</h2><p>Beyond the well-documented neurological impacts, the profound ethical implications of the adult industry cannot be ignored. Millions of viewers remain completely unaware of the exploitative, unsafe practices frequently occurring behind the scenes. Educating yourself on the harsh realities of commercial production can often break the illusion and help individuals permanently detach from compulsive viewing habits.</p><h2>Understanding the Neurological Impact</h2><p>In recent years, modern neuroscientists have discovered that excessive consumption of high-stimulation adult content drastically alters the brain's natural reward system. The constant flood of dopamine downregulates essential receptors, meaning everyday pleasures and hobbies no longer feel satisfying. This is often the hidden root cause of lethargy, anxiety, and a sudden lack of motivation in young adults.</p><h2>The Path to Real Intimacy</h2><p>Building real intimacy requires deep vulnerability, emotional patience, and authentic connection—three crucial elements completely absent in synthetic, on-demand adult content. By constantly rewiring the brain to expect instant, zero-effort gratification, individuals slowly lose their natural capacity to navigate the beautiful complexities of genuine human relationships.</p><p><em>Educational Note: This article is designed to provide scientific, European-standard sex education and psychological insights regarding the consumption of adult materials.</em></p>",https://images.unsplash.com/photo-1559650656-5d1d361ad10e?auto=format&fit=crop&w=800&q=80,2026-06-09T04:10:04.161Z,"Best Adult Sites, Mental Health, Psychology, Education, Relationships"
"Searching for Online Adult Streaming? The Science of Habit and Recovery",searching-for-online-adult-streaming-163-41589-244,"Looking for Online Adult Streaming? Before you click, discover the science of habit and recovery in this comprehensive psychological deep-dive based on modern European educational standards.","<h2>The Reality Behind Your Search</h2><p>Building real intimacy requires deep vulnerability, emotional patience, and authentic connection—three crucial elements completely absent in synthetic, on-demand adult content. By constantly rewiring the brain to expect instant, zero-effort gratification, individuals slowly lose their natural capacity to navigate the beautiful complexities of genuine human relationships.</p><h2>Understanding the Neurological Impact</h2><p>Building real intimacy requires deep vulnerability, emotional patience, and authentic connection—three crucial elements completely absent in synthetic, on-demand adult content. By constantly rewiring the brain to expect instant, zero-effort gratification, individuals slowly lose their natural capacity to navigate the beautiful complexities of genuine human relationships.</p><h2>The Path to Real Intimacy</h2><p>The journey to recovery always starts with self-awareness. If you find yourself mindlessly scrolling through tube sites late at night, your brain is likely seeking a cheap escape from daily stress or loneliness. Consciously replacing this destructive habit with healthy coping mechanisms—such as regular exercise, mindfulness meditation, or genuine social interaction—is the critical first step toward reclaiming your mental clarity.</p><p><em>Educational Note: This article is designed to provide scientific, European-standard sex education and psychological insights regarding the consumption of adult materials.</em></p>",https://images.unsplash.com/photo-1550831107-1553da8c8464?auto=format&fit=crop&w=800&q=80,2026-07-23T23:46:19.868Z,"Online Adult Streaming, Mental Health, Psychology, Education, Relationships"
"Searching for Exclusive Adult Entertainment? How Your Brain Changes After 30 Days",searching-for-exclusive-adult-entertainment-164-41589-487,"Looking for Exclusive Adult Entertainment? Before you click, discover how your brain changes after 30 days in this comprehensive psychological deep-dive based on modern European educational standards.","<h2>The Reality Behind Your Search</h2><p>The journey to recovery always starts with self-awareness. If you find yourself mindlessly scrolling through tube sites late at night, your brain is likely seeking a cheap escape from daily stress or loneliness. Consciously replacing this destructive habit with healthy coping mechanisms—such as regular exercise, mindfulness meditation, or genuine social interaction—is the critical first step toward reclaiming your mental clarity.</p><h2>Understanding the Neurological Impact</h2><p>In recent years, modern neuroscientists have discovered that excessive consumption of high-stimulation adult content drastically alters the brain's natural reward system. The constant flood of dopamine downregulates essential receptors, meaning everyday pleasures and hobbies no longer feel satisfying. This is often the hidden root cause of lethargy, anxiety, and a sudden lack of motivation in young adults.</p><h2>The Path to Real Intimacy</h2><p>The journey to recovery always starts with self-awareness. If you find yourself mindlessly scrolling through tube sites late at night, your brain is likely seeking a cheap escape from daily stress or loneliness. Consciously replacing this destructive habit with healthy coping mechanisms—such as regular exercise, mindfulness meditation, or genuine social interaction—is the critical first step toward reclaiming your mental clarity.</p><p><em>Educational Note: This article is designed to provide scientific, European-standard sex education and psychological insights regarding the consumption of adult materials.</em></p>",https://images.unsplash.com/photo-1493836512294-502baa1986e2?auto=format&fit=crop&w=800&q=80,2026-06-30T21:18:55.503Z,"Exclusive Adult Entertainment, Mental Health, Psychology, Education, Relationships"
"Searching for XXX Movies HD? The Unseen Effect on Intimate Relationships",searching-for-xxx-movies-hd-165-41589-848,"Looking for XXX Movies HD? Before you click, discover the unseen effect on intimate relationships in this comprehensive psychological deep-dive based on modern European educational standards.","<h2>The Reality Behind Your Search</h2><p>Mental health professionals often draw striking parallels between the habitual streaming of adult videos and severe substance abuse. The unprecedented ease of access on smartphones means the 'drug' is literally always in your pocket. Over time, users find they need more extreme, shocking, or novel content to achieve the same baseline level of satisfaction, a classic hallmark of escalating behavioral addiction.</p><h2>Understanding the Neurological Impact</h2><p>Beyond the well-documented neurological impacts, the profound ethical implications of the adult industry cannot be ignored. Millions of viewers remain completely unaware of the exploitative, unsafe practices frequently occurring behind the scenes. Educating yourself on the harsh realities of commercial production can often break the illusion and help individuals permanently detach from compulsive viewing habits.</p><h2>The Path to Real Intimacy</h2><p>Building real intimacy requires deep vulnerability, emotional patience, and authentic connection—three crucial elements completely absent in synthetic, on-demand adult content. By constantly rewiring the brain to expect instant, zero-effort gratification, individuals slowly lose their natural capacity to navigate the beautiful complexities of genuine human relationships.</p><p><em>Educational Note: This article is designed to provide scientific, European-standard sex education and psychological insights regarding the consumption of adult materials.</em></p>",https://images.unsplash.com/photo-1499209974431-9dddcece7f88?auto=format&fit=crop&w=800&q=80,2026-09-05T22:19:00.793Z,"XXX Movies HD, Mental Health, Psychology, Education, Relationships"
"Searching for Premium Sex Tube? Why It Lowers Your Daily Productivity",searching-for-premium-sex-tube-166-41589-814,"Looking for Premium Sex Tube? Before you click, discover why it lowers your daily productivity in this comprehensive psychological deep-dive based on modern European educational standards.","<h2>The Reality Behind Your Search</h2><p>Leading European sex educators continually emphasize the importance of distinguishing between digital fantasy and physical reality. The adult industry often portrays highly choreographed, unrealistic scenarios that create false, toxic expectations for real-world intimacy. When individuals attempt to translate these extreme fantasies into their personal lives, it inevitably leads to disappointment and relationship friction.</p><h2>Understanding the Neurological Impact</h2><p>Building real intimacy requires deep vulnerability, emotional patience, and authentic connection—three crucial elements completely absent in synthetic, on-demand adult content. By constantly rewiring the brain to expect instant, zero-effort gratification, individuals slowly lose their natural capacity to navigate the beautiful complexities of genuine human relationships.</p><h2>The Path to Real Intimacy</h2><p>In recent years, modern neuroscientists have discovered that excessive consumption of high-stimulation adult content drastically alters the brain's natural reward system. The constant flood of dopamine downregulates essential receptors, meaning everyday pleasures and hobbies no longer feel satisfying. This is often the hidden root cause of lethargy, anxiety, and a sudden lack of motivation in young adults.</p><p><em>Educational Note: This article is designed to provide scientific, European-standard sex education and psychological insights regarding the consumption of adult materials.</em></p>",https://images.unsplash.com/photo-1505506874110-6a7a6c9924cb?auto=format&fit=crop&w=800&q=80,2026-06-27T09:02:35.129Z,"Premium Sex Tube, Mental Health, Psychology, Education, Relationships"
"Searching for Hot Adult Clips? Why It Lowers Your Daily Productivity",searching-for-hot-adult-clips-167-41589-985,"Looking for Hot Adult Clips? Before you click, discover why it lowers your daily productivity in this comprehensive psychological deep-dive based on modern European educational standards.","<h2>The Reality Behind Your Search</h2><p>In recent years, modern neuroscientists have discovered that excessive consumption of high-stimulation adult content drastically alters the brain's natural reward system. The constant flood of dopamine downregulates essential receptors, meaning everyday pleasures and hobbies no longer feel satisfying. This is often the hidden root cause of lethargy, anxiety, and a sudden lack of motivation in young adults.</p><h2>Understanding the Neurological Impact</h2><p>Mental health professionals often draw striking parallels between the habitual streaming of adult videos and severe substance abuse. The unprecedented ease of access on smartphones means the 'drug' is literally always in your pocket. Over time, users find they need more extreme, shocking, or novel content to achieve the same baseline level of satisfaction, a classic hallmark of escalating behavioral addiction.</p><h2>The Path to Real Intimacy</h2><p>Mental health professionals often draw striking parallels between the habitual streaming of adult videos and severe substance abuse. The unprecedented ease of access on smartphones means the 'drug' is literally always in your pocket. Over time, users find they need more extreme, shocking, or novel content to achieve the same baseline level of satisfaction, a classic hallmark of escalating behavioral addiction.</p><p><em>Educational Note: This article is designed to provide scientific, European-standard sex education and psychological insights regarding the consumption of adult materials.</em></p>",https://images.unsplash.com/photo-1520607162513-77705c0f0d4a?auto=format&fit=crop&w=800&q=80,2026-06-10T14:46:25.203Z,"Hot Adult Clips, Mental Health, Psychology, Education, Relationships"
"Searching for Free Sex Videos HD? Why It Can Lead to Erectile Dysfunction in Men",searching-for-free-sex-videos-hd-168-41589-960,"Looking for Free Sex Videos HD? Before you click, discover why it can lead to erectile dysfunction in men in this comprehensive psychological deep-dive based on modern European educational standards.","<h2>The Reality Behind Your Search</h2><p>In recent years, modern neuroscientists have discovered that excessive consumption of high-stimulation adult content drastically alters the brain's natural reward system. The constant flood of dopamine downregulates essential receptors, meaning everyday pleasures and hobbies no longer feel satisfying. This is often the hidden root cause of lethargy, anxiety, and a sudden lack of motivation in young adults.</p><h2>Understanding the Neurological Impact</h2><p>The journey to recovery always starts with self-awareness. If you find yourself mindlessly scrolling through tube sites late at night, your brain is likely seeking a cheap escape from daily stress or loneliness. Consciously replacing this destructive habit with healthy coping mechanisms—such as regular exercise, mindfulness meditation, or genuine social interaction—is the critical first step toward reclaiming your mental clarity.</p><h2>The Path to Real Intimacy</h2><p>Mental health professionals often draw striking parallels between the habitual streaming of adult videos and severe substance abuse. The unprecedented ease of access on smartphones means the 'drug' is literally always in your pocket. Over time, users find they need more extreme, shocking, or novel content to achieve the same baseline level of satisfaction, a classic hallmark of escalating behavioral addiction.</p><p><em>Educational Note: This article is designed to provide scientific, European-standard sex education and psychological insights regarding the consumption of adult materials.</em></p>",https://images.unsplash.com/photo-1559650656-5d1d361ad10e?auto=format&fit=crop&w=800&q=80,2026-09-12T04:13:41.111Z,"Free Sex Videos HD, Mental Health, Psychology, Education, Relationships"
"Searching for HD Adult Videos? The Psychological Cycle You Can't Escape",searching-for-hd-adult-videos-169-41589-665,"Looking for HD Adult Videos? Before you click, discover the psychological cycle you can't escape in this comprehensive psychological deep-dive based on modern European educational standards.","<h2>The Reality Behind Your Search</h2><p>Building real intimacy requires deep vulnerability, emotional patience, and authentic connection—three crucial elements completely absent in synthetic, on-demand adult content. By constantly rewiring the brain to expect instant, zero-effort gratification, individuals slowly lose their natural capacity to navigate the beautiful complexities of genuine human relationships.</p><h2>Understanding the Neurological Impact</h2><p>Building real intimacy requires deep vulnerability, emotional patience, and authentic connection—three crucial elements completely absent in synthetic, on-demand adult content. By constantly rewiring the brain to expect instant, zero-effort gratification, individuals slowly lose their natural capacity to navigate the beautiful complexities of genuine human relationships.</p><h2>The Path to Real Intimacy</h2><p>Building real intimacy requires deep vulnerability, emotional patience, and authentic connection—three crucial elements completely absent in synthetic, on-demand adult content. By constantly rewiring the brain to expect instant, zero-effort gratification, individuals slowly lose their natural capacity to navigate the beautiful complexities of genuine human relationships.</p><p><em>Educational Note: This article is designed to provide scientific, European-standard sex education and psychological insights regarding the consumption of adult materials.</em></p>",https://images.unsplash.com/photo-1550831107-1553da8c8464?auto=format&fit=crop&w=800&q=80,2026-09-01T15:29:50.203Z,"HD Adult Videos, Mental Health, Psychology, Education, Relationships"
"Searching for Premium Adult Movies? How Your Brain Changes After 30 Days",searching-for-premium-adult-movies-170-41589-716,"Looking for Premium Adult Movies? Before you click, discover how your brain changes after 30 days in this comprehensive psychological deep-dive based on modern European educational standards.","<h2>The Reality Behind Your Search</h2><p>Building real intimacy requires deep vulnerability, emotional patience, and authentic connection—three crucial elements completely absent in synthetic, on-demand adult content. By constantly rewiring the brain to expect instant, zero-effort gratification, individuals slowly lose their natural capacity to navigate the beautiful complexities of genuine human relationships.</p><h2>Understanding the Neurological Impact</h2><p>One of the most alarming clinical trends identified by psychologists today is the rapid rise of PIED (Porn-Induced Erectile Dysfunction). Unlike traditional physical dysfunction, PIED is strictly neurological. The brain becomes so accustomed to extreme, high-speed visual stimulation on screens that it can no longer respond properly to a real human partner. Fortunately, abstaining from this content can reverse the neurological damage over several months.</p><h2>The Path to Real Intimacy</h2><p>Beyond the well-documented neurological impacts, the profound ethical implications of the adult industry cannot be ignored. Millions of viewers remain completely unaware of the exploitative, unsafe practices frequently occurring behind the scenes. Educating yourself on the harsh realities of commercial production can often break the illusion and help individuals permanently detach from compulsive viewing habits.</p><p><em>Educational Note: This article is designed to provide scientific, European-standard sex education and psychological insights regarding the consumption of adult materials.</em></p>",https://images.unsplash.com/photo-1493836512294-502baa1986e2?auto=format&fit=crop&w=800&q=80,2026-08-15T21:53:24.675Z,"Premium Adult Movies, Mental Health, Psychology, Education, Relationships"
"Searching for Top Adult Tube? Why It Can Lead to Erectile Dysfunction in Men",searching-for-top-adult-tube-171-41589-112,"Looking for Top Adult Tube? Before you click, discover why it can lead to erectile dysfunction in men in this comprehensive psychological deep-dive based on modern European educational standards.","<h2>The Reality Behind Your Search</h2><p>The journey to recovery always starts with self-awareness. If you find yourself mindlessly scrolling through tube sites late at night, your brain is likely seeking a cheap escape from daily stress or loneliness. Consciously replacing this destructive habit with healthy coping mechanisms—such as regular exercise, mindfulness meditation, or genuine social interaction—is the critical first step toward reclaiming your mental clarity.</p><h2>Understanding the Neurological Impact</h2><p>One of the most alarming clinical trends identified by psychologists today is the rapid rise of PIED (Porn-Induced Erectile Dysfunction). Unlike traditional physical dysfunction, PIED is strictly neurological. The brain becomes so accustomed to extreme, high-speed visual stimulation on screens that it can no longer respond properly to a real human partner. Fortunately, abstaining from this content can reverse the neurological damage over several months.</p><h2>The Path to Real Intimacy</h2><p>The journey to recovery always starts with self-awareness. If you find yourself mindlessly scrolling through tube sites late at night, your brain is likely seeking a cheap escape from daily stress or loneliness. Consciously replacing this destructive habit with healthy coping mechanisms—such as regular exercise, mindfulness meditation, or genuine social interaction—is the critical first step toward reclaiming your mental clarity.</p><p><em>Educational Note: This article is designed to provide scientific, European-standard sex education and psychological insights regarding the consumption of adult materials.</em></p>",https://images.unsplash.com/photo-1499209974431-9dddcece7f88?auto=format&fit=crop&w=800&q=80,2026-08-07T16:28:18.205Z,"Top Adult Tube, Mental Health, Psychology, Education, Relationships"
"Searching for Free Adult Clips? The Science of Habit and Recovery",searching-for-free-adult-clips-172-41589-713,"Looking for Free Adult Clips? Before you click, discover the science of habit and recovery in this comprehensive psychological deep-dive based on modern European educational standards.","<h2>The Reality Behind Your Search</h2><p>In recent years, modern neuroscientists have discovered that excessive consumption of high-stimulation adult content drastically alters the brain's natural reward system. The constant flood of dopamine downregulates essential receptors, meaning everyday pleasures and hobbies no longer feel satisfying. This is often the hidden root cause of lethargy, anxiety, and a sudden lack of motivation in young adults.</p><h2>Understanding the Neurological Impact</h2><p>Mental health professionals often draw striking parallels between the habitual streaming of adult videos and severe substance abuse. The unprecedented ease of access on smartphones means the 'drug' is literally always in your pocket. Over time, users find they need more extreme, shocking, or novel content to achieve the same baseline level of satisfaction, a classic hallmark of escalating behavioral addiction.</p><h2>The Path to Real Intimacy</h2><p>In recent years, modern neuroscientists have discovered that excessive consumption of high-stimulation adult content drastically alters the brain's natural reward system. The constant flood of dopamine downregulates essential receptors, meaning everyday pleasures and hobbies no longer feel satisfying. This is often the hidden root cause of lethargy, anxiety, and a sudden lack of motivation in young adults.</p><p><em>Educational Note: This article is designed to provide scientific, European-standard sex education and psychological insights regarding the consumption of adult materials.</em></p>",https://images.unsplash.com/photo-1505506874110-6a7a6c9924cb?auto=format&fit=crop&w=800&q=80,2026-08-02T20:46:21.788Z,"Free Adult Clips, Mental Health, Psychology, Education, Relationships"
"Searching for Adult Streaming HD? The Dark Reality Behind the Adult Industry",searching-for-adult-streaming-hd-173-41589-259,"Looking for Adult Streaming HD? Before you click, discover the dark reality behind the adult industry in this comprehensive psychological deep-dive based on modern European educational standards.","<h2>The Reality Behind Your Search</h2><p>The journey to recovery always starts with self-awareness. If you find yourself mindlessly scrolling through tube sites late at night, your brain is likely seeking a cheap escape from daily stress or loneliness. Consciously replacing this destructive habit with healthy coping mechanisms—such as regular exercise, mindfulness meditation, or genuine social interaction—is the critical first step toward reclaiming your mental clarity.</p><h2>Understanding the Neurological Impact</h2><p>The journey to recovery always starts with self-awareness. If you find yourself mindlessly scrolling through tube sites late at night, your brain is likely seeking a cheap escape from daily stress or loneliness. Consciously replacing this destructive habit with healthy coping mechanisms—such as regular exercise, mindfulness meditation, or genuine social interaction—is the critical first step toward reclaiming your mental clarity.</p><h2>The Path to Real Intimacy</h2><p>Building real intimacy requires deep vulnerability, emotional patience, and authentic connection—three crucial elements completely absent in synthetic, on-demand adult content. By constantly rewiring the brain to expect instant, zero-effort gratification, individuals slowly lose their natural capacity to navigate the beautiful complexities of genuine human relationships.</p><p><em>Educational Note: This article is designed to provide scientific, European-standard sex education and psychological insights regarding the consumption of adult materials.</em></p>",https://images.unsplash.com/photo-1520607162513-77705c0f0d4a?auto=format&fit=crop&w=800&q=80,2026-07-06T16:08:45.383Z,"Adult Streaming HD, Mental Health, Psychology, Education, Relationships"
"Searching for Adult Content Uncensored? Why It Can Lead to Erectile Dysfunction in Men",searching-for-adult-content-uncensored-174-41589-619,"Looking for Adult Content Uncensored? Before you click, discover why it can lead to erectile dysfunction in men in this comprehensive psychological deep-dive based on modern European educational standards.","<h2>The Reality Behind Your Search</h2><p>Building real intimacy requires deep vulnerability, emotional patience, and authentic connection—three crucial elements completely absent in synthetic, on-demand adult content. By constantly rewiring the brain to expect instant, zero-effort gratification, individuals slowly lose their natural capacity to navigate the beautiful complexities of genuine human relationships.</p><h2>Understanding the Neurological Impact</h2><p>Mental health professionals often draw striking parallels between the habitual streaming of adult videos and severe substance abuse. The unprecedented ease of access on smartphones means the 'drug' is literally always in your pocket. Over time, users find they need more extreme, shocking, or novel content to achieve the same baseline level of satisfaction, a classic hallmark of escalating behavioral addiction.</p><h2>The Path to Real Intimacy</h2><p>Beyond the well-documented neurological impacts, the profound ethical implications of the adult industry cannot be ignored. Millions of viewers remain completely unaware of the exploitative, unsafe practices frequently occurring behind the scenes. Educating yourself on the harsh realities of commercial production can often break the illusion and help individuals permanently detach from compulsive viewing habits.</p><p><em>Educational Note: This article is designed to provide scientific, European-standard sex education and psychological insights regarding the consumption of adult materials.</em></p>",https://images.unsplash.com/photo-1559650656-5d1d361ad10e?auto=format&fit=crop&w=800&q=80,2026-06-13T21:14:26.093Z,"Adult Content Uncensored, Mental Health, Psychology, Education, Relationships"
"Searching for Best Adult Sites? The Dark Reality Behind the Adult Industry",searching-for-best-adult-sites-175-41589-1,"Looking for Best Adult Sites? Before you click, discover the dark reality behind the adult industry in this comprehensive psychological deep-dive based on modern European educational standards.","<h2>The Reality Behind Your Search</h2><p>Building real intimacy requires deep vulnerability, emotional patience, and authentic connection—three crucial elements completely absent in synthetic, on-demand adult content. By constantly rewiring the brain to expect instant, zero-effort gratification, individuals slowly lose their natural capacity to navigate the beautiful complexities of genuine human relationships.</p><h2>Understanding the Neurological Impact</h2><p>The journey to recovery always starts with self-awareness. If you find yourself mindlessly scrolling through tube sites late at night, your brain is likely seeking a cheap escape from daily stress or loneliness. Consciously replacing this destructive habit with healthy coping mechanisms—such as regular exercise, mindfulness meditation, or genuine social interaction—is the critical first step toward reclaiming your mental clarity.</p><h2>The Path to Real Intimacy</h2><p>Beyond the well-documented neurological impacts, the profound ethical implications of the adult industry cannot be ignored. Millions of viewers remain completely unaware of the exploitative, unsafe practices frequently occurring behind the scenes. Educating yourself on the harsh realities of commercial production can often break the illusion and help individuals permanently detach from compulsive viewing habits.</p><p><em>Educational Note: This article is designed to provide scientific, European-standard sex education and psychological insights regarding the consumption of adult materials.</em></p>",https://images.unsplash.com/photo-1550831107-1553da8c8464?auto=format&fit=crop&w=800&q=80,2026-07-03T10:38:15.125Z,"Best Adult Sites, Mental Health, Psychology, Education, Relationships"
"Searching for Online Adult Streaming? Why It Lowers Your Daily Productivity",searching-for-online-adult-streaming-176-41589-13,"Looking for Online Adult Streaming? Before you click, discover why it lowers your daily productivity in this comprehensive psychological deep-dive based on modern European educational standards.","<h2>The Reality Behind Your Search</h2><p>Mental health professionals often draw striking parallels between the habitual streaming of adult videos and severe substance abuse. The unprecedented ease of access on smartphones means the 'drug' is literally always in your pocket. Over time, users find they need more extreme, shocking, or novel content to achieve the same baseline level of satisfaction, a classic hallmark of escalating behavioral addiction.</p><h2>Understanding the Neurological Impact</h2><p>Building real intimacy requires deep vulnerability, emotional patience, and authentic connection—three crucial elements completely absent in synthetic, on-demand adult content. By constantly rewiring the brain to expect instant, zero-effort gratification, individuals slowly lose their natural capacity to navigate the beautiful complexities of genuine human relationships.</p><h2>The Path to Real Intimacy</h2><p>Building real intimacy requires deep vulnerability, emotional patience, and authentic connection—three crucial elements completely absent in synthetic, on-demand adult content. By constantly rewiring the brain to expect instant, zero-effort gratification, individuals slowly lose their natural capacity to navigate the beautiful complexities of genuine human relationships.</p><p><em>Educational Note: This article is designed to provide scientific, European-standard sex education and psychological insights regarding the consumption of adult materials.</em></p>",https://images.unsplash.com/photo-1493836512294-502baa1986e2?auto=format&fit=crop&w=800&q=80,2026-07-21T07:00:37.382Z,"Online Adult Streaming, Mental Health, Psychology, Education, Relationships"
"Searching for Exclusive Adult Entertainment? The Psychological Cycle You Can't Escape",searching-for-exclusive-adult-entertainment-177-41589-961,"Looking for Exclusive Adult Entertainment? Before you click, discover the psychological cycle you can't escape in this comprehensive psychological deep-dive based on modern European educational standards.","<h2>The Reality Behind Your Search</h2><p>Mental health professionals often draw striking parallels between the habitual streaming of adult videos and severe substance abuse. The unprecedented ease of access on smartphones means the 'drug' is literally always in your pocket. Over time, users find they need more extreme, shocking, or novel content to achieve the same baseline level of satisfaction, a classic hallmark of escalating behavioral addiction.</p><h2>Understanding the Neurological Impact</h2><p>Beyond the well-documented neurological impacts, the profound ethical implications of the adult industry cannot be ignored. Millions of viewers remain completely unaware of the exploitative, unsafe practices frequently occurring behind the scenes. Educating yourself on the harsh realities of commercial production can often break the illusion and help individuals permanently detach from compulsive viewing habits.</p><h2>The Path to Real Intimacy</h2><p>In recent years, modern neuroscientists have discovered that excessive consumption of high-stimulation adult content drastically alters the brain's natural reward system. The constant flood of dopamine downregulates essential receptors, meaning everyday pleasures and hobbies no longer feel satisfying. This is often the hidden root cause of lethargy, anxiety, and a sudden lack of motivation in young adults.</p><p><em>Educational Note: This article is designed to provide scientific, European-standard sex education and psychological insights regarding the consumption of adult materials.</em></p>",https://images.unsplash.com/photo-1499209974431-9dddcece7f88?auto=format&fit=crop&w=800&q=80,2026-09-14T19:45:45.559Z,"Exclusive Adult Entertainment, Mental Health, Psychology, Education, Relationships"
"Searching for XXX Movies HD? The Dark Reality Behind the Adult Industry",searching-for-xxx-movies-hd-178-41589-536,"Looking for XXX Movies HD? Before you click, discover the dark reality behind the adult industry in this comprehensive psychological deep-dive based on modern European educational standards.","<h2>The Reality Behind Your Search</h2><p>Building real intimacy requires deep vulnerability, emotional patience, and authentic connection—three crucial elements completely absent in synthetic, on-demand adult content. By constantly rewiring the brain to expect instant, zero-effort gratification, individuals slowly lose their natural capacity to navigate the beautiful complexities of genuine human relationships.</p><h2>Understanding the Neurological Impact</h2><p>In recent years, modern neuroscientists have discovered that excessive consumption of high-stimulation adult content drastically alters the brain's natural reward system. The constant flood of dopamine downregulates essential receptors, meaning everyday pleasures and hobbies no longer feel satisfying. This is often the hidden root cause of lethargy, anxiety, and a sudden lack of motivation in young adults.</p><h2>The Path to Real Intimacy</h2><p>One of the most alarming clinical trends identified by psychologists today is the rapid rise of PIED (Porn-Induced Erectile Dysfunction). Unlike traditional physical dysfunction, PIED is strictly neurological. The brain becomes so accustomed to extreme, high-speed visual stimulation on screens that it can no longer respond properly to a real human partner. Fortunately, abstaining from this content can reverse the neurological damage over several months.</p><p><em>Educational Note: This article is designed to provide scientific, European-standard sex education and psychological insights regarding the consumption of adult materials.</em></p>",https://images.unsplash.com/photo-1505506874110-6a7a6c9924cb?auto=format&fit=crop&w=800&q=80,2026-08-11T15:24:52.418Z,"XXX Movies HD, Mental Health, Psychology, Education, Relationships"
"Searching for Premium Sex Tube? How It Distorts Your Expectations of Real Intimacy",searching-for-premium-sex-tube-179-41589-802,"Looking for Premium Sex Tube? Before you click, discover how it distorts your expectations of real intimacy in this comprehensive psychological deep-dive based on modern European educational standards.","<h2>The Reality Behind Your Search</h2><p>Beyond the well-documented neurological impacts, the profound ethical implications of the adult industry cannot be ignored. Millions of viewers remain completely unaware of the exploitative, unsafe practices frequently occurring behind the scenes. Educating yourself on the harsh realities of commercial production can often break the illusion and help individuals permanently detach from compulsive viewing habits.</p><h2>Understanding the Neurological Impact</h2><p>Mental health professionals often draw striking parallels between the habitual streaming of adult videos and severe substance abuse. The unprecedented ease of access on smartphones means the 'drug' is literally always in your pocket. Over time, users find they need more extreme, shocking, or novel content to achieve the same baseline level of satisfaction, a classic hallmark of escalating behavioral addiction.</p><h2>The Path to Real Intimacy</h2><p>One of the most alarming clinical trends identified by psychologists today is the rapid rise of PIED (Porn-Induced Erectile Dysfunction). Unlike traditional physical dysfunction, PIED is strictly neurological. The brain becomes so accustomed to extreme, high-speed visual stimulation on screens that it can no longer respond properly to a real human partner. Fortunately, abstaining from this content can reverse the neurological damage over several months.</p><p><em>Educational Note: This article is designed to provide scientific, European-standard sex education and psychological insights regarding the consumption of adult materials.</em></p>",https://images.unsplash.com/photo-1520607162513-77705c0f0d4a?auto=format&fit=crop&w=800&q=80,2026-09-30T21:00:09.298Z,"Premium Sex Tube, Mental Health, Psychology, Education, Relationships"
"Searching for Hot Adult Clips? The Science of Habit and Recovery",searching-for-hot-adult-clips-180-41589-516,"Looking for Hot Adult Clips? Before you click, discover the science of habit and recovery in this comprehensive psychological deep-dive based on modern European educational standards.","<h2>The Reality Behind Your Search</h2><p>Beyond the well-documented neurological impacts, the profound ethical implications of the adult industry cannot be ignored. Millions of viewers remain completely unaware of the exploitative, unsafe practices frequently occurring behind the scenes. Educating yourself on the harsh realities of commercial production can often break the illusion and help individuals permanently detach from compulsive viewing habits.</p><h2>Understanding the Neurological Impact</h2><p>The journey to recovery always starts with self-awareness. If you find yourself mindlessly scrolling through tube sites late at night, your brain is likely seeking a cheap escape from daily stress or loneliness. Consciously replacing this destructive habit with healthy coping mechanisms—such as regular exercise, mindfulness meditation, or genuine social interaction—is the critical first step toward reclaiming your mental clarity.</p><h2>The Path to Real Intimacy</h2><p>Building real intimacy requires deep vulnerability, emotional patience, and authentic connection—three crucial elements completely absent in synthetic, on-demand adult content. By constantly rewiring the brain to expect instant, zero-effort gratification, individuals slowly lose their natural capacity to navigate the beautiful complexities of genuine human relationships.</p><p><em>Educational Note: This article is designed to provide scientific, European-standard sex education and psychological insights regarding the consumption of adult materials.</em></p>",https://images.unsplash.com/photo-1559650656-5d1d361ad10e?auto=format&fit=crop&w=800&q=80,2026-06-24T13:09:05.141Z,"Hot Adult Clips, Mental Health, Psychology, Education, Relationships"
"Searching for Free Sex Videos HD? How Your Brain Changes After 30 Days",searching-for-free-sex-videos-hd-181-41589-416,"Looking for Free Sex Videos HD? Before you click, discover how your brain changes after 30 days in this comprehensive psychological deep-dive based on modern European educational standards.","<h2>The Reality Behind Your Search</h2><p>In recent years, modern neuroscientists have discovered that excessive consumption of high-stimulation adult content drastically alters the brain's natural reward system. The constant flood of dopamine downregulates essential receptors, meaning everyday pleasures and hobbies no longer feel satisfying. This is often the hidden root cause of lethargy, anxiety, and a sudden lack of motivation in young adults.</p><h2>Understanding the Neurological Impact</h2><p>Mental health professionals often draw striking parallels between the habitual streaming of adult videos and severe substance abuse. The unprecedented ease of access on smartphones means the 'drug' is literally always in your pocket. Over time, users find they need more extreme, shocking, or novel content to achieve the same baseline level of satisfaction, a classic hallmark of escalating behavioral addiction.</p><h2>The Path to Real Intimacy</h2><p>Building real intimacy requires deep vulnerability, emotional patience, and authentic connection—three crucial elements completely absent in synthetic, on-demand adult content. By constantly rewiring the brain to expect instant, zero-effort gratification, individuals slowly lose their natural capacity to navigate the beautiful complexities of genuine human relationships.</p><p><em>Educational Note: This article is designed to provide scientific, European-standard sex education and psychological insights regarding the consumption of adult materials.</em></p>",https://images.unsplash.com/photo-1550831107-1553da8c8464?auto=format&fit=crop&w=800&q=80,2026-08-31T02:01:40.356Z,"Free Sex Videos HD, Mental Health, Psychology, Education, Relationships"
"Searching for HD Adult Videos? How It Distorts Your Expectations of Real Intimacy",searching-for-hd-adult-videos-182-41590-515,"Looking for HD Adult Videos? Before you click, discover how it distorts your expectations of real intimacy in this comprehensive psychological deep-dive based on modern European educational standards.","<h2>The Reality Behind Your Search</h2><p>Mental health professionals often draw striking parallels between the habitual streaming of adult videos and severe substance abuse. The unprecedented ease of access on smartphones means the 'drug' is literally always in your pocket. Over time, users find they need more extreme, shocking, or novel content to achieve the same baseline level of satisfaction, a classic hallmark of escalating behavioral addiction.</p><h2>Understanding the Neurological Impact</h2><p>In recent years, modern neuroscientists have discovered that excessive consumption of high-stimulation adult content drastically alters the brain's natural reward system. The constant flood of dopamine downregulates essential receptors, meaning everyday pleasures and hobbies no longer feel satisfying. This is often the hidden root cause of lethargy, anxiety, and a sudden lack of motivation in young adults.</p><h2>The Path to Real Intimacy</h2><p>Beyond the well-documented neurological impacts, the profound ethical implications of the adult industry cannot be ignored. Millions of viewers remain completely unaware of the exploitative, unsafe practices frequently occurring behind the scenes. Educating yourself on the harsh realities of commercial production can often break the illusion and help individuals permanently detach from compulsive viewing habits.</p><p><em>Educational Note: This article is designed to provide scientific, European-standard sex education and psychological insights regarding the consumption of adult materials.</em></p>",https://images.unsplash.com/photo-1493836512294-502baa1986e2?auto=format&fit=crop&w=800&q=80,2026-08-27T22:45:12.832Z,"HD Adult Videos, Mental Health, Psychology, Education, Relationships"
"Searching for Premium Adult Movies? The Psychological Cycle You Can't Escape",searching-for-premium-adult-movies-183-41590-518,"Looking for Premium Adult Movies? Before you click, discover the psychological cycle you can't escape in this comprehensive psychological deep-dive based on modern European educational standards.","<h2>The Reality Behind Your Search</h2><p>The journey to recovery always starts with self-awareness. If you find yourself mindlessly scrolling through tube sites late at night, your brain is likely seeking a cheap escape from daily stress or loneliness. Consciously replacing this destructive habit with healthy coping mechanisms—such as regular exercise, mindfulness meditation, or genuine social interaction—is the critical first step toward reclaiming your mental clarity.</p><h2>Understanding the Neurological Impact</h2><p>In recent years, modern neuroscientists have discovered that excessive consumption of high-stimulation adult content drastically alters the brain's natural reward system. The constant flood of dopamine downregulates essential receptors, meaning everyday pleasures and hobbies no longer feel satisfying. This is often the hidden root cause of lethargy, anxiety, and a sudden lack of motivation in young adults.</p><h2>The Path to Real Intimacy</h2><p>Leading European sex educators continually emphasize the importance of distinguishing between digital fantasy and physical reality. The adult industry often portrays highly choreographed, unrealistic scenarios that create false, toxic expectations for real-world intimacy. When individuals attempt to translate these extreme fantasies into their personal lives, it inevitably leads to disappointment and relationship friction.</p><p><em>Educational Note: This article is designed to provide scientific, European-standard sex education and psychological insights regarding the consumption of adult materials.</em></p>",https://images.unsplash.com/photo-1499209974431-9dddcece7f88?auto=format&fit=crop&w=800&q=80,2026-07-02T07:51:24.072Z,"Premium Adult Movies, Mental Health, Psychology, Education, Relationships"
"Searching for Top Adult Tube? How Your Brain Changes After 30 Days",searching-for-top-adult-tube-184-41590-369,"Looking for Top Adult Tube? Before you click, discover how your brain changes after 30 days in this comprehensive psychological deep-dive based on modern European educational standards.","<h2>The Reality Behind Your Search</h2><p>In recent years, modern neuroscientists have discovered that excessive consumption of high-stimulation adult content drastically alters the brain's natural reward system. The constant flood of dopamine downregulates essential receptors, meaning everyday pleasures and hobbies no longer feel satisfying. This is often the hidden root cause of lethargy, anxiety, and a sudden lack of motivation in young adults.</p><h2>Understanding the Neurological Impact</h2><p>The journey to recovery always starts with self-awareness. If you find yourself mindlessly scrolling through tube sites late at night, your brain is likely seeking a cheap escape from daily stress or loneliness. Consciously replacing this destructive habit with healthy coping mechanisms—such as regular exercise, mindfulness meditation, or genuine social interaction—is the critical first step toward reclaiming your mental clarity.</p><h2>The Path to Real Intimacy</h2><p>Building real intimacy requires deep vulnerability, emotional patience, and authentic connection—three crucial elements completely absent in synthetic, on-demand adult content. By constantly rewiring the brain to expect instant, zero-effort gratification, individuals slowly lose their natural capacity to navigate the beautiful complexities of genuine human relationships.</p><p><em>Educational Note: This article is designed to provide scientific, European-standard sex education and psychological insights regarding the consumption of adult materials.</em></p>",https://images.unsplash.com/photo-1505506874110-6a7a6c9924cb?auto=format&fit=crop&w=800&q=80,2026-09-14T19:07:22.780Z,"Top Adult Tube, Mental Health, Psychology, Education, Relationships"
"Searching for Free Adult Clips? The Science of Habit and Recovery",searching-for-free-adult-clips-185-41590-33,"Looking for Free Adult Clips? Before you click, discover the science of habit and recovery in this comprehensive psychological deep-dive based on modern European educational standards.","<h2>The Reality Behind Your Search</h2><p>One of the most alarming clinical trends identified by psychologists today is the rapid rise of PIED (Porn-Induced Erectile Dysfunction). Unlike traditional physical dysfunction, PIED is strictly neurological. The brain becomes so accustomed to extreme, high-speed visual stimulation on screens that it can no longer respond properly to a real human partner. Fortunately, abstaining from this content can reverse the neurological damage over several months.</p><h2>Understanding the Neurological Impact</h2><p>In recent years, modern neuroscientists have discovered that excessive consumption of high-stimulation adult content drastically alters the brain's natural reward system. The constant flood of dopamine downregulates essential receptors, meaning everyday pleasures and hobbies no longer feel satisfying. This is often the hidden root cause of lethargy, anxiety, and a sudden lack of motivation in young adults.</p><h2>The Path to Real Intimacy</h2><p>Building real intimacy requires deep vulnerability, emotional patience, and authentic connection—three crucial elements completely absent in synthetic, on-demand adult content. By constantly rewiring the brain to expect instant, zero-effort gratification, individuals slowly lose their natural capacity to navigate the beautiful complexities of genuine human relationships.</p><p><em>Educational Note: This article is designed to provide scientific, European-standard sex education and psychological insights regarding the consumption of adult materials.</em></p>",https://images.unsplash.com/photo-1520607162513-77705c0f0d4a?auto=format&fit=crop&w=800&q=80,2026-07-13T03:56:23.034Z,"Free Adult Clips, Mental Health, Psychology, Education, Relationships"
"Searching for Adult Streaming HD? How It Impacts Your Dopamine Levels",searching-for-adult-streaming-hd-186-41590-408,"Looking for Adult Streaming HD? Before you click, discover how it impacts your dopamine levels in this comprehensive psychological deep-dive based on modern European educational standards.","<h2>The Reality Behind Your Search</h2><p>Building real intimacy requires deep vulnerability, emotional patience, and authentic connection—three crucial elements completely absent in synthetic, on-demand adult content. By constantly rewiring the brain to expect instant, zero-effort gratification, individuals slowly lose their natural capacity to navigate the beautiful complexities of genuine human relationships.</p><h2>Understanding the Neurological Impact</h2><p>Mental health professionals often draw striking parallels between the habitual streaming of adult videos and severe substance abuse. The unprecedented ease of access on smartphones means the 'drug' is literally always in your pocket. Over time, users find they need more extreme, shocking, or novel content to achieve the same baseline level of satisfaction, a classic hallmark of escalating behavioral addiction.</p><h2>The Path to Real Intimacy</h2><p>The journey to recovery always starts with self-awareness. If you find yourself mindlessly scrolling through tube sites late at night, your brain is likely seeking a cheap escape from daily stress or loneliness. Consciously replacing this destructive habit with healthy coping mechanisms—such as regular exercise, mindfulness meditation, or genuine social interaction—is the critical first step toward reclaiming your mental clarity.</p><p><em>Educational Note: This article is designed to provide scientific, European-standard sex education and psychological insights regarding the consumption of adult materials.</em></p>",https://images.unsplash.com/photo-1559650656-5d1d361ad10e?auto=format&fit=crop&w=800&q=80,2026-07-19T09:38:18.786Z,"Adult Streaming HD, Mental Health, Psychology, Education, Relationships"
"Searching for Adult Content Uncensored? Why It Can Lead to Erectile Dysfunction in Men",searching-for-adult-content-uncensored-187-41590-904,"Looking for Adult Content Uncensored? Before you click, discover why it can lead to erectile dysfunction in men in this comprehensive psychological deep-dive based on modern European educational standards.","<h2>The Reality Behind Your Search</h2><p>One of the most alarming clinical trends identified by psychologists today is the rapid rise of PIED (Porn-Induced Erectile Dysfunction). Unlike traditional physical dysfunction, PIED is strictly neurological. The brain becomes so accustomed to extreme, high-speed visual stimulation on screens that it can no longer respond properly to a real human partner. Fortunately, abstaining from this content can reverse the neurological damage over several months.</p><h2>Understanding the Neurological Impact</h2><p>Mental health professionals often draw striking parallels between the habitual streaming of adult videos and severe substance abuse. The unprecedented ease of access on smartphones means the 'drug' is literally always in your pocket. Over time, users find they need more extreme, shocking, or novel content to achieve the same baseline level of satisfaction, a classic hallmark of escalating behavioral addiction.</p><h2>The Path to Real Intimacy</h2><p>Leading European sex educators continually emphasize the importance of distinguishing between digital fantasy and physical reality. The adult industry often portrays highly choreographed, unrealistic scenarios that create false, toxic expectations for real-world intimacy. When individuals attempt to translate these extreme fantasies into their personal lives, it inevitably leads to disappointment and relationship friction.</p><p><em>Educational Note: This article is designed to provide scientific, European-standard sex education and psychological insights regarding the consumption of adult materials.</em></p>",https://images.unsplash.com/photo-1550831107-1553da8c8464?auto=format&fit=crop&w=800&q=80,2026-08-19T19:14:43.493Z,"Adult Content Uncensored, Mental Health, Psychology, Education, Relationships"
"Searching for Best Adult Sites? The Connection Between Adult Content and Anxiety",searching-for-best-adult-sites-188-41590-499,"Looking for Best Adult Sites? Before you click, discover the connection between adult content and anxiety in this comprehensive psychological deep-dive based on modern European educational standards.","<h2>The Reality Behind Your Search</h2><p>Building real intimacy requires deep vulnerability, emotional patience, and authentic connection—three crucial elements completely absent in synthetic, on-demand adult content. By constantly rewiring the brain to expect instant, zero-effort gratification, individuals slowly lose their natural capacity to navigate the beautiful complexities of genuine human relationships.</p><h2>Understanding the Neurological Impact</h2><p>In recent years, modern neuroscientists have discovered that excessive consumption of high-stimulation adult content drastically alters the brain's natural reward system. The constant flood of dopamine downregulates essential receptors, meaning everyday pleasures and hobbies no longer feel satisfying. This is often the hidden root cause of lethargy, anxiety, and a sudden lack of motivation in young adults.</p><h2>The Path to Real Intimacy</h2><p>Leading European sex educators continually emphasize the importance of distinguishing between digital fantasy and physical reality. The adult industry often portrays highly choreographed, unrealistic scenarios that create false, toxic expectations for real-world intimacy. When individuals attempt to translate these extreme fantasies into their personal lives, it inevitably leads to disappointment and relationship friction.</p><p><em>Educational Note: This article is designed to provide scientific, European-standard sex education and psychological insights regarding the consumption of adult materials.</em></p>",https://images.unsplash.com/photo-1493836512294-502baa1986e2?auto=format&fit=crop&w=800&q=80,2026-09-26T11:45:16.973Z,"Best Adult Sites, Mental Health, Psychology, Education, Relationships"
"Searching for Online Adult Streaming? The Connection Between Adult Content and Anxiety",searching-for-online-adult-streaming-189-41590-135,"Looking for Online Adult Streaming? Before you click, discover the connection between adult content and anxiety in this comprehensive psychological deep-dive based on modern European educational standards.","<h2>The Reality Behind Your Search</h2><p>Mental health professionals often draw striking parallels between the habitual streaming of adult videos and severe substance abuse. The unprecedented ease of access on smartphones means the 'drug' is literally always in your pocket. Over time, users find they need more extreme, shocking, or novel content to achieve the same baseline level of satisfaction, a classic hallmark of escalating behavioral addiction.</p><h2>Understanding the Neurological Impact</h2><p>Leading European sex educators continually emphasize the importance of distinguishing between digital fantasy and physical reality. The adult industry often portrays highly choreographed, unrealistic scenarios that create false, toxic expectations for real-world intimacy. When individuals attempt to translate these extreme fantasies into their personal lives, it inevitably leads to disappointment and relationship friction.</p><h2>The Path to Real Intimacy</h2><p>Beyond the well-documented neurological impacts, the profound ethical implications of the adult industry cannot be ignored. Millions of viewers remain completely unaware of the exploitative, unsafe practices frequently occurring behind the scenes. Educating yourself on the harsh realities of commercial production can often break the illusion and help individuals permanently detach from compulsive viewing habits.</p><p><em>Educational Note: This article is designed to provide scientific, European-standard sex education and psychological insights regarding the consumption of adult materials.</em></p>",https://images.unsplash.com/photo-1499209974431-9dddcece7f88?auto=format&fit=crop&w=800&q=80,2026-07-10T07:12:27.801Z,"Online Adult Streaming, Mental Health, Psychology, Education, Relationships"
"Searching for Exclusive Adult Entertainment? The Psychological Cycle You Can't Escape",searching-for-exclusive-adult-entertainment-190-41590-796,"Looking for Exclusive Adult Entertainment? Before you click, discover the psychological cycle you can't escape in this comprehensive psychological deep-dive based on modern European educational standards.","<h2>The Reality Behind Your Search</h2><p>In recent years, modern neuroscientists have discovered that excessive consumption of high-stimulation adult content drastically alters the brain's natural reward system. The constant flood of dopamine downregulates essential receptors, meaning everyday pleasures and hobbies no longer feel satisfying. This is often the hidden root cause of lethargy, anxiety, and a sudden lack of motivation in young adults.</p><h2>Understanding the Neurological Impact</h2><p>Building real intimacy requires deep vulnerability, emotional patience, and authentic connection—three crucial elements completely absent in synthetic, on-demand adult content. By constantly rewiring the brain to expect instant, zero-effort gratification, individuals slowly lose their natural capacity to navigate the beautiful complexities of genuine human relationships.</p><h2>The Path to Real Intimacy</h2><p>Beyond the well-documented neurological impacts, the profound ethical implications of the adult industry cannot be ignored. Millions of viewers remain completely unaware of the exploitative, unsafe practices frequently occurring behind the scenes. Educating yourself on the harsh realities of commercial production can often break the illusion and help individuals permanently detach from compulsive viewing habits.</p><p><em>Educational Note: This article is designed to provide scientific, European-standard sex education and psychological insights regarding the consumption of adult materials.</em></p>",https://images.unsplash.com/photo-1505506874110-6a7a6c9924cb?auto=format&fit=crop&w=800&q=80,2026-06-21T16:41:10.663Z,"Exclusive Adult Entertainment, Mental Health, Psychology, Education, Relationships"
"Searching for XXX Movies HD? How It Impacts Your Dopamine Levels",searching-for-xxx-movies-hd-191-41590-737,"Looking for XXX Movies HD? Before you click, discover how it impacts your dopamine levels in this comprehensive psychological deep-dive based on modern European educational standards.","<h2>The Reality Behind Your Search</h2><p>The journey to recovery always starts with self-awareness. If you find yourself mindlessly scrolling through tube sites late at night, your brain is likely seeking a cheap escape from daily stress or loneliness. Consciously replacing this destructive habit with healthy coping mechanisms—such as regular exercise, mindfulness meditation, or genuine social interaction—is the critical first step toward reclaiming your mental clarity.</p><h2>Understanding the Neurological Impact</h2><p>One of the most alarming clinical trends identified by psychologists today is the rapid rise of PIED (Porn-Induced Erectile Dysfunction). Unlike traditional physical dysfunction, PIED is strictly neurological. The brain becomes so accustomed to extreme, high-speed visual stimulation on screens that it can no longer respond properly to a real human partner. Fortunately, abstaining from this content can reverse the neurological damage over several months.</p><h2>The Path to Real Intimacy</h2><p>Building real intimacy requires deep vulnerability, emotional patience, and authentic connection—three crucial elements completely absent in synthetic, on-demand adult content. By constantly rewiring the brain to expect instant, zero-effort gratification, individuals slowly lose their natural capacity to navigate the beautiful complexities of genuine human relationships.</p><p><em>Educational Note: This article is designed to provide scientific, European-standard sex education and psychological insights regarding the consumption of adult materials.</em></p>",https://images.unsplash.com/photo-1520607162513-77705c0f0d4a?auto=format&fit=crop&w=800&q=80,2026-09-04T03:56:44.929Z,"XXX Movies HD, Mental Health, Psychology, Education, Relationships"
"Searching for Premium Sex Tube? The Science of Habit and Recovery",searching-for-premium-sex-tube-192-41590-979,"Looking for Premium Sex Tube? Before you click, discover the science of habit and recovery in this comprehensive psychological deep-dive based on modern European educational standards.","<h2>The Reality Behind Your Search</h2><p>One of the most alarming clinical trends identified by psychologists today is the rapid rise of PIED (Porn-Induced Erectile Dysfunction). Unlike traditional physical dysfunction, PIED is strictly neurological. The brain becomes so accustomed to extreme, high-speed visual stimulation on screens that it can no longer respond properly to a real human partner. Fortunately, abstaining from this content can reverse the neurological damage over several months.</p><h2>Understanding the Neurological Impact</h2><p>Mental health professionals often draw striking parallels between the habitual streaming of adult videos and severe substance abuse. The unprecedented ease of access on smartphones means the 'drug' is literally always in your pocket. Over time, users find they need more extreme, shocking, or novel content to achieve the same baseline level of satisfaction, a classic hallmark of escalating behavioral addiction.</p><h2>The Path to Real Intimacy</h2><p>Leading European sex educators continually emphasize the importance of distinguishing between digital fantasy and physical reality. The adult industry often portrays highly choreographed, unrealistic scenarios that create false, toxic expectations for real-world intimacy. When individuals attempt to translate these extreme fantasies into their personal lives, it inevitably leads to disappointment and relationship friction.</p><p><em>Educational Note: This article is designed to provide scientific, European-standard sex education and psychological insights regarding the consumption of adult materials.</em></p>",https://images.unsplash.com/photo-1559650656-5d1d361ad10e?auto=format&fit=crop&w=800&q=80,2026-09-11T16:43:06.612Z,"Premium Sex Tube, Mental Health, Psychology, Education, Relationships"
"Searching for Hot Adult Clips? The Science of Habit and Recovery",searching-for-hot-adult-clips-193-41590-26,"Looking for Hot Adult Clips? Before you click, discover the science of habit and recovery in this comprehensive psychological deep-dive based on modern European educational standards.","<h2>The Reality Behind Your Search</h2><p>The journey to recovery always starts with self-awareness. If you find yourself mindlessly scrolling through tube sites late at night, your brain is likely seeking a cheap escape from daily stress or loneliness. Consciously replacing this destructive habit with healthy coping mechanisms—such as regular exercise, mindfulness meditation, or genuine social interaction—is the critical first step toward reclaiming your mental clarity.</p><h2>Understanding the Neurological Impact</h2><p>Beyond the well-documented neurological impacts, the profound ethical implications of the adult industry cannot be ignored. Millions of viewers remain completely unaware of the exploitative, unsafe practices frequently occurring behind the scenes. Educating yourself on the harsh realities of commercial production can often break the illusion and help individuals permanently detach from compulsive viewing habits.</p><h2>The Path to Real Intimacy</h2><p>Beyond the well-documented neurological impacts, the profound ethical implications of the adult industry cannot be ignored. Millions of viewers remain completely unaware of the exploitative, unsafe practices frequently occurring behind the scenes. Educating yourself on the harsh realities of commercial production can often break the illusion and help individuals permanently detach from compulsive viewing habits.</p><p><em>Educational Note: This article is designed to provide scientific, European-standard sex education and psychological insights regarding the consumption of adult materials.</em></p>",https://images.unsplash.com/photo-1550831107-1553da8c8464?auto=format&fit=crop&w=800&q=80,2026-06-26T02:45:20.641Z,"Hot Adult Clips, Mental Health, Psychology, Education, Relationships"
"Searching for Free Sex Videos HD? Why It Can Lead to Erectile Dysfunction in Men",searching-for-free-sex-videos-hd-194-41590-610,"Looking for Free Sex Videos HD? Before you click, discover why it can lead to erectile dysfunction in men in this comprehensive psychological deep-dive based on modern European educational standards.","<h2>The Reality Behind Your Search</h2><p>Mental health professionals often draw striking parallels between the habitual streaming of adult videos and severe substance abuse. The unprecedented ease of access on smartphones means the 'drug' is literally always in your pocket. Over time, users find they need more extreme, shocking, or novel content to achieve the same baseline level of satisfaction, a classic hallmark of escalating behavioral addiction.</p><h2>Understanding the Neurological Impact</h2><p>Building real intimacy requires deep vulnerability, emotional patience, and authentic connection—three crucial elements completely absent in synthetic, on-demand adult content. By constantly rewiring the brain to expect instant, zero-effort gratification, individuals slowly lose their natural capacity to navigate the beautiful complexities of genuine human relationships.</p><h2>The Path to Real Intimacy</h2><p>In recent years, modern neuroscientists have discovered that excessive consumption of high-stimulation adult content drastically alters the brain's natural reward system. The constant flood of dopamine downregulates essential receptors, meaning everyday pleasures and hobbies no longer feel satisfying. This is often the hidden root cause of lethargy, anxiety, and a sudden lack of motivation in young adults.</p><p><em>Educational Note: This article is designed to provide scientific, European-standard sex education and psychological insights regarding the consumption of adult materials.</em></p>",https://images.unsplash.com/photo-1493836512294-502baa1986e2?auto=format&fit=crop&w=800&q=80,2026-08-05T06:52:35.721Z,"Free Sex Videos HD, Mental Health, Psychology, Education, Relationships"
"Searching for HD Adult Videos? How Your Brain Changes After 30 Days",searching-for-hd-adult-videos-195-41590-75,"Looking for HD Adult Videos? Before you click, discover how your brain changes after 30 days in this comprehensive psychological deep-dive based on modern European educational standards.","<h2>The Reality Behind Your Search</h2><p>The journey to recovery always starts with self-awareness. If you find yourself mindlessly scrolling through tube sites late at night, your brain is likely seeking a cheap escape from daily stress or loneliness. Consciously replacing this destructive habit with healthy coping mechanisms—such as regular exercise, mindfulness meditation, or genuine social interaction—is the critical first step toward reclaiming your mental clarity.</p><h2>Understanding the Neurological Impact</h2><p>In recent years, modern neuroscientists have discovered that excessive consumption of high-stimulation adult content drastically alters the brain's natural reward system. The constant flood of dopamine downregulates essential receptors, meaning everyday pleasures and hobbies no longer feel satisfying. This is often the hidden root cause of lethargy, anxiety, and a sudden lack of motivation in young adults.</p><h2>The Path to Real Intimacy</h2><p>Leading European sex educators continually emphasize the importance of distinguishing between digital fantasy and physical reality. The adult industry often portrays highly choreographed, unrealistic scenarios that create false, toxic expectations for real-world intimacy. When individuals attempt to translate these extreme fantasies into their personal lives, it inevitably leads to disappointment and relationship friction.</p><p><em>Educational Note: This article is designed to provide scientific, European-standard sex education and psychological insights regarding the consumption of adult materials.</em></p>",https://images.unsplash.com/photo-1499209974431-9dddcece7f88?auto=format&fit=crop&w=800&q=80,2026-09-03T11:42:17.892Z,"HD Adult Videos, Mental Health, Psychology, Education, Relationships"
"Searching for Premium Adult Movies? The Connection Between Adult Content and Anxiety",searching-for-premium-adult-movies-196-41590-66,"Looking for Premium Adult Movies? Before you click, discover the connection between adult content and anxiety in this comprehensive psychological deep-dive based on modern European educational standards.","<h2>The Reality Behind Your Search</h2><p>The journey to recovery always starts with self-awareness. If you find yourself mindlessly scrolling through tube sites late at night, your brain is likely seeking a cheap escape from daily stress or loneliness. Consciously replacing this destructive habit with healthy coping mechanisms—such as regular exercise, mindfulness meditation, or genuine social interaction—is the critical first step toward reclaiming your mental clarity.</p><h2>Understanding the Neurological Impact</h2><p>Beyond the well-documented neurological impacts, the profound ethical implications of the adult industry cannot be ignored. Millions of viewers remain completely unaware of the exploitative, unsafe practices frequently occurring behind the scenes. Educating yourself on the harsh realities of commercial production can often break the illusion and help individuals permanently detach from compulsive viewing habits.</p><h2>The Path to Real Intimacy</h2><p>One of the most alarming clinical trends identified by psychologists today is the rapid rise of PIED (Porn-Induced Erectile Dysfunction). Unlike traditional physical dysfunction, PIED is strictly neurological. The brain becomes so accustomed to extreme, high-speed visual stimulation on screens that it can no longer respond properly to a real human partner. Fortunately, abstaining from this content can reverse the neurological damage over several months.</p><p><em>Educational Note: This article is designed to provide scientific, European-standard sex education and psychological insights regarding the consumption of adult materials.</em></p>",https://images.unsplash.com/photo-1505506874110-6a7a6c9924cb?auto=format&fit=crop&w=800&q=80,2026-06-30T09:04:45.291Z,"Premium Adult Movies, Mental Health, Psychology, Education, Relationships"
"Searching for Top Adult Tube? The Connection Between Adult Content and Anxiety",searching-for-top-adult-tube-197-41590-163,"Looking for Top Adult Tube? Before you click, discover the connection between adult content and anxiety in this comprehensive psychological deep-dive based on modern European educational standards.","<h2>The Reality Behind Your Search</h2><p>The journey to recovery always starts with self-awareness. If you find yourself mindlessly scrolling through tube sites late at night, your brain is likely seeking a cheap escape from daily stress or loneliness. Consciously replacing this destructive habit with healthy coping mechanisms—such as regular exercise, mindfulness meditation, or genuine social interaction—is the critical first step toward reclaiming your mental clarity.</p><h2>Understanding the Neurological Impact</h2><p>The journey to recovery always starts with self-awareness. If you find yourself mindlessly scrolling through tube sites late at night, your brain is likely seeking a cheap escape from daily stress or loneliness. Consciously replacing this destructive habit with healthy coping mechanisms—such as regular exercise, mindfulness meditation, or genuine social interaction—is the critical first step toward reclaiming your mental clarity.</p><h2>The Path to Real Intimacy</h2><p>Beyond the well-documented neurological impacts, the profound ethical implications of the adult industry cannot be ignored. Millions of viewers remain completely unaware of the exploitative, unsafe practices frequently occurring behind the scenes. Educating yourself on the harsh realities of commercial production can often break the illusion and help individuals permanently detach from compulsive viewing habits.</p><p><em>Educational Note: This article is designed to provide scientific, European-standard sex education and psychological insights regarding the consumption of adult materials.</em></p>",https://images.unsplash.com/photo-1520607162513-77705c0f0d4a?auto=format&fit=crop&w=800&q=80,2026-06-24T10:09:28.923Z,"Top Adult Tube, Mental Health, Psychology, Education, Relationships"
"Searching for Free Adult Clips? How It Distorts Your Expectations of Real Intimacy",searching-for-free-adult-clips-198-41590-134,"Looking for Free Adult Clips? Before you click, discover how it distorts your expectations of real intimacy in this comprehensive psychological deep-dive based on modern European educational standards.","<h2>The Reality Behind Your Search</h2><p>Mental health professionals often draw striking parallels between the habitual streaming of adult videos and severe substance abuse. The unprecedented ease of access on smartphones means the 'drug' is literally always in your pocket. Over time, users find they need more extreme, shocking, or novel content to achieve the same baseline level of satisfaction, a classic hallmark of escalating behavioral addiction.</p><h2>Understanding the Neurological Impact</h2><p>One of the most alarming clinical trends identified by psychologists today is the rapid rise of PIED (Porn-Induced Erectile Dysfunction). Unlike traditional physical dysfunction, PIED is strictly neurological. The brain becomes so accustomed to extreme, high-speed visual stimulation on screens that it can no longer respond properly to a real human partner. Fortunately, abstaining from this content can reverse the neurological damage over several months.</p><h2>The Path to Real Intimacy</h2><p>Building real intimacy requires deep vulnerability, emotional patience, and authentic connection—three crucial elements completely absent in synthetic, on-demand adult content. By constantly rewiring the brain to expect instant, zero-effort gratification, individuals slowly lose their natural capacity to navigate the beautiful complexities of genuine human relationships.</p><p><em>Educational Note: This article is designed to provide scientific, European-standard sex education and psychological insights regarding the consumption of adult materials.</em></p>",https://images.unsplash.com/photo-1559650656-5d1d361ad10e?auto=format&fit=crop&w=800&q=80,2026-09-28T09:04:25.733Z,"Free Adult Clips, Mental Health, Psychology, Education, Relationships"
"Searching for Adult Streaming HD? Why It Lowers Your Daily Productivity",searching-for-adult-streaming-hd-199-41590-3,"Looking for Adult Streaming HD? Before you click, discover why it lowers your daily productivity in this comprehensive psychological deep-dive based on modern European educational standards.","<h2>The Reality Behind Your Search</h2><p>The journey to recovery always starts with self-awareness. If you find yourself mindlessly scrolling through tube sites late at night, your brain is likely seeking a cheap escape from daily stress or loneliness. Consciously replacing this destructive habit with healthy coping mechanisms—such as regular exercise, mindfulness meditation, or genuine social interaction—is the critical first step toward reclaiming your mental clarity.</p><h2>Understanding the Neurological Impact</h2><p>Mental health professionals often draw striking parallels between the habitual streaming of adult videos and severe substance abuse. The unprecedented ease of access on smartphones means the 'drug' is literally always in your pocket. Over time, users find they need more extreme, shocking, or novel content to achieve the same baseline level of satisfaction, a classic hallmark of escalating behavioral addiction.</p><h2>The Path to Real Intimacy</h2><p>Leading European sex educators continually emphasize the importance of distinguishing between digital fantasy and physical reality. The adult industry often portrays highly choreographed, unrealistic scenarios that create false, toxic expectations for real-world intimacy. When individuals attempt to translate these extreme fantasies into their personal lives, it inevitably leads to disappointment and relationship friction.</p><p><em>Educational Note: This article is designed to provide scientific, European-standard sex education and psychological insights regarding the consumption of adult materials.</em></p>",https://images.unsplash.com/photo-1550831107-1553da8c8464?auto=format&fit=crop&w=800&q=80,2026-06-12T09:00:20.249Z,"Adult Streaming HD, Mental Health, Psychology, Education, Relationships"
