Body,Image URL
"Get ready for a action-packed MotoGP European Round taking place in Paris, France! As one of the premier upcoming motorsport events in Europe, this showcase promises world-class talent and non-stop excitement. Secure your tickets and check the full schedule.",https://picsum.photos/seed/euro_event_1/800/600
"Get ready for a unforgettable Bundesliga Clash taking place in Monaco! As one of the premier upcoming football events in Europe, this showcase promises world-class talent and non-stop excitement. Don't miss out on this spectacular European sports event.",https://picsum.photos/seed/euro_event_2/800/600
"Get ready for a thrilling UEFA Champions League taking place in Vienna, Austria! As one of the premier upcoming football events in Europe, this showcase promises world-class talent and non-stop excitement. Check out the ultimate guide to this upcoming championship clash.",https://picsum.photos/seed/euro_event_3/800/600
"Get ready for a unforgettable EuroLeague Basketball taking place in Monaco! As one of the premier upcoming basketball events in Europe, this showcase promises world-class talent and non-stop excitement. Secure your tickets and check the full schedule.",https://picsum.photos/seed/euro_event_4/800/600
"Get ready for a historic Bundesliga Clash taking place in Dublin, Ireland! As one of the premier upcoming football events in Europe, this showcase promises world-class talent and non-stop excitement. Stay tuned for live updates, highlights, and ticket information.",https://picsum.photos/seed/euro_event_5/800/600
"Get ready for a thrilling EHF Champions League taking place in Rome, Italy! As one of the premier upcoming handball events in Europe, this showcase promises world-class talent and non-stop excitement. Don't miss out on this spectacular European sports event.",https://picsum.photos/seed/euro_event_6/800/600
"Get ready for a crucial Six Nations Rugby taking place in Paris, France! As one of the premier upcoming rugby events in Europe, this showcase promises world-class talent and non-stop excitement. Find the latest tournament news, live streams, and match details.",https://picsum.photos/seed/euro_event_7/800/600
"Get ready for a thrilling La Liga Matchday taking place in London, UK! As one of the premier upcoming football events in Europe, this showcase promises world-class talent and non-stop excitement. Check out the ultimate guide to this upcoming championship clash.",https://picsum.photos/seed/euro_event_8/800/600
"Get ready for a unforgettable Formula 1 Grand Prix taking place in Munich, Germany! As one of the premier upcoming motorsport events in Europe, this showcase promises world-class talent and non-stop excitement. Find the latest tournament news, live streams, and match details.",https://picsum.photos/seed/euro_event_9/800/600
"Get ready for a unforgettable Wimbledon Championship taking place in Milan, Italy! As one of the premier upcoming tennis events in Europe, this showcase promises world-class talent and non-stop excitement. Experience top-tier competition and unforgettable moments.",https://picsum.photos/seed/euro_event_10/800/600
"Get ready for a breathtaking Roland Garros (French Open) taking place in Vienna, Austria! As one of the premier upcoming tennis events in Europe, this showcase promises world-class talent and non-stop excitement. A must-watch for all sports enthusiasts and fans across Europe.",https://picsum.photos/seed/euro_event_11/800/600
"Get ready for a action-packed Roland Garros (French Open) taking place in Lisbon, Portugal! As one of the premier upcoming tennis events in Europe, this showcase promises world-class talent and non-stop excitement. Find the latest tournament news, live streams, and match details.",https://picsum.photos/seed/euro_event_12/800/600
"Get ready for a thrilling Roland Garros (French Open) taking place in Amsterdam, Netherlands! As one of the premier upcoming tennis events in Europe, this showcase promises world-class talent and non-stop excitement. A must-watch for all sports enthusiasts and fans across Europe.",https://picsum.photos/seed/euro_event_13/800/600
"Get ready for a unforgettable Tour de France Stage taking place in Madrid, Spain! As one of the premier upcoming cycling events in Europe, this showcase promises world-class talent and non-stop excitement. Stay tuned for live updates, highlights, and ticket information.",https://picsum.photos/seed/euro_event_14/800/600
"Get ready for a historic La Liga Matchday taking place in Munich, Germany! As one of the premier upcoming football events in Europe, this showcase promises world-class talent and non-stop excitement. Don't miss out on this spectacular European sports event.",https://picsum.photos/seed/euro_event_15/800/600
"Get ready for a thrilling Wimbledon Championship taking place in Munich, Germany! As one of the premier upcoming tennis events in Europe, this showcase promises world-class talent and non-stop excitement. A must-watch for all sports enthusiasts and fans across Europe.",https://picsum.photos/seed/euro_event_16/800/600
"Get ready for a epic Tour de France Stage taking place in Brussels, Belgium! As one of the premier upcoming cycling events in Europe, this showcase promises world-class talent and non-stop excitement. Don't miss out on this spectacular European sports event.",https://picsum.photos/seed/euro_event_17/800/600
"Get ready for a epic Wimbledon Championship taking place in Madrid, Spain! As one of the premier upcoming tennis events in Europe, this showcase promises world-class talent and non-stop excitement. Stay tuned for live updates, highlights, and ticket information.",https://picsum.photos/seed/euro_event_18/800/600
"Get ready for a massive English Premier League taking place in London, UK! As one of the premier upcoming football events in Europe, this showcase promises world-class talent and non-stop excitement. A must-watch for all sports enthusiasts and fans across Europe.",https://picsum.photos/seed/euro_event_19/800/600
"Get ready for a massive English Premier League taking place in London, UK! As one of the premier upcoming football events in Europe, this showcase promises world-class talent and non-stop excitement. A must-watch for all sports enthusiasts and fans across Europe.",https://picsum.photos/seed/euro_event_20/800/600
"Get ready for a epic EuroLeague Basketball taking place in Athens, Greece! As one of the premier upcoming basketball events in Europe, this showcase promises world-class talent and non-stop excitement. Don't miss out on this spectacular European sports event.",https://picsum.photos/seed/euro_event_21/800/600
"Get ready for a unforgettable European Athletics Championships taking place in Munich, Germany! As one of the premier upcoming athletics events in Europe, this showcase promises world-class talent and non-stop excitement. Check out the ultimate guide to this upcoming championship clash.",https://picsum.photos/seed/euro_event_22/800/600
"Get ready for a intense Bundesliga Clash taking place in Lisbon, Portugal! As one of the premier upcoming football events in Europe, this showcase promises world-class talent and non-stop excitement. Secure your tickets and check the full schedule.",https://picsum.photos/seed/euro_event_23/800/600
"Get ready for a historic Formula 1 Grand Prix taking place in Lisbon, Portugal! As one of the premier upcoming motorsport events in Europe, this showcase promises world-class talent and non-stop excitement. Find the latest tournament news, live streams, and match details.",https://picsum.photos/seed/euro_event_24/800/600
"Get ready for a epic La Liga Matchday taking place in London, UK! As one of the premier upcoming football events in Europe, this showcase promises world-class talent and non-stop excitement. Check out the ultimate guide to this upcoming championship clash.",https://picsum.photos/seed/euro_event_25/800/600
"Get ready for a epic Tour de France Stage taking place in Madrid, Spain! As one of the premier upcoming cycling events in Europe, this showcase promises world-class talent and non-stop excitement. Secure your tickets and check the full schedule.",https://picsum.photos/seed/euro_event_26/800/600
"Get ready for a action-packed UEFA Champions League taking place in Lisbon, Portugal! As one of the premier upcoming football events in Europe, this showcase promises world-class talent and non-stop excitement. Check out the ultimate guide to this upcoming championship clash.",https://picsum.photos/seed/euro_event_27/800/600
"Get ready for a historic La Liga Matchday taking place in Dublin, Ireland! As one of the premier upcoming football events in Europe, this showcase promises world-class talent and non-stop excitement. Secure your tickets and check the full schedule.",https://picsum.photos/seed/euro_event_28/800/600
"Get ready for a action-packed English Premier League taking place in Amsterdam, Netherlands! As one of the premier upcoming football events in Europe, this showcase promises world-class talent and non-stop excitement. Stay tuned for live updates, highlights, and ticket information.",https://picsum.photos/seed/euro_event_29/800/600
"Get ready for a massive Bundesliga Clash taking place in Paris, France! As one of the premier upcoming football events in Europe, this showcase promises world-class talent and non-stop excitement. Stay tuned for live updates, highlights, and ticket information.",https://picsum.photos/seed/euro_event_30/800/600
"Get ready for a epic English Premier League taking place in Munich, Germany! As one of the premier upcoming football events in Europe, this showcase promises world-class talent and non-stop excitement. Check out the ultimate guide to this upcoming championship clash.",https://picsum.photos/seed/euro_event_31/800/600
"Get ready for a epic Formula 1 Grand Prix taking place in Berlin, Germany! As one of the premier upcoming motorsport events in Europe, this showcase promises world-class talent and non-stop excitement. Find the latest tournament news, live streams, and match details.",https://picsum.photos/seed/euro_event_32/800/600
"Get ready for a massive European Athletics Championships taking place in Berlin, Germany! As one of the premier upcoming athletics events in Europe, this showcase promises world-class talent and non-stop excitement. Secure your tickets and check the full schedule.",https://picsum.photos/seed/euro_event_33/800/600
"Get ready for a crucial English Premier League taking place in Athens, Greece! As one of the premier upcoming football events in Europe, this showcase promises world-class talent and non-stop excitement. Find the latest tournament news, live streams, and match details.",https://picsum.photos/seed/euro_event_34/800/600
"Get ready for a action-packed Formula 1 Grand Prix taking place in Dublin, Ireland! As one of the premier upcoming motorsport events in Europe, this showcase promises world-class talent and non-stop excitement. Don't miss out on this spectacular European sports event.",https://picsum.photos/seed/euro_event_35/800/600
"Get ready for a epic European Athletics Championships taking place in Barcelona, Spain! As one of the premier upcoming athletics events in Europe, this showcase promises world-class talent and non-stop excitement. A must-watch for all sports enthusiasts and fans across Europe.",https://picsum.photos/seed/euro_event_36/800/600
"Get ready for a action-packed Serie A Derby taking place in Munich, Germany! As one of the premier upcoming football events in Europe, this showcase promises world-class talent and non-stop excitement. Experience top-tier competition and unforgettable moments.",https://picsum.photos/seed/euro_event_37/800/600
"Get ready for a crucial Tour de France Stage taking place in Barcelona, Spain! As one of the premier upcoming cycling events in Europe, this showcase promises world-class talent and non-stop excitement. Find the latest tournament news, live streams, and match details.",https://picsum.photos/seed/euro_event_38/800/600
"Get ready for a action-packed Roland Garros (French Open) taking place in Brussels, Belgium! As one of the premier upcoming tennis events in Europe, this showcase promises world-class talent and non-stop excitement. Find the latest tournament news, live streams, and match details.",https://picsum.photos/seed/euro_event_39/800/600
"Get ready for a action-packed EuroLeague Basketball taking place in Dublin, Ireland! As one of the premier upcoming basketball events in Europe, this showcase promises world-class talent and non-stop excitement. Stay tuned for live updates, highlights, and ticket information.",https://picsum.photos/seed/euro_event_40/800/600
"Get ready for a breathtaking Tour de France Stage taking place in Vienna, Austria! As one of the premier upcoming cycling events in Europe, this showcase promises world-class talent and non-stop excitement. Secure your tickets and check the full schedule.",https://picsum.photos/seed/euro_event_41/800/600
"Get ready for a unforgettable EuroLeague Basketball taking place in Lisbon, Portugal! As one of the premier upcoming basketball events in Europe, this showcase promises world-class talent and non-stop excitement. A must-watch for all sports enthusiasts and fans across Europe.",https://picsum.photos/seed/euro_event_42/800/600
"Get ready for a historic Serie A Derby taking place in Vienna, Austria! As one of the premier upcoming football events in Europe, this showcase promises world-class talent and non-stop excitement. Experience top-tier competition and unforgettable moments.",https://picsum.photos/seed/euro_event_43/800/600
"Get ready for a breathtaking EHF Champions League taking place in Berlin, Germany! As one of the premier upcoming handball events in Europe, this showcase promises world-class talent and non-stop excitement. Don't miss out on this spectacular European sports event.",https://picsum.photos/seed/euro_event_44/800/600
"Get ready for a intense Tour de France Stage taking place in Rome, Italy! As one of the premier upcoming cycling events in Europe, this showcase promises world-class talent and non-stop excitement. Stay tuned for live updates, highlights, and ticket information.",https://picsum.photos/seed/euro_event_45/800/600
"Get ready for a thrilling Bundesliga Clash taking place in Lisbon, Portugal! As one of the premier upcoming football events in Europe, this showcase promises world-class talent and non-stop excitement. Find the latest tournament news, live streams, and match details.",https://picsum.photos/seed/euro_event_46/800/600
"Get ready for a unforgettable EHF Champions League taking place in Munich, Germany! As one of the premier upcoming handball events in Europe, this showcase promises world-class talent and non-stop excitement. Secure your tickets and check the full schedule.",https://picsum.photos/seed/euro_event_47/800/600
"Get ready for a epic Bundesliga Clash taking place in Lisbon, Portugal! As one of the premier upcoming football events in Europe, this showcase promises world-class talent and non-stop excitement. Find the latest tournament news, live streams, and match details.",https://picsum.photos/seed/euro_event_48/800/600
"Get ready for a breathtaking English Premier League taking place in Paris, France! As one of the premier upcoming football events in Europe, this showcase promises world-class talent and non-stop excitement. Secure your tickets and check the full schedule.",https://picsum.photos/seed/euro_event_49/800/600
"Get ready for a intense Serie A Derby taking place in Munich, Germany! As one of the premier upcoming football events in Europe, this showcase promises world-class talent and non-stop excitement. Check out the ultimate guide to this upcoming championship clash.",https://picsum.photos/seed/euro_event_50/800/600
"Get ready for a thrilling EuroLeague Basketball taking place in Vienna, Austria! As one of the premier upcoming basketball events in Europe, this showcase promises world-class talent and non-stop excitement. Secure your tickets and check the full schedule.",https://picsum.photos/seed/euro_event_51/800/600
"Get ready for a historic Bundesliga Clash taking place in Athens, Greece! As one of the premier upcoming football events in Europe, this showcase promises world-class talent and non-stop excitement. Experience top-tier competition and unforgettable moments.",https://picsum.photos/seed/euro_event_52/800/600
"Get ready for a epic EuroLeague Basketball taking place in Monaco! As one of the premier upcoming basketball events in Europe, this showcase promises world-class talent and non-stop excitement. Check out the ultimate guide to this upcoming championship clash.",https://picsum.photos/seed/euro_event_53/800/600
"Get ready for a thrilling Serie A Derby taking place in Rome, Italy! As one of the premier upcoming football events in Europe, this showcase promises world-class talent and non-stop excitement. Check out the ultimate guide to this upcoming championship clash.",https://picsum.photos/seed/euro_event_54/800/600
"Get ready for a highly anticipated MotoGP European Round taking place in Barcelona, Spain! As one of the premier upcoming motorsport events in Europe, this showcase promises world-class talent and non-stop excitement. Experience top-tier competition and unforgettable moments.",https://picsum.photos/seed/euro_event_55/800/600
"Get ready for a unforgettable Serie A Derby taking place in Madrid, Spain! As one of the premier upcoming football events in Europe, this showcase promises world-class talent and non-stop excitement. Check out the ultimate guide to this upcoming championship clash.",https://picsum.photos/seed/euro_event_56/800/600
"Get ready for a unforgettable Wimbledon Championship taking place in Rome, Italy! As one of the premier upcoming tennis events in Europe, this showcase promises world-class talent and non-stop excitement. Check out the ultimate guide to this upcoming championship clash.",https://picsum.photos/seed/euro_event_57/800/600
"Get ready for a massive EHF Champions League taking place in Dublin, Ireland! As one of the premier upcoming handball events in Europe, this showcase promises world-class talent and non-stop excitement. Check out the ultimate guide to this upcoming championship clash.",https://picsum.photos/seed/euro_event_58/800/600
"Get ready for a thrilling La Liga Matchday taking place in Rome, Italy! As one of the premier upcoming football events in Europe, this showcase promises world-class talent and non-stop excitement. Check out the ultimate guide to this upcoming championship clash.",https://picsum.photos/seed/euro_event_59/800/600
"Get ready for a intense Serie A Derby taking place in London, UK! As one of the premier upcoming football events in Europe, this showcase promises world-class talent and non-stop excitement. Experience top-tier competition and unforgettable moments.",https://picsum.photos/seed/euro_event_60/800/600
"Get ready for a epic Formula 1 Grand Prix taking place in Monaco! As one of the premier upcoming motorsport events in Europe, this showcase promises world-class talent and non-stop excitement. Find the latest tournament news, live streams, and match details.",https://picsum.photos/seed/euro_event_61/800/600
"Get ready for a highly anticipated Bundesliga Clash taking place in Rome, Italy! As one of the premier upcoming football events in Europe, this showcase promises world-class talent and non-stop excitement. Secure your tickets and check the full schedule.",https://picsum.photos/seed/euro_event_62/800/600
"Get ready for a epic Tour de France Stage taking place in Vienna, Austria! As one of the premier upcoming cycling events in Europe, this showcase promises world-class talent and non-stop excitement. A must-watch for all sports enthusiasts and fans across Europe.",https://picsum.photos/seed/euro_event_63/800/600
"Get ready for a epic English Premier League taking place in Madrid, Spain! As one of the premier upcoming football events in Europe, this showcase promises world-class talent and non-stop excitement. A must-watch for all sports enthusiasts and fans across Europe.",https://picsum.photos/seed/euro_event_64/800/600
"Get ready for a unforgettable Tour de France Stage taking place in Berlin, Germany! As one of the premier upcoming cycling events in Europe, this showcase promises world-class talent and non-stop excitement. A must-watch for all sports enthusiasts and fans across Europe.",https://picsum.photos/seed/euro_event_65/800/600
"Get ready for a historic Formula 1 Grand Prix taking place in Lisbon, Portugal! As one of the premier upcoming motorsport events in Europe, this showcase promises world-class talent and non-stop excitement. A must-watch for all sports enthusiasts and fans across Europe.",https://picsum.photos/seed/euro_event_66/800/600
"Get ready for a epic European Athletics Championships taking place in Milan, Italy! As one of the premier upcoming athletics events in Europe, this showcase promises world-class talent and non-stop excitement. Secure your tickets and check the full schedule.",https://picsum.photos/seed/euro_event_67/800/600
"Get ready for a unforgettable European Athletics Championships taking place in Milan, Italy! As one of the premier upcoming athletics events in Europe, this showcase promises world-class talent and non-stop excitement. Secure your tickets and check the full schedule.",https://picsum.photos/seed/euro_event_68/800/600
"Get ready for a historic La Liga Matchday taking place in Milan, Italy! As one of the premier upcoming football events in Europe, this showcase promises world-class talent and non-stop excitement. Find the latest tournament news, live streams, and match details.",https://picsum.photos/seed/euro_event_69/800/600
"Get ready for a epic EuroLeague Basketball taking place in Brussels, Belgium! As one of the premier upcoming basketball events in Europe, this showcase promises world-class talent and non-stop excitement. Check out the ultimate guide to this upcoming championship clash.",https://picsum.photos/seed/euro_event_70/800/600
"Get ready for a crucial MotoGP European Round taking place in Munich, Germany! As one of the premier upcoming motorsport events in Europe, this showcase promises world-class talent and non-stop excitement. Don't miss out on this spectacular European sports event.",https://picsum.photos/seed/euro_event_71/800/600
"Get ready for a highly anticipated Serie A Derby taking place in Monaco! As one of the premier upcoming football events in Europe, this showcase promises world-class talent and non-stop excitement. Check out the ultimate guide to this upcoming championship clash.",https://picsum.photos/seed/euro_event_72/800/600
"Get ready for a thrilling Six Nations Rugby taking place in Paris, France! As one of the premier upcoming rugby events in Europe, this showcase promises world-class talent and non-stop excitement. Find the latest tournament news, live streams, and match details.",https://picsum.photos/seed/euro_event_73/800/600
"Get ready for a intense UEFA Champions League taking place in Amsterdam, Netherlands! As one of the premier upcoming football events in Europe, this showcase promises world-class talent and non-stop excitement. Experience top-tier competition and unforgettable moments.",https://picsum.photos/seed/euro_event_74/800/600
"Get ready for a unforgettable Wimbledon Championship taking place in Dublin, Ireland! As one of the premier upcoming tennis events in Europe, this showcase promises world-class talent and non-stop excitement. Experience top-tier competition and unforgettable moments.",https://picsum.photos/seed/euro_event_75/800/600
"Get ready for a highly anticipated English Premier League taking place in Berlin, Germany! As one of the premier upcoming football events in Europe, this showcase promises world-class talent and non-stop excitement. Stay tuned for live updates, highlights, and ticket information.",https://picsum.photos/seed/euro_event_76/800/600
"Get ready for a breathtaking Bundesliga Clash taking place in Brussels, Belgium! As one of the premier upcoming football events in Europe, this showcase promises world-class talent and non-stop excitement. Check out the ultimate guide to this upcoming championship clash.",https://picsum.photos/seed/euro_event_77/800/600
"Get ready for a unforgettable La Liga Matchday taking place in Monaco! As one of the premier upcoming football events in Europe, this showcase promises world-class talent and non-stop excitement. A must-watch for all sports enthusiasts and fans across Europe.",https://picsum.photos/seed/euro_event_78/800/600
"Get ready for a unforgettable Formula 1 Grand Prix taking place in Athens, Greece! As one of the premier upcoming motorsport events in Europe, this showcase promises world-class talent and non-stop excitement. Stay tuned for live updates, highlights, and ticket information.",https://picsum.photos/seed/euro_event_79/800/600
"Get ready for a unforgettable Wimbledon Championship taking place in Rome, Italy! As one of the premier upcoming tennis events in Europe, this showcase promises world-class talent and non-stop excitement. Find the latest tournament news, live streams, and match details.",https://picsum.photos/seed/euro_event_80/800/600
"Get ready for a historic MotoGP European Round taking place in Amsterdam, Netherlands! As one of the premier upcoming motorsport events in Europe, this showcase promises world-class talent and non-stop excitement. Stay tuned for live updates, highlights, and ticket information.",https://picsum.photos/seed/euro_event_81/800/600
"Get ready for a unforgettable MotoGP European Round taking place in Berlin, Germany! As one of the premier upcoming motorsport events in Europe, this showcase promises world-class talent and non-stop excitement. Stay tuned for live updates, highlights, and ticket information.",https://picsum.photos/seed/euro_event_82/800/600
"Get ready for a historic Bundesliga Clash taking place in Vienna, Austria! As one of the premier upcoming football events in Europe, this showcase promises world-class talent and non-stop excitement. Find the latest tournament news, live streams, and match details.",https://picsum.photos/seed/euro_event_83/800/600
"Get ready for a breathtaking Six Nations Rugby taking place in London, UK! As one of the premier upcoming rugby events in Europe, this showcase promises world-class talent and non-stop excitement. Check out the ultimate guide to this upcoming championship clash.",https://picsum.photos/seed/euro_event_84/800/600
"Get ready for a crucial English Premier League taking place in Madrid, Spain! As one of the premier upcoming football events in Europe, this showcase promises world-class talent and non-stop excitement. A must-watch for all sports enthusiasts and fans across Europe.",https://picsum.photos/seed/euro_event_85/800/600
"Get ready for a epic Formula 1 Grand Prix taking place in Milan, Italy! As one of the premier upcoming motorsport events in Europe, this showcase promises world-class talent and non-stop excitement. A must-watch for all sports enthusiasts and fans across Europe.",https://picsum.photos/seed/euro_event_86/800/600
"Get ready for a breathtaking EuroLeague Basketball taking place in Brussels, Belgium! As one of the premier upcoming basketball events in Europe, this showcase promises world-class talent and non-stop excitement. Stay tuned for live updates, highlights, and ticket information.",https://picsum.photos/seed/euro_event_87/800/600
"Get ready for a massive La Liga Matchday taking place in Berlin, Germany! As one of the premier upcoming football events in Europe, this showcase promises world-class talent and non-stop excitement. Experience top-tier competition and unforgettable moments.",https://picsum.photos/seed/euro_event_88/800/600
"Get ready for a massive UEFA Champions League taking place in Milan, Italy! As one of the premier upcoming football events in Europe, this showcase promises world-class talent and non-stop excitement. Secure your tickets and check the full schedule.",https://picsum.photos/seed/euro_event_89/800/600
"Get ready for a thrilling EuroLeague Basketball taking place in Rome, Italy! As one of the premier upcoming basketball events in Europe, this showcase promises world-class talent and non-stop excitement. Secure your tickets and check the full schedule.",https://picsum.photos/seed/euro_event_90/800/600
"Get ready for a massive English Premier League taking place in Amsterdam, Netherlands! As one of the premier upcoming football events in Europe, this showcase promises world-class talent and non-stop excitement. Find the latest tournament news, live streams, and match details.",https://picsum.photos/seed/euro_event_91/800/600
"Get ready for a historic EHF Champions League taking place in Madrid, Spain! As one of the premier upcoming handball events in Europe, this showcase promises world-class talent and non-stop excitement. Stay tuned for live updates, highlights, and ticket information.",https://picsum.photos/seed/euro_event_92/800/600
"Get ready for a massive Wimbledon Championship taking place in Paris, France! As one of the premier upcoming tennis events in Europe, this showcase promises world-class talent and non-stop excitement. Check out the ultimate guide to this upcoming championship clash.",https://picsum.photos/seed/euro_event_93/800/600
"Get ready for a thrilling Tour de France Stage taking place in Monaco! As one of the premier upcoming cycling events in Europe, this showcase promises world-class talent and non-stop excitement. Check out the ultimate guide to this upcoming championship clash.",https://picsum.photos/seed/euro_event_94/800/600
"Get ready for a highly anticipated UEFA Champions League taking place in Lisbon, Portugal! As one of the premier upcoming football events in Europe, this showcase promises world-class talent and non-stop excitement. Check out the ultimate guide to this upcoming championship clash.",https://picsum.photos/seed/euro_event_95/800/600
"Get ready for a historic EuroLeague Basketball taking place in Paris, France! As one of the premier upcoming basketball events in Europe, this showcase promises world-class talent and non-stop excitement. Stay tuned for live updates, highlights, and ticket information.",https://picsum.photos/seed/euro_event_96/800/600
"Get ready for a intense Tour de France Stage taking place in Paris, France! As one of the premier upcoming cycling events in Europe, this showcase promises world-class talent and non-stop excitement. Secure your tickets and check the full schedule.",https://picsum.photos/seed/euro_event_97/800/600
"Get ready for a crucial English Premier League taking place in Munich, Germany! As one of the premier upcoming football events in Europe, this showcase promises world-class talent and non-stop excitement. Find the latest tournament news, live streams, and match details.",https://picsum.photos/seed/euro_event_98/800/600
"Get ready for a epic European Athletics Championships taking place in Vienna, Austria! As one of the premier upcoming athletics events in Europe, this showcase promises world-class talent and non-stop excitement. Check out the ultimate guide to this upcoming championship clash.",https://picsum.photos/seed/euro_event_99/800/600
"Get ready for a action-packed Wimbledon Championship taking place in London, UK! As one of the premier upcoming tennis events in Europe, this showcase promises world-class talent and non-stop excitement. Experience top-tier competition and unforgettable moments.",https://picsum.photos/seed/euro_event_100/800/600
"Get ready for a historic MotoGP European Round taking place in Dublin, Ireland! As one of the premier upcoming motorsport events in Europe, this showcase promises world-class talent and non-stop excitement. A must-watch for all sports enthusiasts and fans across Europe.",https://picsum.photos/seed/euro_event_101/800/600
"Get ready for a highly anticipated Serie A Derby taking place in Madrid, Spain! As one of the premier upcoming football events in Europe, this showcase promises world-class talent and non-stop excitement. A must-watch for all sports enthusiasts and fans across Europe.",https://picsum.photos/seed/euro_event_102/800/600
"Get ready for a epic EuroLeague Basketball taking place in Barcelona, Spain! As one of the premier upcoming basketball events in Europe, this showcase promises world-class talent and non-stop excitement. A must-watch for all sports enthusiasts and fans across Europe.",https://picsum.photos/seed/euro_event_103/800/600
"Get ready for a thrilling EHF Champions League taking place in Munich, Germany! As one of the premier upcoming handball events in Europe, this showcase promises world-class talent and non-stop excitement. A must-watch for all sports enthusiasts and fans across Europe.",https://picsum.photos/seed/euro_event_104/800/600
"Get ready for a crucial La Liga Matchday taking place in Athens, Greece! As one of the premier upcoming football events in Europe, this showcase promises world-class talent and non-stop excitement. Don't miss out on this spectacular European sports event.",https://picsum.photos/seed/euro_event_105/800/600
"Get ready for a crucial UEFA Champions League taking place in Madrid, Spain! As one of the premier upcoming football events in Europe, this showcase promises world-class talent and non-stop excitement. Find the latest tournament news, live streams, and match details.",https://picsum.photos/seed/euro_event_106/800/600
"Get ready for a breathtaking European Athletics Championships taking place in Milan, Italy! As one of the premier upcoming athletics events in Europe, this showcase promises world-class talent and non-stop excitement. Secure your tickets and check the full schedule.",https://picsum.photos/seed/euro_event_107/800/600
"Get ready for a breathtaking EHF Champions League taking place in Barcelona, Spain! As one of the premier upcoming handball events in Europe, this showcase promises world-class talent and non-stop excitement. Secure your tickets and check the full schedule.",https://picsum.photos/seed/euro_event_108/800/600
"Get ready for a highly anticipated La Liga Matchday taking place in Barcelona, Spain! As one of the premier upcoming football events in Europe, this showcase promises world-class talent and non-stop excitement. Experience top-tier competition and unforgettable moments.",https://picsum.photos/seed/euro_event_109/800/600
"Get ready for a breathtaking Tour de France Stage taking place in Paris, France! As one of the premier upcoming cycling events in Europe, this showcase promises world-class talent and non-stop excitement. Find the latest tournament news, live streams, and match details.",https://picsum.photos/seed/euro_event_110/800/600
"Get ready for a massive UEFA Champions League taking place in Berlin, Germany! As one of the premier upcoming football events in Europe, this showcase promises world-class talent and non-stop excitement. Stay tuned for live updates, highlights, and ticket information.",https://picsum.photos/seed/euro_event_111/800/600
"Get ready for a crucial Six Nations Rugby taking place in Madrid, Spain! As one of the premier upcoming rugby events in Europe, this showcase promises world-class talent and non-stop excitement. Don't miss out on this spectacular European sports event.",https://picsum.photos/seed/euro_event_112/800/600
"Get ready for a massive Bundesliga Clash taking place in Barcelona, Spain! As one of the premier upcoming football events in Europe, this showcase promises world-class talent and non-stop excitement. A must-watch for all sports enthusiasts and fans across Europe.",https://picsum.photos/seed/euro_event_113/800/600
"Get ready for a crucial MotoGP European Round taking place in Amsterdam, Netherlands! As one of the premier upcoming motorsport events in Europe, this showcase promises world-class talent and non-stop excitement. Check out the ultimate guide to this upcoming championship clash.",https://picsum.photos/seed/euro_event_114/800/600
"Get ready for a highly anticipated Six Nations Rugby taking place in Berlin, Germany! As one of the premier upcoming rugby events in Europe, this showcase promises world-class talent and non-stop excitement. Experience top-tier competition and unforgettable moments.",https://picsum.photos/seed/euro_event_115/800/600
"Get ready for a crucial Formula 1 Grand Prix taking place in Milan, Italy! As one of the premier upcoming motorsport events in Europe, this showcase promises world-class talent and non-stop excitement. Don't miss out on this spectacular European sports event.",https://picsum.photos/seed/euro_event_116/800/600
"Get ready for a epic UEFA Champions League taking place in Athens, Greece! As one of the premier upcoming football events in Europe, this showcase promises world-class talent and non-stop excitement. Secure your tickets and check the full schedule.",https://picsum.photos/seed/euro_event_117/800/600
"Get ready for a massive Serie A Derby taking place in Monaco! As one of the premier upcoming football events in Europe, this showcase promises world-class talent and non-stop excitement. Check out the ultimate guide to this upcoming championship clash.",https://picsum.photos/seed/euro_event_118/800/600
"Get ready for a historic Roland Garros (French Open) taking place in Amsterdam, Netherlands! As one of the premier upcoming tennis events in Europe, this showcase promises world-class talent and non-stop excitement. Check out the ultimate guide to this upcoming championship clash.",https://picsum.photos/seed/euro_event_119/800/600
"Get ready for a crucial Roland Garros (French Open) taking place in Brussels, Belgium! As one of the premier upcoming tennis events in Europe, this showcase promises world-class talent and non-stop excitement. Find the latest tournament news, live streams, and match details.",https://picsum.photos/seed/euro_event_120/800/600
"Get ready for a breathtaking Wimbledon Championship taking place in Berlin, Germany! As one of the premier upcoming tennis events in Europe, this showcase promises world-class talent and non-stop excitement. Don't miss out on this spectacular European sports event.",https://picsum.photos/seed/euro_event_121/800/600
"Get ready for a massive MotoGP European Round taking place in Brussels, Belgium! As one of the premier upcoming motorsport events in Europe, this showcase promises world-class talent and non-stop excitement. Experience top-tier competition and unforgettable moments.",https://picsum.photos/seed/euro_event_122/800/600
"Get ready for a historic MotoGP European Round taking place in Rome, Italy! As one of the premier upcoming motorsport events in Europe, this showcase promises world-class talent and non-stop excitement. Check out the ultimate guide to this upcoming championship clash.",https://picsum.photos/seed/euro_event_123/800/600
"Get ready for a epic Formula 1 Grand Prix taking place in Athens, Greece! As one of the premier upcoming motorsport events in Europe, this showcase promises world-class talent and non-stop excitement. Don't miss out on this spectacular European sports event.",https://picsum.photos/seed/euro_event_124/800/600
"Get ready for a epic European Athletics Championships taking place in Berlin, Germany! As one of the premier upcoming athletics events in Europe, this showcase promises world-class talent and non-stop excitement. Experience top-tier competition and unforgettable moments.",https://picsum.photos/seed/euro_event_125/800/600
"Get ready for a historic Roland Garros (French Open) taking place in Munich, Germany! As one of the premier upcoming tennis events in Europe, this showcase promises world-class talent and non-stop excitement. Secure your tickets and check the full schedule.",https://picsum.photos/seed/euro_event_126/800/600
"Get ready for a intense Bundesliga Clash taking place in Munich, Germany! As one of the premier upcoming football events in Europe, this showcase promises world-class talent and non-stop excitement. Stay tuned for live updates, highlights, and ticket information.",https://picsum.photos/seed/euro_event_127/800/600
"Get ready for a intense European Athletics Championships taking place in Brussels, Belgium! As one of the premier upcoming athletics events in Europe, this showcase promises world-class talent and non-stop excitement. Check out the ultimate guide to this upcoming championship clash.",https://picsum.photos/seed/euro_event_128/800/600
"Get ready for a highly anticipated La Liga Matchday taking place in Lisbon, Portugal! As one of the premier upcoming football events in Europe, this showcase promises world-class talent and non-stop excitement. Don't miss out on this spectacular European sports event.",https://picsum.photos/seed/euro_event_129/800/600
"Get ready for a highly anticipated MotoGP European Round taking place in Berlin, Germany! As one of the premier upcoming motorsport events in Europe, this showcase promises world-class talent and non-stop excitement. A must-watch for all sports enthusiasts and fans across Europe.",https://picsum.photos/seed/euro_event_130/800/600
"Get ready for a historic Roland Garros (French Open) taking place in Vienna, Austria! As one of the premier upcoming tennis events in Europe, this showcase promises world-class talent and non-stop excitement. A must-watch for all sports enthusiasts and fans across Europe.",https://picsum.photos/seed/euro_event_131/800/600
"Get ready for a action-packed MotoGP European Round taking place in Dublin, Ireland! As one of the premier upcoming motorsport events in Europe, this showcase promises world-class talent and non-stop excitement. Secure your tickets and check the full schedule.",https://picsum.photos/seed/euro_event_132/800/600
"Get ready for a epic Serie A Derby taking place in Barcelona, Spain! As one of the premier upcoming football events in Europe, this showcase promises world-class talent and non-stop excitement. Find the latest tournament news, live streams, and match details.",https://picsum.photos/seed/euro_event_133/800/600
"Get ready for a unforgettable Six Nations Rugby taking place in Dublin, Ireland! As one of the premier upcoming rugby events in Europe, this showcase promises world-class talent and non-stop excitement. Stay tuned for live updates, highlights, and ticket information.",https://picsum.photos/seed/euro_event_134/800/600
"Get ready for a thrilling Roland Garros (French Open) taking place in Dublin, Ireland! As one of the premier upcoming tennis events in Europe, this showcase promises world-class talent and non-stop excitement. Secure your tickets and check the full schedule.",https://picsum.photos/seed/euro_event_135/800/600
"Get ready for a intense La Liga Matchday taking place in Milan, Italy! As one of the premier upcoming football events in Europe, this showcase promises world-class talent and non-stop excitement. Find the latest tournament news, live streams, and match details.",https://picsum.photos/seed/euro_event_136/800/600
"Get ready for a historic Roland Garros (French Open) taking place in Brussels, Belgium! As one of the premier upcoming tennis events in Europe, this showcase promises world-class talent and non-stop excitement. A must-watch for all sports enthusiasts and fans across Europe.",https://picsum.photos/seed/euro_event_137/800/600
"Get ready for a crucial Wimbledon Championship taking place in Barcelona, Spain! As one of the premier upcoming tennis events in Europe, this showcase promises world-class talent and non-stop excitement. Find the latest tournament news, live streams, and match details.",https://picsum.photos/seed/euro_event_138/800/600
"Get ready for a thrilling MotoGP European Round taking place in Munich, Germany! As one of the premier upcoming motorsport events in Europe, this showcase promises world-class talent and non-stop excitement. Experience top-tier competition and unforgettable moments.",https://picsum.photos/seed/euro_event_139/800/600
"Get ready for a intense Wimbledon Championship taking place in Munich, Germany! As one of the premier upcoming tennis events in Europe, this showcase promises world-class talent and non-stop excitement. A must-watch for all sports enthusiasts and fans across Europe.",https://picsum.photos/seed/euro_event_140/800/600
"Get ready for a breathtaking Bundesliga Clash taking place in Athens, Greece! As one of the premier upcoming football events in Europe, this showcase promises world-class talent and non-stop excitement. Experience top-tier competition and unforgettable moments.",https://picsum.photos/seed/euro_event_141/800/600
"Get ready for a massive Formula 1 Grand Prix taking place in Paris, France! As one of the premier upcoming motorsport events in Europe, this showcase promises world-class talent and non-stop excitement. Secure your tickets and check the full schedule.",https://picsum.photos/seed/euro_event_142/800/600
"Get ready for a epic Tour de France Stage taking place in Athens, Greece! As one of the premier upcoming cycling events in Europe, this showcase promises world-class talent and non-stop excitement. A must-watch for all sports enthusiasts and fans across Europe.",https://picsum.photos/seed/euro_event_143/800/600
"Get ready for a breathtaking Serie A Derby taking place in Monaco! As one of the premier upcoming football events in Europe, this showcase promises world-class talent and non-stop excitement. A must-watch for all sports enthusiasts and fans across Europe.",https://picsum.photos/seed/euro_event_144/800/600
"Get ready for a highly anticipated Six Nations Rugby taking place in Amsterdam, Netherlands! As one of the premier upcoming rugby events in Europe, this showcase promises world-class talent and non-stop excitement. Check out the ultimate guide to this upcoming championship clash.",https://picsum.photos/seed/euro_event_145/800/600
"Get ready for a massive Bundesliga Clash taking place in Amsterdam, Netherlands! As one of the premier upcoming football events in Europe, this showcase promises world-class talent and non-stop excitement. Stay tuned for live updates, highlights, and ticket information.",https://picsum.photos/seed/euro_event_146/800/600
"Get ready for a action-packed MotoGP European Round taking place in Milan, Italy! As one of the premier upcoming motorsport events in Europe, this showcase promises world-class talent and non-stop excitement. Check out the ultimate guide to this upcoming championship clash.",https://picsum.photos/seed/euro_event_147/800/600
"Get ready for a breathtaking Serie A Derby taking place in Amsterdam, Netherlands! As one of the premier upcoming football events in Europe, this showcase promises world-class talent and non-stop excitement. Find the latest tournament news, live streams, and match details.",https://picsum.photos/seed/euro_event_148/800/600
"Get ready for a highly anticipated Serie A Derby taking place in Madrid, Spain! As one of the premier upcoming football events in Europe, this showcase promises world-class talent and non-stop excitement. Check out the ultimate guide to this upcoming championship clash.",https://picsum.photos/seed/euro_event_149/800/600
"Get ready for a epic Tour de France Stage taking place in Rome, Italy! As one of the premier upcoming cycling events in Europe, this showcase promises world-class talent and non-stop excitement. Don't miss out on this spectacular European sports event.",https://picsum.photos/seed/euro_event_150/800/600
"Get ready for a thrilling UEFA Champions League taking place in Paris, France! As one of the premier upcoming football events in Europe, this showcase promises world-class talent and non-stop excitement. A must-watch for all sports enthusiasts and fans across Europe.",https://picsum.photos/seed/euro_event_151/800/600
"Get ready for a breathtaking Bundesliga Clash taking place in Rome, Italy! As one of the premier upcoming football events in Europe, this showcase promises world-class talent and non-stop excitement. Stay tuned for live updates, highlights, and ticket information.",https://picsum.photos/seed/euro_event_152/800/600
"Get ready for a massive EuroLeague Basketball taking place in Brussels, Belgium! As one of the premier upcoming basketball events in Europe, this showcase promises world-class talent and non-stop excitement. Find the latest tournament news, live streams, and match details.",https://picsum.photos/seed/euro_event_153/800/600
"Get ready for a massive Six Nations Rugby taking place in Vienna, Austria! As one of the premier upcoming rugby events in Europe, this showcase promises world-class talent and non-stop excitement. Secure your tickets and check the full schedule.",https://picsum.photos/seed/euro_event_154/800/600
"Get ready for a epic Roland Garros (French Open) taking place in Madrid, Spain! As one of the premier upcoming tennis events in Europe, this showcase promises world-class talent and non-stop excitement. Secure your tickets and check the full schedule.",https://picsum.photos/seed/euro_event_155/800/600
"Get ready for a intense Roland Garros (French Open) taking place in Dublin, Ireland! As one of the premier upcoming tennis events in Europe, this showcase promises world-class talent and non-stop excitement. A must-watch for all sports enthusiasts and fans across Europe.",https://picsum.photos/seed/euro_event_156/800/600
"Get ready for a crucial Wimbledon Championship taking place in Lisbon, Portugal! As one of the premier upcoming tennis events in Europe, this showcase promises world-class talent and non-stop excitement. Check out the ultimate guide to this upcoming championship clash.",https://picsum.photos/seed/euro_event_157/800/600
"Get ready for a breathtaking Wimbledon Championship taking place in Lisbon, Portugal! As one of the premier upcoming tennis events in Europe, this showcase promises world-class talent and non-stop excitement. Check out the ultimate guide to this upcoming championship clash.",https://picsum.photos/seed/euro_event_158/800/600
"Get ready for a massive Formula 1 Grand Prix taking place in London, UK! As one of the premier upcoming motorsport events in Europe, this showcase promises world-class talent and non-stop excitement. A must-watch for all sports enthusiasts and fans across Europe.",https://picsum.photos/seed/euro_event_159/800/600
"Get ready for a crucial Wimbledon Championship taking place in Berlin, Germany! As one of the premier upcoming tennis events in Europe, this showcase promises world-class talent and non-stop excitement. Check out the ultimate guide to this upcoming championship clash.",https://picsum.photos/seed/euro_event_160/800/600
"Get ready for a thrilling EuroLeague Basketball taking place in Madrid, Spain! As one of the premier upcoming basketball events in Europe, this showcase promises world-class talent and non-stop excitement. A must-watch for all sports enthusiasts and fans across Europe.",https://picsum.photos/seed/euro_event_161/800/600
"Get ready for a epic EuroLeague Basketball taking place in Barcelona, Spain! As one of the premier upcoming basketball events in Europe, this showcase promises world-class talent and non-stop excitement. A must-watch for all sports enthusiasts and fans across Europe.",https://picsum.photos/seed/euro_event_162/800/600
"Get ready for a breathtaking EuroLeague Basketball taking place in Amsterdam, Netherlands! As one of the premier upcoming basketball events in Europe, this showcase promises world-class talent and non-stop excitement. Secure your tickets and check the full schedule.",https://picsum.photos/seed/euro_event_163/800/600
"Get ready for a epic EuroLeague Basketball taking place in Berlin, Germany! As one of the premier upcoming basketball events in Europe, this showcase promises world-class talent and non-stop excitement. A must-watch for all sports enthusiasts and fans across Europe.",https://picsum.photos/seed/euro_event_164/800/600
"Get ready for a epic MotoGP European Round taking place in Monaco! As one of the premier upcoming motorsport events in Europe, this showcase promises world-class talent and non-stop excitement. Experience top-tier competition and unforgettable moments.",https://picsum.photos/seed/euro_event_165/800/600
"Get ready for a thrilling Roland Garros (French Open) taking place in Brussels, Belgium! As one of the premier upcoming tennis events in Europe, this showcase promises world-class talent and non-stop excitement. A must-watch for all sports enthusiasts and fans across Europe.",https://picsum.photos/seed/euro_event_166/800/600
"Get ready for a intense UEFA Champions League taking place in Amsterdam, Netherlands! As one of the premier upcoming football events in Europe, this showcase promises world-class talent and non-stop excitement. Find the latest tournament news, live streams, and match details.",https://picsum.photos/seed/euro_event_167/800/600
"Get ready for a breathtaking Wimbledon Championship taking place in Vienna, Austria! As one of the premier upcoming tennis events in Europe, this showcase promises world-class talent and non-stop excitement. Stay tuned for live updates, highlights, and ticket information.",https://picsum.photos/seed/euro_event_168/800/600
"Get ready for a breathtaking UEFA Champions League taking place in Lisbon, Portugal! As one of the premier upcoming football events in Europe, this showcase promises world-class talent and non-stop excitement. Stay tuned for live updates, highlights, and ticket information.",https://picsum.photos/seed/euro_event_169/800/600
"Get ready for a massive Roland Garros (French Open) taking place in Madrid, Spain! As one of the premier upcoming tennis events in Europe, this showcase promises world-class talent and non-stop excitement. Check out the ultimate guide to this upcoming championship clash.",https://picsum.photos/seed/euro_event_170/800/600
"Get ready for a thrilling MotoGP European Round taking place in Amsterdam, Netherlands! As one of the premier upcoming motorsport events in Europe, this showcase promises world-class talent and non-stop excitement. A must-watch for all sports enthusiasts and fans across Europe.",https://picsum.photos/seed/euro_event_171/800/600
"Get ready for a epic EHF Champions League taking place in Paris, France! As one of the premier upcoming handball events in Europe, this showcase promises world-class talent and non-stop excitement. Stay tuned for live updates, highlights, and ticket information.",https://picsum.photos/seed/euro_event_172/800/600
"Get ready for a historic European Athletics Championships taking place in Milan, Italy! As one of the premier upcoming athletics events in Europe, this showcase promises world-class talent and non-stop excitement. Stay tuned for live updates, highlights, and ticket information.",https://picsum.photos/seed/euro_event_173/800/600
"Get ready for a unforgettable Six Nations Rugby taking place in Brussels, Belgium! As one of the premier upcoming rugby events in Europe, this showcase promises world-class talent and non-stop excitement. Stay tuned for live updates, highlights, and ticket information.",https://picsum.photos/seed/euro_event_174/800/600
"Get ready for a historic Bundesliga Clash taking place in Munich, Germany! As one of the premier upcoming football events in Europe, this showcase promises world-class talent and non-stop excitement. A must-watch for all sports enthusiasts and fans across Europe.",https://picsum.photos/seed/euro_event_175/800/600
"Get ready for a action-packed Serie A Derby taking place in London, UK! As one of the premier upcoming football events in Europe, this showcase promises world-class talent and non-stop excitement. Don't miss out on this spectacular European sports event.",https://picsum.photos/seed/euro_event_176/800/600
"Get ready for a crucial EHF Champions League taking place in Brussels, Belgium! As one of the premier upcoming handball events in Europe, this showcase promises world-class talent and non-stop excitement. Experience top-tier competition and unforgettable moments.",https://picsum.photos/seed/euro_event_177/800/600
"Get ready for a thrilling EuroLeague Basketball taking place in Berlin, Germany! As one of the premier upcoming basketball events in Europe, this showcase promises world-class talent and non-stop excitement. Don't miss out on this spectacular European sports event.",https://picsum.photos/seed/euro_event_178/800/600
"Get ready for a epic Serie A Derby taking place in Dublin, Ireland! As one of the premier upcoming football events in Europe, this showcase promises world-class talent and non-stop excitement. Don't miss out on this spectacular European sports event.",https://picsum.photos/seed/euro_event_179/800/600
"Get ready for a thrilling Tour de France Stage taking place in Barcelona, Spain! As one of the premier upcoming cycling events in Europe, this showcase promises world-class talent and non-stop excitement. Check out the ultimate guide to this upcoming championship clash.",https://picsum.photos/seed/euro_event_180/800/600
"Get ready for a intense Tour de France Stage taking place in Brussels, Belgium! As one of the premier upcoming cycling events in Europe, this showcase promises world-class talent and non-stop excitement. Experience top-tier competition and unforgettable moments.",https://picsum.photos/seed/euro_event_181/800/600
"Get ready for a thrilling EuroLeague Basketball taking place in Berlin, Germany! As one of the premier upcoming basketball events in Europe, this showcase promises world-class talent and non-stop excitement. Check out the ultimate guide to this upcoming championship clash.",https://picsum.photos/seed/euro_event_182/800/600
"Get ready for a crucial UEFA Champions League taking place in Madrid, Spain! As one of the premier upcoming football events in Europe, this showcase promises world-class talent and non-stop excitement. Secure your tickets and check the full schedule.",https://picsum.photos/seed/euro_event_183/800/600
"Get ready for a breathtaking EuroLeague Basketball taking place in London, UK! As one of the premier upcoming basketball events in Europe, this showcase promises world-class talent and non-stop excitement. Stay tuned for live updates, highlights, and ticket information.",https://picsum.photos/seed/euro_event_184/800/600
"Get ready for a intense Tour de France Stage taking place in Brussels, Belgium! As one of the premier upcoming cycling events in Europe, this showcase promises world-class talent and non-stop excitement. Secure your tickets and check the full schedule.",https://picsum.photos/seed/euro_event_185/800/600
"Get ready for a unforgettable EuroLeague Basketball taking place in Berlin, Germany! As one of the premier upcoming basketball events in Europe, this showcase promises world-class talent and non-stop excitement. Don't miss out on this spectacular European sports event.",https://picsum.photos/seed/euro_event_186/800/600
"Get ready for a highly anticipated EHF Champions League taking place in Lisbon, Portugal! As one of the premier upcoming handball events in Europe, this showcase promises world-class talent and non-stop excitement. Find the latest tournament news, live streams, and match details.",https://picsum.photos/seed/euro_event_187/800/600
"Get ready for a thrilling Wimbledon Championship taking place in Lisbon, Portugal! As one of the premier upcoming tennis events in Europe, this showcase promises world-class talent and non-stop excitement. Experience top-tier competition and unforgettable moments.",https://picsum.photos/seed/euro_event_188/800/600
"Get ready for a unforgettable Roland Garros (French Open) taking place in London, UK! As one of the premier upcoming tennis events in Europe, this showcase promises world-class talent and non-stop excitement. Find the latest tournament news, live streams, and match details.",https://picsum.photos/seed/euro_event_189/800/600
"Get ready for a intense Roland Garros (French Open) taking place in Lisbon, Portugal! As one of the premier upcoming tennis events in Europe, this showcase promises world-class talent and non-stop excitement. Don't miss out on this spectacular European sports event.",https://picsum.photos/seed/euro_event_190/800/600
"Get ready for a massive EHF Champions League taking place in Munich, Germany! As one of the premier upcoming handball events in Europe, this showcase promises world-class talent and non-stop excitement. Secure your tickets and check the full schedule.",https://picsum.photos/seed/euro_event_191/800/600
"Get ready for a epic European Athletics Championships taking place in Monaco! As one of the premier upcoming athletics events in Europe, this showcase promises world-class talent and non-stop excitement. A must-watch for all sports enthusiasts and fans across Europe.",https://picsum.photos/seed/euro_event_192/800/600
"Get ready for a action-packed Roland Garros (French Open) taking place in Madrid, Spain! As one of the premier upcoming tennis events in Europe, this showcase promises world-class talent and non-stop excitement. Find the latest tournament news, live streams, and match details.",https://picsum.photos/seed/euro_event_193/800/600
"Get ready for a epic Roland Garros (French Open) taking place in Paris, France! As one of the premier upcoming tennis events in Europe, this showcase promises world-class talent and non-stop excitement. Check out the ultimate guide to this upcoming championship clash.",https://picsum.photos/seed/euro_event_194/800/600
"Get ready for a breathtaking UEFA Champions League taking place in Dublin, Ireland! As one of the premier upcoming football events in Europe, this showcase promises world-class talent and non-stop excitement. Stay tuned for live updates, highlights, and ticket information.",https://picsum.photos/seed/euro_event_195/800/600
"Get ready for a crucial Tour de France Stage taking place in London, UK! As one of the premier upcoming cycling events in Europe, this showcase promises world-class talent and non-stop excitement. A must-watch for all sports enthusiasts and fans across Europe.",https://picsum.photos/seed/euro_event_196/800/600
"Get ready for a highly anticipated Formula 1 Grand Prix taking place in Berlin, Germany! As one of the premier upcoming motorsport events in Europe, this showcase promises world-class talent and non-stop excitement. A must-watch for all sports enthusiasts and fans across Europe.",https://picsum.photos/seed/euro_event_197/800/600
"Get ready for a unforgettable Wimbledon Championship taking place in Paris, France! As one of the premier upcoming tennis events in Europe, this showcase promises world-class talent and non-stop excitement. A must-watch for all sports enthusiasts and fans across Europe.",https://picsum.photos/seed/euro_event_198/800/600
"Get ready for a thrilling La Liga Matchday taking place in Barcelona, Spain! As one of the premier upcoming football events in Europe, this showcase promises world-class talent and non-stop excitement. Secure your tickets and check the full schedule.",https://picsum.photos/seed/euro_event_199/800/600
"Get ready for a epic Formula 1 Grand Prix taking place in Dublin, Ireland! As one of the premier upcoming motorsport events in Europe, this showcase promises world-class talent and non-stop excitement. A must-watch for all sports enthusiasts and fans across Europe.",https://picsum.photos/seed/euro_event_200/800/600
"Get ready for a massive Formula 1 Grand Prix taking place in Berlin, Germany! As one of the premier upcoming motorsport events in Europe, this showcase promises world-class talent and non-stop excitement. Check out the ultimate guide to this upcoming championship clash.",https://picsum.photos/seed/euro_event_201/800/600
"Get ready for a crucial EHF Champions League taking place in Barcelona, Spain! As one of the premier upcoming handball events in Europe, this showcase promises world-class talent and non-stop excitement. Stay tuned for live updates, highlights, and ticket information.",https://picsum.photos/seed/euro_event_202/800/600
"Get ready for a highly anticipated UEFA Champions League taking place in Vienna, Austria! As one of the premier upcoming football events in Europe, this showcase promises world-class talent and non-stop excitement. Stay tuned for live updates, highlights, and ticket information.",https://picsum.photos/seed/euro_event_203/800/600
"Get ready for a unforgettable Roland Garros (French Open) taking place in Athens, Greece! As one of the premier upcoming tennis events in Europe, this showcase promises world-class talent and non-stop excitement. Stay tuned for live updates, highlights, and ticket information.",https://picsum.photos/seed/euro_event_204/800/600
"Get ready for a unforgettable UEFA Champions League taking place in Madrid, Spain! As one of the premier upcoming football events in Europe, this showcase promises world-class talent and non-stop excitement. Experience top-tier competition and unforgettable moments.",https://picsum.photos/seed/euro_event_205/800/600
"Get ready for a unforgettable Wimbledon Championship taking place in Lisbon, Portugal! As one of the premier upcoming tennis events in Europe, this showcase promises world-class talent and non-stop excitement. Find the latest tournament news, live streams, and match details.",https://picsum.photos/seed/euro_event_206/800/600
"Get ready for a thrilling Bundesliga Clash taking place in Athens, Greece! As one of the premier upcoming football events in Europe, this showcase promises world-class talent and non-stop excitement. Stay tuned for live updates, highlights, and ticket information.",https://picsum.photos/seed/euro_event_207/800/600
"Get ready for a epic UEFA Champions League taking place in Rome, Italy! As one of the premier upcoming football events in Europe, this showcase promises world-class talent and non-stop excitement. Secure your tickets and check the full schedule.",https://picsum.photos/seed/euro_event_208/800/600
"Get ready for a crucial EuroLeague Basketball taking place in Rome, Italy! As one of the premier upcoming basketball events in Europe, this showcase promises world-class talent and non-stop excitement. Find the latest tournament news, live streams, and match details.",https://picsum.photos/seed/euro_event_209/800/600
"Get ready for a action-packed Wimbledon Championship taking place in Rome, Italy! As one of the premier upcoming tennis events in Europe, this showcase promises world-class talent and non-stop excitement. Find the latest tournament news, live streams, and match details.",https://picsum.photos/seed/euro_event_210/800/600
"Get ready for a highly anticipated European Athletics Championships taking place in Munich, Germany! As one of the premier upcoming athletics events in Europe, this showcase promises world-class talent and non-stop excitement. Stay tuned for live updates, highlights, and ticket information.",https://picsum.photos/seed/euro_event_211/800/600
"Get ready for a action-packed Serie A Derby taking place in Milan, Italy! As one of the premier upcoming football events in Europe, this showcase promises world-class talent and non-stop excitement. Check out the ultimate guide to this upcoming championship clash.",https://picsum.photos/seed/euro_event_212/800/600
"Get ready for a historic European Athletics Championships taking place in Barcelona, Spain! As one of the premier upcoming athletics events in Europe, this showcase promises world-class talent and non-stop excitement. A must-watch for all sports enthusiasts and fans across Europe.",https://picsum.photos/seed/euro_event_213/800/600
"Get ready for a massive Formula 1 Grand Prix taking place in Athens, Greece! As one of the premier upcoming motorsport events in Europe, this showcase promises world-class talent and non-stop excitement. Experience top-tier competition and unforgettable moments.",https://picsum.photos/seed/euro_event_214/800/600
"Get ready for a highly anticipated UEFA Champions League taking place in Paris, France! As one of the premier upcoming football events in Europe, this showcase promises world-class talent and non-stop excitement. Experience top-tier competition and unforgettable moments.",https://picsum.photos/seed/euro_event_215/800/600
"Get ready for a crucial Bundesliga Clash taking place in Rome, Italy! As one of the premier upcoming football events in Europe, this showcase promises world-class talent and non-stop excitement. Find the latest tournament news, live streams, and match details.",https://picsum.photos/seed/euro_event_216/800/600
"Get ready for a action-packed UEFA Champions League taking place in Brussels, Belgium! As one of the premier upcoming football events in Europe, this showcase promises world-class talent and non-stop excitement. A must-watch for all sports enthusiasts and fans across Europe.",https://picsum.photos/seed/euro_event_217/800/600
"Get ready for a thrilling Wimbledon Championship taking place in Rome, Italy! As one of the premier upcoming tennis events in Europe, this showcase promises world-class talent and non-stop excitement. Stay tuned for live updates, highlights, and ticket information.",https://picsum.photos/seed/euro_event_218/800/600
"Get ready for a thrilling UEFA Champions League taking place in London, UK! As one of the premier upcoming football events in Europe, this showcase promises world-class talent and non-stop excitement. Experience top-tier competition and unforgettable moments.",https://picsum.photos/seed/euro_event_219/800/600
"Get ready for a epic Bundesliga Clash taking place in Paris, France! As one of the premier upcoming football events in Europe, this showcase promises world-class talent and non-stop excitement. Don't miss out on this spectacular European sports event.",https://picsum.photos/seed/euro_event_220/800/600
"Get ready for a action-packed La Liga Matchday taking place in Monaco! As one of the premier upcoming football events in Europe, this showcase promises world-class talent and non-stop excitement. Secure your tickets and check the full schedule.",https://picsum.photos/seed/euro_event_221/800/600
"Get ready for a unforgettable Formula 1 Grand Prix taking place in Berlin, Germany! As one of the premier upcoming motorsport events in Europe, this showcase promises world-class talent and non-stop excitement. Check out the ultimate guide to this upcoming championship clash.",https://picsum.photos/seed/euro_event_222/800/600
"Get ready for a action-packed UEFA Champions League taking place in Brussels, Belgium! As one of the premier upcoming football events in Europe, this showcase promises world-class talent and non-stop excitement. Stay tuned for live updates, highlights, and ticket information.",https://picsum.photos/seed/euro_event_223/800/600
"Get ready for a unforgettable English Premier League taking place in Berlin, Germany! As one of the premier upcoming football events in Europe, this showcase promises world-class talent and non-stop excitement. A must-watch for all sports enthusiasts and fans across Europe.",https://picsum.photos/seed/euro_event_224/800/600
"Get ready for a epic Bundesliga Clash taking place in Vienna, Austria! As one of the premier upcoming football events in Europe, this showcase promises world-class talent and non-stop excitement. A must-watch for all sports enthusiasts and fans across Europe.",https://picsum.photos/seed/euro_event_225/800/600
"Get ready for a action-packed Formula 1 Grand Prix taking place in Monaco! As one of the premier upcoming motorsport events in Europe, this showcase promises world-class talent and non-stop excitement. A must-watch for all sports enthusiasts and fans across Europe.",https://picsum.photos/seed/euro_event_226/800/600
"Get ready for a action-packed Roland Garros (French Open) taking place in Amsterdam, Netherlands! As one of the premier upcoming tennis events in Europe, this showcase promises world-class talent and non-stop excitement. Experience top-tier competition and unforgettable moments.",https://picsum.photos/seed/euro_event_227/800/600
"Get ready for a breathtaking Roland Garros (French Open) taking place in Monaco! As one of the premier upcoming tennis events in Europe, this showcase promises world-class talent and non-stop excitement. Experience top-tier competition and unforgettable moments.",https://picsum.photos/seed/euro_event_228/800/600
"Get ready for a thrilling English Premier League taking place in Barcelona, Spain! As one of the premier upcoming football events in Europe, this showcase promises world-class talent and non-stop excitement. A must-watch for all sports enthusiasts and fans across Europe.",https://picsum.photos/seed/euro_event_229/800/600
"Get ready for a action-packed Tour de France Stage taking place in Milan, Italy! As one of the premier upcoming cycling events in Europe, this showcase promises world-class talent and non-stop excitement. Stay tuned for live updates, highlights, and ticket information.",https://picsum.photos/seed/euro_event_230/800/600
"Get ready for a crucial Formula 1 Grand Prix taking place in Lisbon, Portugal! As one of the premier upcoming motorsport events in Europe, this showcase promises world-class talent and non-stop excitement. Check out the ultimate guide to this upcoming championship clash.",https://picsum.photos/seed/euro_event_231/800/600
"Get ready for a intense Six Nations Rugby taking place in Rome, Italy! As one of the premier upcoming rugby events in Europe, this showcase promises world-class talent and non-stop excitement. Check out the ultimate guide to this upcoming championship clash.",https://picsum.photos/seed/euro_event_232/800/600
"Get ready for a intense Six Nations Rugby taking place in Munich, Germany! As one of the premier upcoming rugby events in Europe, this showcase promises world-class talent and non-stop excitement. Experience top-tier competition and unforgettable moments.",https://picsum.photos/seed/euro_event_233/800/600
"Get ready for a highly anticipated EuroLeague Basketball taking place in Rome, Italy! As one of the premier upcoming basketball events in Europe, this showcase promises world-class talent and non-stop excitement. Check out the ultimate guide to this upcoming championship clash.",https://picsum.photos/seed/euro_event_234/800/600
"Get ready for a thrilling UEFA Champions League taking place in Monaco! As one of the premier upcoming football events in Europe, this showcase promises world-class talent and non-stop excitement. Check out the ultimate guide to this upcoming championship clash.",https://picsum.photos/seed/euro_event_235/800/600
"Get ready for a breathtaking Tour de France Stage taking place in Rome, Italy! As one of the premier upcoming cycling events in Europe, this showcase promises world-class talent and non-stop excitement. Don't miss out on this spectacular European sports event.",https://picsum.photos/seed/euro_event_236/800/600
"Get ready for a thrilling Serie A Derby taking place in Dublin, Ireland! As one of the premier upcoming football events in Europe, this showcase promises world-class talent and non-stop excitement. Stay tuned for live updates, highlights, and ticket information.",https://picsum.photos/seed/euro_event_237/800/600
"Get ready for a crucial Serie A Derby taking place in Madrid, Spain! As one of the premier upcoming football events in Europe, this showcase promises world-class talent and non-stop excitement. Check out the ultimate guide to this upcoming championship clash.",https://picsum.photos/seed/euro_event_238/800/600
"Get ready for a massive Wimbledon Championship taking place in Amsterdam, Netherlands! As one of the premier upcoming tennis events in Europe, this showcase promises world-class talent and non-stop excitement. Check out the ultimate guide to this upcoming championship clash.",https://picsum.photos/seed/euro_event_239/800/600
"Get ready for a crucial Serie A Derby taking place in Munich, Germany! As one of the premier upcoming football events in Europe, this showcase promises world-class talent and non-stop excitement. Check out the ultimate guide to this upcoming championship clash.",https://picsum.photos/seed/euro_event_240/800/600
"Get ready for a historic Bundesliga Clash taking place in Munich, Germany! As one of the premier upcoming football events in Europe, this showcase promises world-class talent and non-stop excitement. Secure your tickets and check the full schedule.",https://picsum.photos/seed/euro_event_241/800/600
"Get ready for a intense EuroLeague Basketball taking place in Barcelona, Spain! As one of the premier upcoming basketball events in Europe, this showcase promises world-class talent and non-stop excitement. A must-watch for all sports enthusiasts and fans across Europe.",https://picsum.photos/seed/euro_event_242/800/600
"Get ready for a unforgettable La Liga Matchday taking place in Milan, Italy! As one of the premier upcoming football events in Europe, this showcase promises world-class talent and non-stop excitement. Secure your tickets and check the full schedule.",https://picsum.photos/seed/euro_event_243/800/600
"Get ready for a intense EuroLeague Basketball taking place in Berlin, Germany! As one of the premier upcoming basketball events in Europe, this showcase promises world-class talent and non-stop excitement. Check out the ultimate guide to this upcoming championship clash.",https://picsum.photos/seed/euro_event_244/800/600
"Get ready for a historic MotoGP European Round taking place in Paris, France! As one of the premier upcoming motorsport events in Europe, this showcase promises world-class talent and non-stop excitement. Secure your tickets and check the full schedule.",https://picsum.photos/seed/euro_event_245/800/600
"Get ready for a breathtaking European Athletics Championships taking place in Rome, Italy! As one of the premier upcoming athletics events in Europe, this showcase promises world-class talent and non-stop excitement. Check out the ultimate guide to this upcoming championship clash.",https://picsum.photos/seed/euro_event_246/800/600
"Get ready for a breathtaking Serie A Derby taking place in London, UK! As one of the premier upcoming football events in Europe, this showcase promises world-class talent and non-stop excitement. Secure your tickets and check the full schedule.",https://picsum.photos/seed/euro_event_247/800/600
"Get ready for a breathtaking Wimbledon Championship taking place in Munich, Germany! As one of the premier upcoming tennis events in Europe, this showcase promises world-class talent and non-stop excitement. Don't miss out on this spectacular European sports event.",https://picsum.photos/seed/euro_event_248/800/600
"Get ready for a epic UEFA Champions League taking place in Munich, Germany! As one of the premier upcoming football events in Europe, this showcase promises world-class talent and non-stop excitement. Secure your tickets and check the full schedule.",https://picsum.photos/seed/euro_event_249/800/600
"Get ready for a thrilling Formula 1 Grand Prix taking place in Rome, Italy! As one of the premier upcoming motorsport events in Europe, this showcase promises world-class talent and non-stop excitement. Stay tuned for live updates, highlights, and ticket information.",https://picsum.photos/seed/euro_event_250/800/600
"Get ready for a highly anticipated Roland Garros (French Open) taking place in Vienna, Austria! As one of the premier upcoming tennis events in Europe, this showcase promises world-class talent and non-stop excitement. Check out the ultimate guide to this upcoming championship clash.",https://picsum.photos/seed/euro_event_251/800/600
"Get ready for a breathtaking Formula 1 Grand Prix taking place in Lisbon, Portugal! As one of the premier upcoming motorsport events in Europe, this showcase promises world-class talent and non-stop excitement. A must-watch for all sports enthusiasts and fans across Europe.",https://picsum.photos/seed/euro_event_252/800/600
"Get ready for a thrilling Serie A Derby taking place in Lisbon, Portugal! As one of the premier upcoming football events in Europe, this showcase promises world-class talent and non-stop excitement. Stay tuned for live updates, highlights, and ticket information.",https://picsum.photos/seed/euro_event_253/800/600
"Get ready for a crucial EuroLeague Basketball taking place in Vienna, Austria! As one of the premier upcoming basketball events in Europe, this showcase promises world-class talent and non-stop excitement. Don't miss out on this spectacular European sports event.",https://picsum.photos/seed/euro_event_254/800/600
"Get ready for a action-packed Bundesliga Clash taking place in Milan, Italy! As one of the premier upcoming football events in Europe, this showcase promises world-class talent and non-stop excitement. Don't miss out on this spectacular European sports event.",https://picsum.photos/seed/euro_event_255/800/600
"Get ready for a highly anticipated Tour de France Stage taking place in Brussels, Belgium! As one of the premier upcoming cycling events in Europe, this showcase promises world-class talent and non-stop excitement. Stay tuned for live updates, highlights, and ticket information.",https://picsum.photos/seed/euro_event_256/800/600
"Get ready for a action-packed EHF Champions League taking place in Barcelona, Spain! As one of the premier upcoming handball events in Europe, this showcase promises world-class talent and non-stop excitement. Don't miss out on this spectacular European sports event.",https://picsum.photos/seed/euro_event_257/800/600
"Get ready for a crucial English Premier League taking place in Lisbon, Portugal! As one of the premier upcoming football events in Europe, this showcase promises world-class talent and non-stop excitement. Find the latest tournament news, live streams, and match details.",https://picsum.photos/seed/euro_event_258/800/600
"Get ready for a intense Wimbledon Championship taking place in Athens, Greece! As one of the premier upcoming tennis events in Europe, this showcase promises world-class talent and non-stop excitement. Don't miss out on this spectacular European sports event.",https://picsum.photos/seed/euro_event_259/800/600
"Get ready for a highly anticipated Serie A Derby taking place in Vienna, Austria! As one of the premier upcoming football events in Europe, this showcase promises world-class talent and non-stop excitement. Don't miss out on this spectacular European sports event.",https://picsum.photos/seed/euro_event_260/800/600
"Get ready for a epic Wimbledon Championship taking place in London, UK! As one of the premier upcoming tennis events in Europe, this showcase promises world-class talent and non-stop excitement. Find the latest tournament news, live streams, and match details.",https://picsum.photos/seed/euro_event_261/800/600
"Get ready for a massive European Athletics Championships taking place in Munich, Germany! As one of the premier upcoming athletics events in Europe, this showcase promises world-class talent and non-stop excitement. A must-watch for all sports enthusiasts and fans across Europe.",https://picsum.photos/seed/euro_event_262/800/600
"Get ready for a breathtaking UEFA Champions League taking place in Milan, Italy! As one of the premier upcoming football events in Europe, this showcase promises world-class talent and non-stop excitement. Check out the ultimate guide to this upcoming championship clash.",https://picsum.photos/seed/euro_event_263/800/600
"Get ready for a breathtaking UEFA Champions League taking place in Athens, Greece! As one of the premier upcoming football events in Europe, this showcase promises world-class talent and non-stop excitement. Stay tuned for live updates, highlights, and ticket information.",https://picsum.photos/seed/euro_event_264/800/600
"Get ready for a epic Six Nations Rugby taking place in Amsterdam, Netherlands! As one of the premier upcoming rugby events in Europe, this showcase promises world-class talent and non-stop excitement. Find the latest tournament news, live streams, and match details.",https://picsum.photos/seed/euro_event_265/800/600
"Get ready for a massive English Premier League taking place in London, UK! As one of the premier upcoming football events in Europe, this showcase promises world-class talent and non-stop excitement. Don't miss out on this spectacular European sports event.",https://picsum.photos/seed/euro_event_266/800/600
"Get ready for a unforgettable La Liga Matchday taking place in Lisbon, Portugal! As one of the premier upcoming football events in Europe, this showcase promises world-class talent and non-stop excitement. Find the latest tournament news, live streams, and match details.",https://picsum.photos/seed/euro_event_267/800/600
"Get ready for a crucial European Athletics Championships taking place in Athens, Greece! As one of the premier upcoming athletics events in Europe, this showcase promises world-class talent and non-stop excitement. Secure your tickets and check the full schedule.",https://picsum.photos/seed/euro_event_268/800/600
"Get ready for a action-packed EHF Champions League taking place in Rome, Italy! As one of the premier upcoming handball events in Europe, this showcase promises world-class talent and non-stop excitement. Stay tuned for live updates, highlights, and ticket information.",https://picsum.photos/seed/euro_event_269/800/600
"Get ready for a unforgettable MotoGP European Round taking place in Barcelona, Spain! As one of the premier upcoming motorsport events in Europe, this showcase promises world-class talent and non-stop excitement. Find the latest tournament news, live streams, and match details.",https://picsum.photos/seed/euro_event_270/800/600
"Get ready for a thrilling Bundesliga Clash taking place in Munich, Germany! As one of the premier upcoming football events in Europe, this showcase promises world-class talent and non-stop excitement. Stay tuned for live updates, highlights, and ticket information.",https://picsum.photos/seed/euro_event_271/800/600
"Get ready for a historic English Premier League taking place in Milan, Italy! As one of the premier upcoming football events in Europe, this showcase promises world-class talent and non-stop excitement. A must-watch for all sports enthusiasts and fans across Europe.",https://picsum.photos/seed/euro_event_272/800/600
"Get ready for a thrilling Bundesliga Clash taking place in Lisbon, Portugal! As one of the premier upcoming football events in Europe, this showcase promises world-class talent and non-stop excitement. Check out the ultimate guide to this upcoming championship clash.",https://picsum.photos/seed/euro_event_273/800/600
"Get ready for a action-packed European Athletics Championships taking place in Brussels, Belgium! As one of the premier upcoming athletics events in Europe, this showcase promises world-class talent and non-stop excitement. Experience top-tier competition and unforgettable moments.",https://picsum.photos/seed/euro_event_274/800/600
"Get ready for a epic Tour de France Stage taking place in Rome, Italy! As one of the premier upcoming cycling events in Europe, this showcase promises world-class talent and non-stop excitement. Secure your tickets and check the full schedule.",https://picsum.photos/seed/euro_event_275/800/600
"Get ready for a epic EHF Champions League taking place in Barcelona, Spain! As one of the premier upcoming handball events in Europe, this showcase promises world-class talent and non-stop excitement. Find the latest tournament news, live streams, and match details.",https://picsum.photos/seed/euro_event_276/800/600
"Get ready for a action-packed EHF Champions League taking place in Monaco! As one of the premier upcoming handball events in Europe, this showcase promises world-class talent and non-stop excitement. Find the latest tournament news, live streams, and match details.",https://picsum.photos/seed/euro_event_277/800/600
"Get ready for a epic Six Nations Rugby taking place in Madrid, Spain! As one of the premier upcoming rugby events in Europe, this showcase promises world-class talent and non-stop excitement. A must-watch for all sports enthusiasts and fans across Europe.",https://picsum.photos/seed/euro_event_278/800/600
"Get ready for a highly anticipated Tour de France Stage taking place in Vienna, Austria! As one of the premier upcoming cycling events in Europe, this showcase promises world-class talent and non-stop excitement. Find the latest tournament news, live streams, and match details.",https://picsum.photos/seed/euro_event_279/800/600
"Get ready for a intense UEFA Champions League taking place in London, UK! As one of the premier upcoming football events in Europe, this showcase promises world-class talent and non-stop excitement. Find the latest tournament news, live streams, and match details.",https://picsum.photos/seed/euro_event_280/800/600
"Get ready for a unforgettable Bundesliga Clash taking place in Berlin, Germany! As one of the premier upcoming football events in Europe, this showcase promises world-class talent and non-stop excitement. A must-watch for all sports enthusiasts and fans across Europe.",https://picsum.photos/seed/euro_event_281/800/600
"Get ready for a epic EuroLeague Basketball taking place in Madrid, Spain! As one of the premier upcoming basketball events in Europe, this showcase promises world-class talent and non-stop excitement. A must-watch for all sports enthusiasts and fans across Europe.",https://picsum.photos/seed/euro_event_282/800/600
"Get ready for a epic EHF Champions League taking place in Amsterdam, Netherlands! As one of the premier upcoming handball events in Europe, this showcase promises world-class talent and non-stop excitement. Experience top-tier competition and unforgettable moments.",https://picsum.photos/seed/euro_event_283/800/600
"Get ready for a intense Six Nations Rugby taking place in Munich, Germany! As one of the premier upcoming rugby events in Europe, this showcase promises world-class talent and non-stop excitement. A must-watch for all sports enthusiasts and fans across Europe.",https://picsum.photos/seed/euro_event_284/800/600
"Get ready for a intense Six Nations Rugby taking place in Milan, Italy! As one of the premier upcoming rugby events in Europe, this showcase promises world-class talent and non-stop excitement. Find the latest tournament news, live streams, and match details.",https://picsum.photos/seed/euro_event_285/800/600
"Get ready for a unforgettable Wimbledon Championship taking place in Monaco! As one of the premier upcoming tennis events in Europe, this showcase promises world-class talent and non-stop excitement. Stay tuned for live updates, highlights, and ticket information.",https://picsum.photos/seed/euro_event_286/800/600
"Get ready for a action-packed La Liga Matchday taking place in Madrid, Spain! As one of the premier upcoming football events in Europe, this showcase promises world-class talent and non-stop excitement. A must-watch for all sports enthusiasts and fans across Europe.",https://picsum.photos/seed/euro_event_287/800/600
"Get ready for a unforgettable MotoGP European Round taking place in Dublin, Ireland! As one of the premier upcoming motorsport events in Europe, this showcase promises world-class talent and non-stop excitement. Don't miss out on this spectacular European sports event.",https://picsum.photos/seed/euro_event_288/800/600
"Get ready for a massive Six Nations Rugby taking place in Brussels, Belgium! As one of the premier upcoming rugby events in Europe, this showcase promises world-class talent and non-stop excitement. Find the latest tournament news, live streams, and match details.",https://picsum.photos/seed/euro_event_289/800/600
"Get ready for a highly anticipated MotoGP European Round taking place in Amsterdam, Netherlands! As one of the premier upcoming motorsport events in Europe, this showcase promises world-class talent and non-stop excitement. Check out the ultimate guide to this upcoming championship clash.",https://picsum.photos/seed/euro_event_290/800/600
"Get ready for a historic EHF Champions League taking place in London, UK! As one of the premier upcoming handball events in Europe, this showcase promises world-class talent and non-stop excitement. Stay tuned for live updates, highlights, and ticket information.",https://picsum.photos/seed/euro_event_291/800/600
"Get ready for a historic Six Nations Rugby taking place in London, UK! As one of the premier upcoming rugby events in Europe, this showcase promises world-class talent and non-stop excitement. Find the latest tournament news, live streams, and match details.",https://picsum.photos/seed/euro_event_292/800/600
"Get ready for a epic Wimbledon Championship taking place in Milan, Italy! As one of the premier upcoming tennis events in Europe, this showcase promises world-class talent and non-stop excitement. Check out the ultimate guide to this upcoming championship clash.",https://picsum.photos/seed/euro_event_293/800/600
"Get ready for a action-packed Bundesliga Clash taking place in Brussels, Belgium! As one of the premier upcoming football events in Europe, this showcase promises world-class talent and non-stop excitement. A must-watch for all sports enthusiasts and fans across Europe.",https://picsum.photos/seed/euro_event_294/800/600
"Get ready for a highly anticipated Roland Garros (French Open) taking place in Lisbon, Portugal! As one of the premier upcoming tennis events in Europe, this showcase promises world-class talent and non-stop excitement. Experience top-tier competition and unforgettable moments.",https://picsum.photos/seed/euro_event_295/800/600
"Get ready for a crucial EuroLeague Basketball taking place in Milan, Italy! As one of the premier upcoming basketball events in Europe, this showcase promises world-class talent and non-stop excitement. Stay tuned for live updates, highlights, and ticket information.",https://picsum.photos/seed/euro_event_296/800/600
"Get ready for a massive EHF Champions League taking place in Rome, Italy! As one of the premier upcoming handball events in Europe, this showcase promises world-class talent and non-stop excitement. Don't miss out on this spectacular European sports event.",https://picsum.photos/seed/euro_event_297/800/600
"Get ready for a thrilling Serie A Derby taking place in Barcelona, Spain! As one of the premier upcoming football events in Europe, this showcase promises world-class talent and non-stop excitement. Don't miss out on this spectacular European sports event.",https://picsum.photos/seed/euro_event_298/800/600
"Get ready for a highly anticipated EuroLeague Basketball taking place in Amsterdam, Netherlands! As one of the premier upcoming basketball events in Europe, this showcase promises world-class talent and non-stop excitement. Secure your tickets and check the full schedule.",https://picsum.photos/seed/euro_event_299/800/600
"Get ready for a massive La Liga Matchday taking place in Milan, Italy! As one of the premier upcoming football events in Europe, this showcase promises world-class talent and non-stop excitement. Don't miss out on this spectacular European sports event.",https://picsum.photos/seed/euro_event_300/800/600
"Get ready for a breathtaking Bundesliga Clash taking place in Berlin, Germany! As one of the premier upcoming football events in Europe, this showcase promises world-class talent and non-stop excitement. Secure your tickets and check the full schedule.",https://picsum.photos/seed/euro_event_301/800/600
"Get ready for a thrilling Bundesliga Clash taking place in Monaco! As one of the premier upcoming football events in Europe, this showcase promises world-class talent and non-stop excitement. Secure your tickets and check the full schedule.",https://picsum.photos/seed/euro_event_302/800/600
"Get ready for a thrilling La Liga Matchday taking place in Paris, France! As one of the premier upcoming football events in Europe, this showcase promises world-class talent and non-stop excitement. Experience top-tier competition and unforgettable moments.",https://picsum.photos/seed/euro_event_303/800/600
"Get ready for a action-packed English Premier League taking place in Rome, Italy! As one of the premier upcoming football events in Europe, this showcase promises world-class talent and non-stop excitement. A must-watch for all sports enthusiasts and fans across Europe.",https://picsum.photos/seed/euro_event_304/800/600
"Get ready for a intense European Athletics Championships taking place in Barcelona, Spain! As one of the premier upcoming athletics events in Europe, this showcase promises world-class talent and non-stop excitement. A must-watch for all sports enthusiasts and fans across Europe.",https://picsum.photos/seed/euro_event_305/800/600
"Get ready for a massive La Liga Matchday taking place in Brussels, Belgium! As one of the premier upcoming football events in Europe, this showcase promises world-class talent and non-stop excitement. Experience top-tier competition and unforgettable moments.",https://picsum.photos/seed/euro_event_306/800/600
"Get ready for a epic Six Nations Rugby taking place in Barcelona, Spain! As one of the premier upcoming rugby events in Europe, this showcase promises world-class talent and non-stop excitement. Secure your tickets and check the full schedule.",https://picsum.photos/seed/euro_event_307/800/600
"Get ready for a breathtaking MotoGP European Round taking place in London, UK! As one of the premier upcoming motorsport events in Europe, this showcase promises world-class talent and non-stop excitement. Secure your tickets and check the full schedule.",https://picsum.photos/seed/euro_event_308/800/600
"Get ready for a historic MotoGP European Round taking place in Berlin, Germany! As one of the premier upcoming motorsport events in Europe, this showcase promises world-class talent and non-stop excitement. Find the latest tournament news, live streams, and match details.",https://picsum.photos/seed/euro_event_309/800/600
"Get ready for a highly anticipated European Athletics Championships taking place in Barcelona, Spain! As one of the premier upcoming athletics events in Europe, this showcase promises world-class talent and non-stop excitement. Check out the ultimate guide to this upcoming championship clash.",https://picsum.photos/seed/euro_event_310/800/600
"Get ready for a epic UEFA Champions League taking place in Vienna, Austria! As one of the premier upcoming football events in Europe, this showcase promises world-class talent and non-stop excitement. Experience top-tier competition and unforgettable moments.",https://picsum.photos/seed/euro_event_311/800/600
"Get ready for a epic Six Nations Rugby taking place in Rome, Italy! As one of the premier upcoming rugby events in Europe, this showcase promises world-class talent and non-stop excitement. Check out the ultimate guide to this upcoming championship clash.",https://picsum.photos/seed/euro_event_312/800/600
"Get ready for a massive Six Nations Rugby taking place in London, UK! As one of the premier upcoming rugby events in Europe, this showcase promises world-class talent and non-stop excitement. Experience top-tier competition and unforgettable moments.",https://picsum.photos/seed/euro_event_313/800/600
"Get ready for a crucial Serie A Derby taking place in Berlin, Germany! As one of the premier upcoming football events in Europe, this showcase promises world-class talent and non-stop excitement. A must-watch for all sports enthusiasts and fans across Europe.",https://picsum.photos/seed/euro_event_314/800/600
"Get ready for a crucial La Liga Matchday taking place in Madrid, Spain! As one of the premier upcoming football events in Europe, this showcase promises world-class talent and non-stop excitement. Don't miss out on this spectacular European sports event.",https://picsum.photos/seed/euro_event_315/800/600
"Get ready for a thrilling Formula 1 Grand Prix taking place in Monaco! As one of the premier upcoming motorsport events in Europe, this showcase promises world-class talent and non-stop excitement. Secure your tickets and check the full schedule.",https://picsum.photos/seed/euro_event_316/800/600
"Get ready for a highly anticipated Tour de France Stage taking place in Monaco! As one of the premier upcoming cycling events in Europe, this showcase promises world-class talent and non-stop excitement. Secure your tickets and check the full schedule.",https://picsum.photos/seed/euro_event_317/800/600
"Get ready for a highly anticipated Six Nations Rugby taking place in Brussels, Belgium! As one of the premier upcoming rugby events in Europe, this showcase promises world-class talent and non-stop excitement. Don't miss out on this spectacular European sports event.",https://picsum.photos/seed/euro_event_318/800/600
"Get ready for a highly anticipated Tour de France Stage taking place in Munich, Germany! As one of the premier upcoming cycling events in Europe, this showcase promises world-class talent and non-stop excitement. Experience top-tier competition and unforgettable moments.",https://picsum.photos/seed/euro_event_319/800/600
"Get ready for a epic Formula 1 Grand Prix taking place in Dublin, Ireland! As one of the premier upcoming motorsport events in Europe, this showcase promises world-class talent and non-stop excitement. Secure your tickets and check the full schedule.",https://picsum.photos/seed/euro_event_320/800/600
"Get ready for a historic Bundesliga Clash taking place in Monaco! As one of the premier upcoming football events in Europe, this showcase promises world-class talent and non-stop excitement. Secure your tickets and check the full schedule.",https://picsum.photos/seed/euro_event_321/800/600
"Get ready for a breathtaking EHF Champions League taking place in Madrid, Spain! As one of the premier upcoming handball events in Europe, this showcase promises world-class talent and non-stop excitement. Don't miss out on this spectacular European sports event.",https://picsum.photos/seed/euro_event_322/800/600
"Get ready for a unforgettable Tour de France Stage taking place in Vienna, Austria! As one of the premier upcoming cycling events in Europe, this showcase promises world-class talent and non-stop excitement. Experience top-tier competition and unforgettable moments.",https://picsum.photos/seed/euro_event_323/800/600
"Get ready for a epic Wimbledon Championship taking place in Athens, Greece! As one of the premier upcoming tennis events in Europe, this showcase promises world-class talent and non-stop excitement. Don't miss out on this spectacular European sports event.",https://picsum.photos/seed/euro_event_324/800/600
"Get ready for a unforgettable Formula 1 Grand Prix taking place in Lisbon, Portugal! As one of the premier upcoming motorsport events in Europe, this showcase promises world-class talent and non-stop excitement. A must-watch for all sports enthusiasts and fans across Europe.",https://picsum.photos/seed/euro_event_325/800/600
"Get ready for a thrilling Roland Garros (French Open) taking place in Athens, Greece! As one of the premier upcoming tennis events in Europe, this showcase promises world-class talent and non-stop excitement. Experience top-tier competition and unforgettable moments.",https://picsum.photos/seed/euro_event_326/800/600
"Get ready for a intense Six Nations Rugby taking place in Brussels, Belgium! As one of the premier upcoming rugby events in Europe, this showcase promises world-class talent and non-stop excitement. Secure your tickets and check the full schedule.",https://picsum.photos/seed/euro_event_327/800/600
"Get ready for a action-packed Serie A Derby taking place in London, UK! As one of the premier upcoming football events in Europe, this showcase promises world-class talent and non-stop excitement. A must-watch for all sports enthusiasts and fans across Europe.",https://picsum.photos/seed/euro_event_328/800/600
"Get ready for a epic Bundesliga Clash taking place in Dublin, Ireland! As one of the premier upcoming football events in Europe, this showcase promises world-class talent and non-stop excitement. Find the latest tournament news, live streams, and match details.",https://picsum.photos/seed/euro_event_329/800/600
"Get ready for a intense Formula 1 Grand Prix taking place in Vienna, Austria! As one of the premier upcoming motorsport events in Europe, this showcase promises world-class talent and non-stop excitement. A must-watch for all sports enthusiasts and fans across Europe.",https://picsum.photos/seed/euro_event_330/800/600
"Get ready for a unforgettable EuroLeague Basketball taking place in Vienna, Austria! As one of the premier upcoming basketball events in Europe, this showcase promises world-class talent and non-stop excitement. Experience top-tier competition and unforgettable moments.",https://picsum.photos/seed/euro_event_331/800/600
"Get ready for a historic Six Nations Rugby taking place in Paris, France! As one of the premier upcoming rugby events in Europe, this showcase promises world-class talent and non-stop excitement. Check out the ultimate guide to this upcoming championship clash.",https://picsum.photos/seed/euro_event_332/800/600
"Get ready for a massive European Athletics Championships taking place in Brussels, Belgium! As one of the premier upcoming athletics events in Europe, this showcase promises world-class talent and non-stop excitement. Find the latest tournament news, live streams, and match details.",https://picsum.photos/seed/euro_event_333/800/600
"Get ready for a massive Tour de France Stage taking place in Monaco! As one of the premier upcoming cycling events in Europe, this showcase promises world-class talent and non-stop excitement. Stay tuned for live updates, highlights, and ticket information.",https://picsum.photos/seed/euro_event_334/800/600
"Get ready for a breathtaking EuroLeague Basketball taking place in Amsterdam, Netherlands! As one of the premier upcoming basketball events in Europe, this showcase promises world-class talent and non-stop excitement. Don't miss out on this spectacular European sports event.",https://picsum.photos/seed/euro_event_335/800/600
"Get ready for a action-packed Bundesliga Clash taking place in Barcelona, Spain! As one of the premier upcoming football events in Europe, this showcase promises world-class talent and non-stop excitement. Find the latest tournament news, live streams, and match details.",https://picsum.photos/seed/euro_event_336/800/600
"Get ready for a epic Formula 1 Grand Prix taking place in Munich, Germany! As one of the premier upcoming motorsport events in Europe, this showcase promises world-class talent and non-stop excitement. Find the latest tournament news, live streams, and match details.",https://picsum.photos/seed/euro_event_337/800/600
"Get ready for a crucial Serie A Derby taking place in Athens, Greece! As one of the premier upcoming football events in Europe, this showcase promises world-class talent and non-stop excitement. Stay tuned for live updates, highlights, and ticket information.",https://picsum.photos/seed/euro_event_338/800/600
"Get ready for a thrilling Bundesliga Clash taking place in Milan, Italy! As one of the premier upcoming football events in Europe, this showcase promises world-class talent and non-stop excitement. Secure your tickets and check the full schedule.",https://picsum.photos/seed/euro_event_339/800/600
"Get ready for a historic UEFA Champions League taking place in Brussels, Belgium! As one of the premier upcoming football events in Europe, this showcase promises world-class talent and non-stop excitement. Find the latest tournament news, live streams, and match details.",https://picsum.photos/seed/euro_event_340/800/600
"Get ready for a action-packed Roland Garros (French Open) taking place in Paris, France! As one of the premier upcoming tennis events in Europe, this showcase promises world-class talent and non-stop excitement. Find the latest tournament news, live streams, and match details.",https://picsum.photos/seed/euro_event_341/800/600
"Get ready for a historic La Liga Matchday taking place in Brussels, Belgium! As one of the premier upcoming football events in Europe, this showcase promises world-class talent and non-stop excitement. Stay tuned for live updates, highlights, and ticket information.",https://picsum.photos/seed/euro_event_342/800/600
"Get ready for a highly anticipated Serie A Derby taking place in Barcelona, Spain! As one of the premier upcoming football events in Europe, this showcase promises world-class talent and non-stop excitement. Check out the ultimate guide to this upcoming championship clash.",https://picsum.photos/seed/euro_event_343/800/600
"Get ready for a unforgettable Roland Garros (French Open) taking place in London, UK! As one of the premier upcoming tennis events in Europe, this showcase promises world-class talent and non-stop excitement. Find the latest tournament news, live streams, and match details.",https://picsum.photos/seed/euro_event_344/800/600
"Get ready for a unforgettable Serie A Derby taking place in Paris, France! As one of the premier upcoming football events in Europe, this showcase promises world-class talent and non-stop excitement. Secure your tickets and check the full schedule.",https://picsum.photos/seed/euro_event_345/800/600
"Get ready for a crucial English Premier League taking place in Brussels, Belgium! As one of the premier upcoming football events in Europe, this showcase promises world-class talent and non-stop excitement. Experience top-tier competition and unforgettable moments.",https://picsum.photos/seed/euro_event_346/800/600
"Get ready for a highly anticipated Six Nations Rugby taking place in Brussels, Belgium! As one of the premier upcoming rugby events in Europe, this showcase promises world-class talent and non-stop excitement. Secure your tickets and check the full schedule.",https://picsum.photos/seed/euro_event_347/800/600
"Get ready for a thrilling Bundesliga Clash taking place in Monaco! As one of the premier upcoming football events in Europe, this showcase promises world-class talent and non-stop excitement. Check out the ultimate guide to this upcoming championship clash.",https://picsum.photos/seed/euro_event_348/800/600
"Get ready for a historic EuroLeague Basketball taking place in Milan, Italy! As one of the premier upcoming basketball events in Europe, this showcase promises world-class talent and non-stop excitement. A must-watch for all sports enthusiasts and fans across Europe.",https://picsum.photos/seed/euro_event_349/800/600
"Get ready for a crucial EHF Champions League taking place in Vienna, Austria! As one of the premier upcoming handball events in Europe, this showcase promises world-class talent and non-stop excitement. Don't miss out on this spectacular European sports event.",https://picsum.photos/seed/euro_event_350/800/600
"Get ready for a epic Serie A Derby taking place in London, UK! As one of the premier upcoming football events in Europe, this showcase promises world-class talent and non-stop excitement. Stay tuned for live updates, highlights, and ticket information.",https://picsum.photos/seed/euro_event_351/800/600
"Get ready for a highly anticipated Formula 1 Grand Prix taking place in Paris, France! As one of the premier upcoming motorsport events in Europe, this showcase promises world-class talent and non-stop excitement. Check out the ultimate guide to this upcoming championship clash.",https://picsum.photos/seed/euro_event_352/800/600
"Get ready for a action-packed Bundesliga Clash taking place in Milan, Italy! As one of the premier upcoming football events in Europe, this showcase promises world-class talent and non-stop excitement. Experience top-tier competition and unforgettable moments.",https://picsum.photos/seed/euro_event_353/800/600
"Get ready for a intense English Premier League taking place in Amsterdam, Netherlands! As one of the premier upcoming football events in Europe, this showcase promises world-class talent and non-stop excitement. Secure your tickets and check the full schedule.",https://picsum.photos/seed/euro_event_354/800/600
"Get ready for a massive Tour de France Stage taking place in Monaco! As one of the premier upcoming cycling events in Europe, this showcase promises world-class talent and non-stop excitement. Find the latest tournament news, live streams, and match details.",https://picsum.photos/seed/euro_event_355/800/600
"Get ready for a historic Formula 1 Grand Prix taking place in Amsterdam, Netherlands! As one of the premier upcoming motorsport events in Europe, this showcase promises world-class talent and non-stop excitement. Find the latest tournament news, live streams, and match details.",https://picsum.photos/seed/euro_event_356/800/600
"Get ready for a intense EuroLeague Basketball taking place in Athens, Greece! As one of the premier upcoming basketball events in Europe, this showcase promises world-class talent and non-stop excitement. A must-watch for all sports enthusiasts and fans across Europe.",https://picsum.photos/seed/euro_event_357/800/600
"Get ready for a intense Six Nations Rugby taking place in Madrid, Spain! As one of the premier upcoming rugby events in Europe, this showcase promises world-class talent and non-stop excitement. Don't miss out on this spectacular European sports event.",https://picsum.photos/seed/euro_event_358/800/600
"Get ready for a thrilling European Athletics Championships taking place in London, UK! As one of the premier upcoming athletics events in Europe, this showcase promises world-class talent and non-stop excitement. Experience top-tier competition and unforgettable moments.",https://picsum.photos/seed/euro_event_359/800/600
"Get ready for a historic La Liga Matchday taking place in Lisbon, Portugal! As one of the premier upcoming football events in Europe, this showcase promises world-class talent and non-stop excitement. A must-watch for all sports enthusiasts and fans across Europe.",https://picsum.photos/seed/euro_event_360/800/600
"Get ready for a intense MotoGP European Round taking place in Barcelona, Spain! As one of the premier upcoming motorsport events in Europe, this showcase promises world-class talent and non-stop excitement. A must-watch for all sports enthusiasts and fans across Europe.",https://picsum.photos/seed/euro_event_361/800/600
"Get ready for a epic Bundesliga Clash taking place in Rome, Italy! As one of the premier upcoming football events in Europe, this showcase promises world-class talent and non-stop excitement. Find the latest tournament news, live streams, and match details.",https://picsum.photos/seed/euro_event_362/800/600
"Get ready for a crucial English Premier League taking place in Paris, France! As one of the premier upcoming football events in Europe, this showcase promises world-class talent and non-stop excitement. Stay tuned for live updates, highlights, and ticket information.",https://picsum.photos/seed/euro_event_363/800/600
"Get ready for a breathtaking Roland Garros (French Open) taking place in Lisbon, Portugal! As one of the premier upcoming tennis events in Europe, this showcase promises world-class talent and non-stop excitement. Check out the ultimate guide to this upcoming championship clash.",https://picsum.photos/seed/euro_event_364/800/600
"Get ready for a unforgettable Bundesliga Clash taking place in Dublin, Ireland! As one of the premier upcoming football events in Europe, this showcase promises world-class talent and non-stop excitement. A must-watch for all sports enthusiasts and fans across Europe.",https://picsum.photos/seed/euro_event_365/800/600
"Get ready for a intense Serie A Derby taking place in Barcelona, Spain! As one of the premier upcoming football events in Europe, this showcase promises world-class talent and non-stop excitement. Find the latest tournament news, live streams, and match details.",https://picsum.photos/seed/euro_event_366/800/600
"Get ready for a unforgettable Wimbledon Championship taking place in Brussels, Belgium! As one of the premier upcoming tennis events in Europe, this showcase promises world-class talent and non-stop excitement. Check out the ultimate guide to this upcoming championship clash.",https://picsum.photos/seed/euro_event_367/800/600
"Get ready for a action-packed European Athletics Championships taking place in Paris, France! As one of the premier upcoming athletics events in Europe, this showcase promises world-class talent and non-stop excitement. Find the latest tournament news, live streams, and match details.",https://picsum.photos/seed/euro_event_368/800/600
"Get ready for a unforgettable Tour de France Stage taking place in Berlin, Germany! As one of the premier upcoming cycling events in Europe, this showcase promises world-class talent and non-stop excitement. Experience top-tier competition and unforgettable moments.",https://picsum.photos/seed/euro_event_369/800/600
"Get ready for a intense EHF Champions League taking place in Berlin, Germany! As one of the premier upcoming handball events in Europe, this showcase promises world-class talent and non-stop excitement. Find the latest tournament news, live streams, and match details.",https://picsum.photos/seed/euro_event_370/800/600
"Get ready for a massive Bundesliga Clash taking place in Monaco! As one of the premier upcoming football events in Europe, this showcase promises world-class talent and non-stop excitement. Check out the ultimate guide to this upcoming championship clash.",https://picsum.photos/seed/euro_event_371/800/600
"Get ready for a action-packed Six Nations Rugby taking place in Rome, Italy! As one of the premier upcoming rugby events in Europe, this showcase promises world-class talent and non-stop excitement. Don't miss out on this spectacular European sports event.",https://picsum.photos/seed/euro_event_372/800/600
"Get ready for a crucial Bundesliga Clash taking place in Berlin, Germany! As one of the premier upcoming football events in Europe, this showcase promises world-class talent and non-stop excitement. Check out the ultimate guide to this upcoming championship clash.",https://picsum.photos/seed/euro_event_373/800/600
"Get ready for a epic La Liga Matchday taking place in Vienna, Austria! As one of the premier upcoming football events in Europe, this showcase promises world-class talent and non-stop excitement. Secure your tickets and check the full schedule.",https://picsum.photos/seed/euro_event_374/800/600
"Get ready for a crucial English Premier League taking place in Brussels, Belgium! As one of the premier upcoming football events in Europe, this showcase promises world-class talent and non-stop excitement. Experience top-tier competition and unforgettable moments.",https://picsum.photos/seed/euro_event_375/800/600
"Get ready for a massive EHF Champions League taking place in Berlin, Germany! As one of the premier upcoming handball events in Europe, this showcase promises world-class talent and non-stop excitement. Don't miss out on this spectacular European sports event.",https://picsum.photos/seed/euro_event_376/800/600
"Get ready for a epic Six Nations Rugby taking place in Brussels, Belgium! As one of the premier upcoming rugby events in Europe, this showcase promises world-class talent and non-stop excitement. Find the latest tournament news, live streams, and match details.",https://picsum.photos/seed/euro_event_377/800/600
"Get ready for a massive Six Nations Rugby taking place in Munich, Germany! As one of the premier upcoming rugby events in Europe, this showcase promises world-class talent and non-stop excitement. Find the latest tournament news, live streams, and match details.",https://picsum.photos/seed/euro_event_378/800/600
"Get ready for a massive Tour de France Stage taking place in Barcelona, Spain! As one of the premier upcoming cycling events in Europe, this showcase promises world-class talent and non-stop excitement. Don't miss out on this spectacular European sports event.",https://picsum.photos/seed/euro_event_379/800/600
"Get ready for a crucial Roland Garros (French Open) taking place in Milan, Italy! As one of the premier upcoming tennis events in Europe, this showcase promises world-class talent and non-stop excitement. Find the latest tournament news, live streams, and match details.",https://picsum.photos/seed/euro_event_380/800/600
"Get ready for a historic MotoGP European Round taking place in Athens, Greece! As one of the premier upcoming motorsport events in Europe, this showcase promises world-class talent and non-stop excitement. Don't miss out on this spectacular European sports event.",https://picsum.photos/seed/euro_event_381/800/600
"Get ready for a epic Formula 1 Grand Prix taking place in Madrid, Spain! As one of the premier upcoming motorsport events in Europe, this showcase promises world-class talent and non-stop excitement. Experience top-tier competition and unforgettable moments.",https://picsum.photos/seed/euro_event_382/800/600
"Get ready for a highly anticipated Serie A Derby taking place in Dublin, Ireland! As one of the premier upcoming football events in Europe, this showcase promises world-class talent and non-stop excitement. Experience top-tier competition and unforgettable moments.",https://picsum.photos/seed/euro_event_383/800/600
"Get ready for a epic La Liga Matchday taking place in Lisbon, Portugal! As one of the premier upcoming football events in Europe, this showcase promises world-class talent and non-stop excitement. A must-watch for all sports enthusiasts and fans across Europe.",https://picsum.photos/seed/euro_event_384/800/600
"Get ready for a highly anticipated La Liga Matchday taking place in Lisbon, Portugal! As one of the premier upcoming football events in Europe, this showcase promises world-class talent and non-stop excitement. Find the latest tournament news, live streams, and match details.",https://picsum.photos/seed/euro_event_385/800/600
"Get ready for a action-packed Six Nations Rugby taking place in Brussels, Belgium! As one of the premier upcoming rugby events in Europe, this showcase promises world-class talent and non-stop excitement. Experience top-tier competition and unforgettable moments.",https://picsum.photos/seed/euro_event_386/800/600
"Get ready for a crucial UEFA Champions League taking place in Monaco! As one of the premier upcoming football events in Europe, this showcase promises world-class talent and non-stop excitement. Experience top-tier competition and unforgettable moments.",https://picsum.photos/seed/euro_event_387/800/600
"Get ready for a historic UEFA Champions League taking place in Lisbon, Portugal! As one of the premier upcoming football events in Europe, this showcase promises world-class talent and non-stop excitement. A must-watch for all sports enthusiasts and fans across Europe.",https://picsum.photos/seed/euro_event_388/800/600
"Get ready for a thrilling Serie A Derby taking place in Monaco! As one of the premier upcoming football events in Europe, this showcase promises world-class talent and non-stop excitement. Don't miss out on this spectacular European sports event.",https://picsum.photos/seed/euro_event_389/800/600
"Get ready for a highly anticipated Wimbledon Championship taking place in Monaco! As one of the premier upcoming tennis events in Europe, this showcase promises world-class talent and non-stop excitement. Don't miss out on this spectacular European sports event.",https://picsum.photos/seed/euro_event_390/800/600
"Get ready for a intense Six Nations Rugby taking place in Lisbon, Portugal! As one of the premier upcoming rugby events in Europe, this showcase promises world-class talent and non-stop excitement. Experience top-tier competition and unforgettable moments.",https://picsum.photos/seed/euro_event_391/800/600
"Get ready for a epic Tour de France Stage taking place in Rome, Italy! As one of the premier upcoming cycling events in Europe, this showcase promises world-class talent and non-stop excitement. Secure your tickets and check the full schedule.",https://picsum.photos/seed/euro_event_392/800/600
"Get ready for a epic Formula 1 Grand Prix taking place in Brussels, Belgium! As one of the premier upcoming motorsport events in Europe, this showcase promises world-class talent and non-stop excitement. Stay tuned for live updates, highlights, and ticket information.",https://picsum.photos/seed/euro_event_393/800/600
"Get ready for a intense Formula 1 Grand Prix taking place in Monaco! As one of the premier upcoming motorsport events in Europe, this showcase promises world-class talent and non-stop excitement. Experience top-tier competition and unforgettable moments.",https://picsum.photos/seed/euro_event_394/800/600
"Get ready for a intense Serie A Derby taking place in Brussels, Belgium! As one of the premier upcoming football events in Europe, this showcase promises world-class talent and non-stop excitement. Check out the ultimate guide to this upcoming championship clash.",https://picsum.photos/seed/euro_event_395/800/600
"Get ready for a unforgettable European Athletics Championships taking place in Berlin, Germany! As one of the premier upcoming athletics events in Europe, this showcase promises world-class talent and non-stop excitement. Find the latest tournament news, live streams, and match details.",https://picsum.photos/seed/euro_event_396/800/600
"Get ready for a intense European Athletics Championships taking place in Lisbon, Portugal! As one of the premier upcoming athletics events in Europe, this showcase promises world-class talent and non-stop excitement. A must-watch for all sports enthusiasts and fans across Europe.",https://picsum.photos/seed/euro_event_397/800/600
"Get ready for a epic La Liga Matchday taking place in Paris, France! As one of the premier upcoming football events in Europe, this showcase promises world-class talent and non-stop excitement. Stay tuned for live updates, highlights, and ticket information.",https://picsum.photos/seed/euro_event_398/800/600
"Get ready for a thrilling Formula 1 Grand Prix taking place in Vienna, Austria! As one of the premier upcoming motorsport events in Europe, this showcase promises world-class talent and non-stop excitement. Check out the ultimate guide to this upcoming championship clash.",https://picsum.photos/seed/euro_event_399/800/600
"Get ready for a epic UEFA Champions League taking place in Paris, France! As one of the premier upcoming football events in Europe, this showcase promises world-class talent and non-stop excitement. Don't miss out on this spectacular European sports event.",https://picsum.photos/seed/euro_event_400/800/600
"Get ready for a action-packed Formula 1 Grand Prix taking place in Berlin, Germany! As one of the premier upcoming motorsport events in Europe, this showcase promises world-class talent and non-stop excitement. Experience top-tier competition and unforgettable moments.",https://picsum.photos/seed/euro_event_401/800/600
"Get ready for a thrilling Wimbledon Championship taking place in Vienna, Austria! As one of the premier upcoming tennis events in Europe, this showcase promises world-class talent and non-stop excitement. Don't miss out on this spectacular European sports event.",https://picsum.photos/seed/euro_event_402/800/600
"Get ready for a action-packed Tour de France Stage taking place in Milan, Italy! As one of the premier upcoming cycling events in Europe, this showcase promises world-class talent and non-stop excitement. Find the latest tournament news, live streams, and match details.",https://picsum.photos/seed/euro_event_403/800/600
"Get ready for a unforgettable EuroLeague Basketball taking place in Lisbon, Portugal! As one of the premier upcoming basketball events in Europe, this showcase promises world-class talent and non-stop excitement. A must-watch for all sports enthusiasts and fans across Europe.",https://picsum.photos/seed/euro_event_404/800/600
"Get ready for a epic Tour de France Stage taking place in Vienna, Austria! As one of the premier upcoming cycling events in Europe, this showcase promises world-class talent and non-stop excitement. Don't miss out on this spectacular European sports event.",https://picsum.photos/seed/euro_event_405/800/600
"Get ready for a highly anticipated European Athletics Championships taking place in Vienna, Austria! As one of the premier upcoming athletics events in Europe, this showcase promises world-class talent and non-stop excitement. Stay tuned for live updates, highlights, and ticket information.",https://picsum.photos/seed/euro_event_406/800/600
"Get ready for a unforgettable Wimbledon Championship taking place in Lisbon, Portugal! As one of the premier upcoming tennis events in Europe, this showcase promises world-class talent and non-stop excitement. Don't miss out on this spectacular European sports event.",https://picsum.photos/seed/euro_event_407/800/600
"Get ready for a highly anticipated UEFA Champions League taking place in Athens, Greece! As one of the premier upcoming football events in Europe, this showcase promises world-class talent and non-stop excitement. A must-watch for all sports enthusiasts and fans across Europe.",https://picsum.photos/seed/euro_event_408/800/600
"Get ready for a massive Serie A Derby taking place in Monaco! As one of the premier upcoming football events in Europe, this showcase promises world-class talent and non-stop excitement. Check out the ultimate guide to this upcoming championship clash.",https://picsum.photos/seed/euro_event_409/800/600
"Get ready for a action-packed EuroLeague Basketball taking place in Barcelona, Spain! As one of the premier upcoming basketball events in Europe, this showcase promises world-class talent and non-stop excitement. A must-watch for all sports enthusiasts and fans across Europe.",https://picsum.photos/seed/euro_event_410/800/600
"Get ready for a unforgettable MotoGP European Round taking place in Munich, Germany! As one of the premier upcoming motorsport events in Europe, this showcase promises world-class talent and non-stop excitement. A must-watch for all sports enthusiasts and fans across Europe.",https://picsum.photos/seed/euro_event_411/800/600
"Get ready for a epic Roland Garros (French Open) taking place in Paris, France! As one of the premier upcoming tennis events in Europe, this showcase promises world-class talent and non-stop excitement. Stay tuned for live updates, highlights, and ticket information.",https://picsum.photos/seed/euro_event_412/800/600
"Get ready for a highly anticipated European Athletics Championships taking place in Madrid, Spain! As one of the premier upcoming athletics events in Europe, this showcase promises world-class talent and non-stop excitement. Experience top-tier competition and unforgettable moments.",https://picsum.photos/seed/euro_event_413/800/600
"Get ready for a massive MotoGP European Round taking place in Paris, France! As one of the premier upcoming motorsport events in Europe, this showcase promises world-class talent and non-stop excitement. Stay tuned for live updates, highlights, and ticket information.",https://picsum.photos/seed/euro_event_414/800/600
"Get ready for a intense EHF Champions League taking place in Milan, Italy! As one of the premier upcoming handball events in Europe, this showcase promises world-class talent and non-stop excitement. Experience top-tier competition and unforgettable moments.",https://picsum.photos/seed/euro_event_415/800/600
"Get ready for a breathtaking MotoGP European Round taking place in Lisbon, Portugal! As one of the premier upcoming motorsport events in Europe, this showcase promises world-class talent and non-stop excitement. Check out the ultimate guide to this upcoming championship clash.",https://picsum.photos/seed/euro_event_416/800/600
"Get ready for a historic EHF Champions League taking place in Lisbon, Portugal! As one of the premier upcoming handball events in Europe, this showcase promises world-class talent and non-stop excitement. Find the latest tournament news, live streams, and match details.",https://picsum.photos/seed/euro_event_417/800/600
"Get ready for a historic Bundesliga Clash taking place in Athens, Greece! As one of the premier upcoming football events in Europe, this showcase promises world-class talent and non-stop excitement. Don't miss out on this spectacular European sports event.",https://picsum.photos/seed/euro_event_418/800/600
"Get ready for a unforgettable MotoGP European Round taking place in Milan, Italy! As one of the premier upcoming motorsport events in Europe, this showcase promises world-class talent and non-stop excitement. Stay tuned for live updates, highlights, and ticket information.",https://picsum.photos/seed/euro_event_419/800/600
"Get ready for a unforgettable MotoGP European Round taking place in Rome, Italy! As one of the premier upcoming motorsport events in Europe, this showcase promises world-class talent and non-stop excitement. Don't miss out on this spectacular European sports event.",https://picsum.photos/seed/euro_event_420/800/600
"Get ready for a action-packed Six Nations Rugby taking place in Brussels, Belgium! As one of the premier upcoming rugby events in Europe, this showcase promises world-class talent and non-stop excitement. A must-watch for all sports enthusiasts and fans across Europe.",https://picsum.photos/seed/euro_event_421/800/600
"Get ready for a action-packed Bundesliga Clash taking place in Rome, Italy! As one of the premier upcoming football events in Europe, this showcase promises world-class talent and non-stop excitement. Stay tuned for live updates, highlights, and ticket information.",https://picsum.photos/seed/euro_event_422/800/600
"Get ready for a unforgettable La Liga Matchday taking place in Barcelona, Spain! As one of the premier upcoming football events in Europe, this showcase promises world-class talent and non-stop excitement. Don't miss out on this spectacular European sports event.",https://picsum.photos/seed/euro_event_423/800/600
"Get ready for a highly anticipated Roland Garros (French Open) taking place in Vienna, Austria! As one of the premier upcoming tennis events in Europe, this showcase promises world-class talent and non-stop excitement. A must-watch for all sports enthusiasts and fans across Europe.",https://picsum.photos/seed/euro_event_424/800/600
"Get ready for a epic European Athletics Championships taking place in Brussels, Belgium! As one of the premier upcoming athletics events in Europe, this showcase promises world-class talent and non-stop excitement. Experience top-tier competition and unforgettable moments.",https://picsum.photos/seed/euro_event_425/800/600
"Get ready for a intense European Athletics Championships taking place in Berlin, Germany! As one of the premier upcoming athletics events in Europe, this showcase promises world-class talent and non-stop excitement. Secure your tickets and check the full schedule.",https://picsum.photos/seed/euro_event_426/800/600
"Get ready for a thrilling Roland Garros (French Open) taking place in Madrid, Spain! As one of the premier upcoming tennis events in Europe, this showcase promises world-class talent and non-stop excitement. Find the latest tournament news, live streams, and match details.",https://picsum.photos/seed/euro_event_427/800/600
"Get ready for a crucial Formula 1 Grand Prix taking place in Lisbon, Portugal! As one of the premier upcoming motorsport events in Europe, this showcase promises world-class talent and non-stop excitement. Stay tuned for live updates, highlights, and ticket information.",https://picsum.photos/seed/euro_event_428/800/600
"Get ready for a action-packed EHF Champions League taking place in Madrid, Spain! As one of the premier upcoming handball events in Europe, this showcase promises world-class talent and non-stop excitement. A must-watch for all sports enthusiasts and fans across Europe.",https://picsum.photos/seed/euro_event_429/800/600
"Get ready for a unforgettable Six Nations Rugby taking place in Vienna, Austria! As one of the premier upcoming rugby events in Europe, this showcase promises world-class talent and non-stop excitement. Don't miss out on this spectacular European sports event.",https://picsum.photos/seed/euro_event_430/800/600
"Get ready for a intense MotoGP European Round taking place in Monaco! As one of the premier upcoming motorsport events in Europe, this showcase promises world-class talent and non-stop excitement. Experience top-tier competition and unforgettable moments.",https://picsum.photos/seed/euro_event_431/800/600
"Get ready for a action-packed UEFA Champions League taking place in Dublin, Ireland! As one of the premier upcoming football events in Europe, this showcase promises world-class talent and non-stop excitement. Check out the ultimate guide to this upcoming championship clash.",https://picsum.photos/seed/euro_event_432/800/600
"Get ready for a unforgettable UEFA Champions League taking place in Rome, Italy! As one of the premier upcoming football events in Europe, this showcase promises world-class talent and non-stop excitement. A must-watch for all sports enthusiasts and fans across Europe.",https://picsum.photos/seed/euro_event_433/800/600
"Get ready for a breathtaking Six Nations Rugby taking place in London, UK! As one of the premier upcoming rugby events in Europe, this showcase promises world-class talent and non-stop excitement. A must-watch for all sports enthusiasts and fans across Europe.",https://picsum.photos/seed/euro_event_434/800/600
"Get ready for a thrilling Six Nations Rugby taking place in Lisbon, Portugal! As one of the premier upcoming rugby events in Europe, this showcase promises world-class talent and non-stop excitement. Secure your tickets and check the full schedule.",https://picsum.photos/seed/euro_event_435/800/600
"Get ready for a historic Tour de France Stage taking place in Paris, France! As one of the premier upcoming cycling events in Europe, this showcase promises world-class talent and non-stop excitement. Stay tuned for live updates, highlights, and ticket information.",https://picsum.photos/seed/euro_event_436/800/600
"Get ready for a action-packed MotoGP European Round taking place in Madrid, Spain! As one of the premier upcoming motorsport events in Europe, this showcase promises world-class talent and non-stop excitement. Experience top-tier competition and unforgettable moments.",https://picsum.photos/seed/euro_event_437/800/600
"Get ready for a unforgettable Serie A Derby taking place in Lisbon, Portugal! As one of the premier upcoming football events in Europe, this showcase promises world-class talent and non-stop excitement. Don't miss out on this spectacular European sports event.",https://picsum.photos/seed/euro_event_438/800/600
"Get ready for a thrilling Roland Garros (French Open) taking place in Berlin, Germany! As one of the premier upcoming tennis events in Europe, this showcase promises world-class talent and non-stop excitement. Experience top-tier competition and unforgettable moments.",https://picsum.photos/seed/euro_event_439/800/600
"Get ready for a crucial Formula 1 Grand Prix taking place in Dublin, Ireland! As one of the premier upcoming motorsport events in Europe, this showcase promises world-class talent and non-stop excitement. Stay tuned for live updates, highlights, and ticket information.",https://picsum.photos/seed/euro_event_440/800/600
"Get ready for a breathtaking EuroLeague Basketball taking place in Lisbon, Portugal! As one of the premier upcoming basketball events in Europe, this showcase promises world-class talent and non-stop excitement. Don't miss out on this spectacular European sports event.",https://picsum.photos/seed/euro_event_441/800/600
"Get ready for a massive La Liga Matchday taking place in Rome, Italy! As one of the premier upcoming football events in Europe, this showcase promises world-class talent and non-stop excitement. Find the latest tournament news, live streams, and match details.",https://picsum.photos/seed/euro_event_442/800/600
"Get ready for a highly anticipated Wimbledon Championship taking place in Milan, Italy! As one of the premier upcoming tennis events in Europe, this showcase promises world-class talent and non-stop excitement. Stay tuned for live updates, highlights, and ticket information.",https://picsum.photos/seed/euro_event_443/800/600
"Get ready for a massive EHF Champions League taking place in Rome, Italy! As one of the premier upcoming handball events in Europe, this showcase promises world-class talent and non-stop excitement. Don't miss out on this spectacular European sports event.",https://picsum.photos/seed/euro_event_444/800/600
"Get ready for a epic Formula 1 Grand Prix taking place in Milan, Italy! As one of the premier upcoming motorsport events in Europe, this showcase promises world-class talent and non-stop excitement. Experience top-tier competition and unforgettable moments.",https://picsum.photos/seed/euro_event_445/800/600
"Get ready for a unforgettable EuroLeague Basketball taking place in Vienna, Austria! As one of the premier upcoming basketball events in Europe, this showcase promises world-class talent and non-stop excitement. Stay tuned for live updates, highlights, and ticket information.",https://picsum.photos/seed/euro_event_446/800/600
"Get ready for a unforgettable Roland Garros (French Open) taking place in Amsterdam, Netherlands! As one of the premier upcoming tennis events in Europe, this showcase promises world-class talent and non-stop excitement. Don't miss out on this spectacular European sports event.",https://picsum.photos/seed/euro_event_447/800/600
"Get ready for a thrilling La Liga Matchday taking place in Brussels, Belgium! As one of the premier upcoming football events in Europe, this showcase promises world-class talent and non-stop excitement. Experience top-tier competition and unforgettable moments.",https://picsum.photos/seed/euro_event_448/800/600
"Get ready for a intense European Athletics Championships taking place in Madrid, Spain! As one of the premier upcoming athletics events in Europe, this showcase promises world-class talent and non-stop excitement. A must-watch for all sports enthusiasts and fans across Europe.",https://picsum.photos/seed/euro_event_449/800/600
"Get ready for a highly anticipated European Athletics Championships taking place in Milan, Italy! As one of the premier upcoming athletics events in Europe, this showcase promises world-class talent and non-stop excitement. Secure your tickets and check the full schedule.",https://picsum.photos/seed/euro_event_450/800/600
"Get ready for a thrilling Formula 1 Grand Prix taking place in Barcelona, Spain! As one of the premier upcoming motorsport events in Europe, this showcase promises world-class talent and non-stop excitement. Check out the ultimate guide to this upcoming championship clash.",https://picsum.photos/seed/euro_event_451/800/600
"Get ready for a thrilling La Liga Matchday taking place in Brussels, Belgium! As one of the premier upcoming football events in Europe, this showcase promises world-class talent and non-stop excitement. Check out the ultimate guide to this upcoming championship clash.",https://picsum.photos/seed/euro_event_452/800/600
"Get ready for a highly anticipated English Premier League taking place in Rome, Italy! As one of the premier upcoming football events in Europe, this showcase promises world-class talent and non-stop excitement. Find the latest tournament news, live streams, and match details.",https://picsum.photos/seed/euro_event_453/800/600
"Get ready for a massive Six Nations Rugby taking place in Munich, Germany! As one of the premier upcoming rugby events in Europe, this showcase promises world-class talent and non-stop excitement. Stay tuned for live updates, highlights, and ticket information.",https://picsum.photos/seed/euro_event_454/800/600
"Get ready for a historic UEFA Champions League taking place in Munich, Germany! As one of the premier upcoming football events in Europe, this showcase promises world-class talent and non-stop excitement. Check out the ultimate guide to this upcoming championship clash.",https://picsum.photos/seed/euro_event_455/800/600
"Get ready for a thrilling EHF Champions League taking place in Milan, Italy! As one of the premier upcoming handball events in Europe, this showcase promises world-class talent and non-stop excitement. Experience top-tier competition and unforgettable moments.",https://picsum.photos/seed/euro_event_456/800/600
"Get ready for a unforgettable UEFA Champions League taking place in Brussels, Belgium! As one of the premier upcoming football events in Europe, this showcase promises world-class talent and non-stop excitement. Find the latest tournament news, live streams, and match details.",https://picsum.photos/seed/euro_event_457/800/600
"Get ready for a action-packed EuroLeague Basketball taking place in Amsterdam, Netherlands! As one of the premier upcoming basketball events in Europe, this showcase promises world-class talent and non-stop excitement. Secure your tickets and check the full schedule.",https://picsum.photos/seed/euro_event_458/800/600
"Get ready for a intense EHF Champions League taking place in Barcelona, Spain! As one of the premier upcoming handball events in Europe, this showcase promises world-class talent and non-stop excitement. Stay tuned for live updates, highlights, and ticket information.",https://picsum.photos/seed/euro_event_459/800/600
"Get ready for a intense English Premier League taking place in Brussels, Belgium! As one of the premier upcoming football events in Europe, this showcase promises world-class talent and non-stop excitement. A must-watch for all sports enthusiasts and fans across Europe.",https://picsum.photos/seed/euro_event_460/800/600
"Get ready for a breathtaking English Premier League taking place in Rome, Italy! As one of the premier upcoming football events in Europe, this showcase promises world-class talent and non-stop excitement. Don't miss out on this spectacular European sports event.",https://picsum.photos/seed/euro_event_461/800/600
"Get ready for a intense English Premier League taking place in Munich, Germany! As one of the premier upcoming football events in Europe, this showcase promises world-class talent and non-stop excitement. Experience top-tier competition and unforgettable moments.",https://picsum.photos/seed/euro_event_462/800/600
"Get ready for a epic Bundesliga Clash taking place in London, UK! As one of the premier upcoming football events in Europe, this showcase promises world-class talent and non-stop excitement. Stay tuned for live updates, highlights, and ticket information.",https://picsum.photos/seed/euro_event_463/800/600
"Get ready for a crucial La Liga Matchday taking place in Munich, Germany! As one of the premier upcoming football events in Europe, this showcase promises world-class talent and non-stop excitement. Stay tuned for live updates, highlights, and ticket information.",https://picsum.photos/seed/euro_event_464/800/600
"Get ready for a highly anticipated Wimbledon Championship taking place in Munich, Germany! As one of the premier upcoming tennis events in Europe, this showcase promises world-class talent and non-stop excitement. A must-watch for all sports enthusiasts and fans across Europe.",https://picsum.photos/seed/euro_event_465/800/600
"Get ready for a intense Bundesliga Clash taking place in Vienna, Austria! As one of the premier upcoming football events in Europe, this showcase promises world-class talent and non-stop excitement. Check out the ultimate guide to this upcoming championship clash.",https://picsum.photos/seed/euro_event_466/800/600
"Get ready for a epic Wimbledon Championship taking place in Athens, Greece! As one of the premier upcoming tennis events in Europe, this showcase promises world-class talent and non-stop excitement. Experience top-tier competition and unforgettable moments.",https://picsum.photos/seed/euro_event_467/800/600
"Get ready for a intense English Premier League taking place in Lisbon, Portugal! As one of the premier upcoming football events in Europe, this showcase promises world-class talent and non-stop excitement. Check out the ultimate guide to this upcoming championship clash.",https://picsum.photos/seed/euro_event_468/800/600
"Get ready for a epic EHF Champions League taking place in Berlin, Germany! As one of the premier upcoming handball events in Europe, this showcase promises world-class talent and non-stop excitement. Stay tuned for live updates, highlights, and ticket information.",https://picsum.photos/seed/euro_event_469/800/600
"Get ready for a breathtaking Wimbledon Championship taking place in Milan, Italy! As one of the premier upcoming tennis events in Europe, this showcase promises world-class talent and non-stop excitement. Stay tuned for live updates, highlights, and ticket information.",https://picsum.photos/seed/euro_event_470/800/600
"Get ready for a crucial EHF Champions League taking place in Madrid, Spain! As one of the premier upcoming handball events in Europe, this showcase promises world-class talent and non-stop excitement. Check out the ultimate guide to this upcoming championship clash.",https://picsum.photos/seed/euro_event_471/800/600
"Get ready for a thrilling Bundesliga Clash taking place in Munich, Germany! As one of the premier upcoming football events in Europe, this showcase promises world-class talent and non-stop excitement. Find the latest tournament news, live streams, and match details.",https://picsum.photos/seed/euro_event_472/800/600
"Get ready for a breathtaking English Premier League taking place in Rome, Italy! As one of the premier upcoming football events in Europe, this showcase promises world-class talent and non-stop excitement. A must-watch for all sports enthusiasts and fans across Europe.",https://picsum.photos/seed/euro_event_473/800/600
"Get ready for a crucial EuroLeague Basketball taking place in Berlin, Germany! As one of the premier upcoming basketball events in Europe, this showcase promises world-class talent and non-stop excitement. Experience top-tier competition and unforgettable moments.",https://picsum.photos/seed/euro_event_474/800/600
"Get ready for a crucial EuroLeague Basketball taking place in Dublin, Ireland! As one of the premier upcoming basketball events in Europe, this showcase promises world-class talent and non-stop excitement. Secure your tickets and check the full schedule.",https://picsum.photos/seed/euro_event_475/800/600
"Get ready for a action-packed La Liga Matchday taking place in Lisbon, Portugal! As one of the premier upcoming football events in Europe, this showcase promises world-class talent and non-stop excitement. Find the latest tournament news, live streams, and match details.",https://picsum.photos/seed/euro_event_476/800/600
"Get ready for a thrilling MotoGP European Round taking place in Paris, France! As one of the premier upcoming motorsport events in Europe, this showcase promises world-class talent and non-stop excitement. Stay tuned for live updates, highlights, and ticket information.",https://picsum.photos/seed/euro_event_477/800/600
"Get ready for a epic Serie A Derby taking place in Milan, Italy! As one of the premier upcoming football events in Europe, this showcase promises world-class talent and non-stop excitement. Stay tuned for live updates, highlights, and ticket information.",https://picsum.photos/seed/euro_event_478/800/600
"Get ready for a historic Formula 1 Grand Prix taking place in Madrid, Spain! As one of the premier upcoming motorsport events in Europe, this showcase promises world-class talent and non-stop excitement. Stay tuned for live updates, highlights, and ticket information.",https://picsum.photos/seed/euro_event_479/800/600
"Get ready for a action-packed EHF Champions League taking place in Athens, Greece! As one of the premier upcoming handball events in Europe, this showcase promises world-class talent and non-stop excitement. Don't miss out on this spectacular European sports event.",https://picsum.photos/seed/euro_event_480/800/600
"Get ready for a massive La Liga Matchday taking place in Amsterdam, Netherlands! As one of the premier upcoming football events in Europe, this showcase promises world-class talent and non-stop excitement. Experience top-tier competition and unforgettable moments.",https://picsum.photos/seed/euro_event_481/800/600
"Get ready for a epic EHF Champions League taking place in Dublin, Ireland! As one of the premier upcoming handball events in Europe, this showcase promises world-class talent and non-stop excitement. Experience top-tier competition and unforgettable moments.",https://picsum.photos/seed/euro_event_482/800/600
"Get ready for a epic MotoGP European Round taking place in Dublin, Ireland! As one of the premier upcoming motorsport events in Europe, this showcase promises world-class talent and non-stop excitement. Stay tuned for live updates, highlights, and ticket information.",https://picsum.photos/seed/euro_event_483/800/600
"Get ready for a thrilling English Premier League taking place in Athens, Greece! As one of the premier upcoming football events in Europe, this showcase promises world-class talent and non-stop excitement. Find the latest tournament news, live streams, and match details.",https://picsum.photos/seed/euro_event_484/800/600
"Get ready for a crucial Roland Garros (French Open) taking place in Rome, Italy! As one of the premier upcoming tennis events in Europe, this showcase promises world-class talent and non-stop excitement. Stay tuned for live updates, highlights, and ticket information.",https://picsum.photos/seed/euro_event_485/800/600
"Get ready for a historic Six Nations Rugby taking place in Lisbon, Portugal! As one of the premier upcoming rugby events in Europe, this showcase promises world-class talent and non-stop excitement. Secure your tickets and check the full schedule.",https://picsum.photos/seed/euro_event_486/800/600
"Get ready for a unforgettable EuroLeague Basketball taking place in Barcelona, Spain! As one of the premier upcoming basketball events in Europe, this showcase promises world-class talent and non-stop excitement. Experience top-tier competition and unforgettable moments.",https://picsum.photos/seed/euro_event_487/800/600
"Get ready for a thrilling UEFA Champions League taking place in Brussels, Belgium! As one of the premier upcoming football events in Europe, this showcase promises world-class talent and non-stop excitement. Stay tuned for live updates, highlights, and ticket information.",https://picsum.photos/seed/euro_event_488/800/600
"Get ready for a crucial English Premier League taking place in Monaco! As one of the premier upcoming football events in Europe, this showcase promises world-class talent and non-stop excitement. Secure your tickets and check the full schedule.",https://picsum.photos/seed/euro_event_489/800/600
"Get ready for a massive Tour de France Stage taking place in Rome, Italy! As one of the premier upcoming cycling events in Europe, this showcase promises world-class talent and non-stop excitement. Don't miss out on this spectacular European sports event.",https://picsum.photos/seed/euro_event_490/800/600
"Get ready for a action-packed UEFA Champions League taking place in Monaco! As one of the premier upcoming football events in Europe, this showcase promises world-class talent and non-stop excitement. A must-watch for all sports enthusiasts and fans across Europe.",https://picsum.photos/seed/euro_event_491/800/600
"Get ready for a massive UEFA Champions League taking place in Berlin, Germany! As one of the premier upcoming football events in Europe, this showcase promises world-class talent and non-stop excitement. A must-watch for all sports enthusiasts and fans across Europe.",https://picsum.photos/seed/euro_event_492/800/600
"Get ready for a intense EHF Champions League taking place in Athens, Greece! As one of the premier upcoming handball events in Europe, this showcase promises world-class talent and non-stop excitement. A must-watch for all sports enthusiasts and fans across Europe.",https://picsum.photos/seed/euro_event_493/800/600
"Get ready for a unforgettable Bundesliga Clash taking place in Athens, Greece! As one of the premier upcoming football events in Europe, this showcase promises world-class talent and non-stop excitement. A must-watch for all sports enthusiasts and fans across Europe.",https://picsum.photos/seed/euro_event_494/800/600
"Get ready for a action-packed Bundesliga Clash taking place in London, UK! As one of the premier upcoming football events in Europe, this showcase promises world-class talent and non-stop excitement. Check out the ultimate guide to this upcoming championship clash.",https://picsum.photos/seed/euro_event_495/800/600
"Get ready for a action-packed EuroLeague Basketball taking place in Berlin, Germany! As one of the premier upcoming basketball events in Europe, this showcase promises world-class talent and non-stop excitement. Check out the ultimate guide to this upcoming championship clash.",https://picsum.photos/seed/euro_event_496/800/600
"Get ready for a unforgettable Roland Garros (French Open) taking place in Vienna, Austria! As one of the premier upcoming tennis events in Europe, this showcase promises world-class talent and non-stop excitement. A must-watch for all sports enthusiasts and fans across Europe.",https://picsum.photos/seed/euro_event_497/800/600
"Get ready for a crucial Tour de France Stage taking place in London, UK! As one of the premier upcoming cycling events in Europe, this showcase promises world-class talent and non-stop excitement. Secure your tickets and check the full schedule.",https://picsum.photos/seed/euro_event_498/800/600
"Get ready for a crucial La Liga Matchday taking place in Brussels, Belgium! As one of the premier upcoming football events in Europe, this showcase promises world-class talent and non-stop excitement. Experience top-tier competition and unforgettable moments.",https://picsum.photos/seed/euro_event_499/800/600
"Get ready for a action-packed European Athletics Championships taking place in Munich, Germany! As one of the premier upcoming athletics events in Europe, this showcase promises world-class talent and non-stop excitement. Don't miss out on this spectacular European sports event.",https://picsum.photos/seed/euro_event_500/800/600
